run_id,schema_version,fusion_trace_id,parent_trace_id,sensor,sensor_kind,frame_time_ns,sensor_ts_ns,object_count,is_main_sensor
202607171107,e2e_trace_v3,17293882634220339659,216232847231418822,radar_front,radar,1784257673019788522,1784257673019788522,0,0
202607171107,e2e_trace_v3,17293882634220339659,72117659155562962,velodyne64,lidar,1784257673019788522,1784257673019788522,0,1
202607171107,e2e_trace_v3,17293882634220339660,216232847231418823,radar_front,radar,1784257673147214817,1784257673147214817,0,0
202607171107,e2e_trace_v3,17293882634220339660,72117659155562963,velodyne64,lidar,1784257673147214817,1784257673147214817,0,1
202607171107,e2e_trace_v3,17293882634220339661,216232847231418824,radar_front,radar,1784257673267488694,1784257673267488694,0,0
202607171107,e2e_trace_v3,17293882634220339661,72117659155562964,velodyne64,lidar,1784257673267488694,1784257673267488694,0,1
202607171107,e2e_trace_v3,17293882634220339662,216232847231418825,radar_front,radar,1784257673376635142,1784257673376635142,0,0
202607171107,e2e_trace_v3,17293882634220339662,72117659155562965,velodyne64,lidar,1784257673376635142,1784257673376635142,0,1
202607171107,e2e_trace_v3,17293882634220339663,216232847231418826,radar_front,radar,1784257673502046177,1784257673502046177,0,0
202607171107,e2e_trace_v3,17293882634220339663,72117659155562966,velodyne64,lidar,1784257673502046177,1784257673502046177,0,1
202607171107,e2e_trace_v3,17293882634220339664,216232847231418826,radar_front,radar,1784257673614333186,1784257673614333186,0,0
202607171107,e2e_trace_v3,17293882634220339664,72117659155562967,velodyne64,lidar,1784257673614333186,1784257673614333186,0,1
202607171107,e2e_trace_v3,17293882634220339665,216232847231418827,radar_front,radar,1784257673719948375,1784257673719948375,0,0
202607171107,e2e_trace_v3,17293882634220339665,72117659155562968,velodyne64,lidar,1784257673719948375,1784257673719948375,0,1
202607171107,e2e_trace_v3,17293882634220339666,216232847231418828,radar_front,radar,1784257673827538619,1784257673827538619,1,0
202607171107,e2e_trace_v3,17293882634220339666,72117659155562969,velodyne64,lidar,1784257673827538619,1784257673827538619,1,1
202607171107,e2e_trace_v3,17293882634220339667,216232847231418829,radar_front,radar,1784257673940150247,1784257673940150247,2,0
202607171107,e2e_trace_v3,17293882634220339667,72117659155562970,velodyne64,lidar,1784257673940150247,1784257673940150247,2,1
202607171107,e2e_trace_v3,17293882634220339668,216232847231418830,radar_front,radar,1784257674048074439,1784257674048074439,1,0
202607171107,e2e_trace_v3,17293882634220339668,72117659155562971,velodyne64,lidar,1784257674048074439,1784257674048074439,1,1
202607171107,e2e_trace_v3,17293882634220339669,216232847231418831,radar_front,radar,1784257674159364491,1784257674159364491,2,0
202607171107,e2e_trace_v3,17293882634220339669,72117659155562972,velodyne64,lidar,1784257674159364491,1784257674159364491,2,1
202607171107,e2e_trace_v3,17293882634220339670,216232847231418832,radar_front,radar,1784257674268977632,1784257674268977632,1,0
202607171107,e2e_trace_v3,17293882634220339670,72117659155562973,velodyne64,lidar,1784257674268977632,1784257674268977632,1,1
202607171107,e2e_trace_v3,17293882634220339671,216232847231418833,radar_front,radar,1784257674378013767,1784257674378013767,0,0
202607171107,e2e_trace_v3,17293882634220339671,72117659155562974,velodyne64,lidar,1784257674378013767,1784257674378013767,0,1
202607171107,e2e_trace_v3,17293882634220339672,216232847231418834,radar_front,radar,1784257674489414282,1784257674489414282,4,0
202607171107,e2e_trace_v3,17293882634220339672,72117659155562975,velodyne64,lidar,1784257674489414282,1784257674489414282,4,1
202607171107,e2e_trace_v3,17293882634220339673,216232847231418835,radar_front,radar,1784257674596745682,1784257674596745682,1,0
202607171107,e2e_trace_v3,17293882634220339673,72117659155562976,velodyne64,lidar,1784257674596745682,1784257674596745682,1,1
202607171107,e2e_trace_v3,17293882634220339674,216232847231418835,radar_front,radar,1784257674711580282,1784257674711580282,0,0
202607171107,e2e_trace_v3,17293882634220339674,72117659155562977,velodyne64,lidar,1784257674711580282,1784257674711580282,0,1
202607171107,e2e_trace_v3,17293882634220339675,216232847231418836,radar_front,radar,1784257674820956349,1784257674820956349,1,0
202607171107,e2e_trace_v3,17293882634220339675,72117659155562978,velodyne64,lidar,1784257674820956349,1784257674820956349,1,1
202607171107,e2e_trace_v3,17293882634220339676,216232847231418837,radar_front,radar,1784257674952914503,1784257674952914503,1,0
202607171107,e2e_trace_v3,17293882634220339676,72117659155562979,velodyne64,lidar,1784257674952914503,1784257674952914503,1,1
202607171107,e2e_trace_v3,17293882634220339677,216232847231418838,radar_front,radar,1784257675060882267,1784257675060882267,0,0
202607171107,e2e_trace_v3,17293882634220339677,72117659155562980,velodyne64,lidar,1784257675060882267,1784257675060882267,0,1
202607171107,e2e_trace_v3,17293882634220339678,216232847231418839,radar_front,radar,1784257675170974570,1784257675170974570,1,0
202607171107,e2e_trace_v3,17293882634220339678,72117659155562981,velodyne64,lidar,1784257675170974570,1784257675170974570,1,1
202607171107,e2e_trace_v3,17293882634220339679,216232847231418839,radar_front,radar,1784257675281453246,1784257675281453246,1,0
202607171107,e2e_trace_v3,17293882634220339679,72117659155562982,velodyne64,lidar,1784257675281453246,1784257675281453246,1,1
202607171107,e2e_trace_v3,17293882634220339680,72117659155562983,velodyne64,lidar,1784257675392433607,1784257675392433607,1,1
202607171107,e2e_trace_v3,17293882634220339681,216232847231418840,radar_front,radar,1784257675502431639,1784257675502431639,0,0
202607171107,e2e_trace_v3,17293882634220339681,72117659155562984,velodyne64,lidar,1784257675502431639,1784257675502431639,0,1
202607171107,e2e_trace_v3,17293882634220339682,216232847231418841,radar_front,radar,1784257675617215309,1784257675617215309,0,0
202607171107,e2e_trace_v3,17293882634220339682,72117659155562985,velodyne64,lidar,1784257675617215309,1784257675617215309,0,1
202607171107,e2e_trace_v3,17293882634220339683,216232847231418842,radar_front,radar,1784257675732938619,1784257675732938619,1,0
202607171107,e2e_trace_v3,17293882634220339683,72117659155562986,velodyne64,lidar,1784257675732938619,1784257675732938619,1,1
202607171107,e2e_trace_v3,17293882634220339684,216232847231418843,radar_front,radar,1784257675843595073,1784257675843595073,1,0
202607171107,e2e_trace_v3,17293882634220339684,72117659155562987,velodyne64,lidar,1784257675843595073,1784257675843595073,1,1
202607171107,e2e_trace_v3,17293882634220339685,216232847231418844,radar_front,radar,1784257675945976733,1784257675945976733,1,0
202607171107,e2e_trace_v3,17293882634220339685,72117659155562988,velodyne64,lidar,1784257675945976733,1784257675945976733,1,1
202607171107,e2e_trace_v3,17293882634220339686,216232847231418844,radar_front,radar,1784257676067061199,1784257676067061199,0,0
202607171107,e2e_trace_v3,17293882634220339686,72117659155562989,velodyne64,lidar,1784257676067061199,1784257676067061199,0,1
202607171107,e2e_trace_v3,17293882634220339687,72117659155562990,velodyne64,lidar,1784257676173014020,1784257676173014020,0,1
202607171107,e2e_trace_v3,17293882634220339688,216232847231418845,radar_front,radar,1784257676276540856,1784257676276540856,1,0
202607171107,e2e_trace_v3,17293882634220339688,72117659155562991,velodyne64,lidar,1784257676276540856,1784257676276540856,1,1
202607171107,e2e_trace_v3,17293882634220339689,216232847231418846,radar_front,radar,1784257676386884347,1784257676386884347,1,0
202607171107,e2e_trace_v3,17293882634220339689,72117659155562992,velodyne64,lidar,1784257676386884347,1784257676386884347,1,1
202607171107,e2e_trace_v3,17293882634220339690,216232847231418847,radar_front,radar,1784257676493918424,1784257676493918424,0,0
202607171107,e2e_trace_v3,17293882634220339690,72117659155562993,velodyne64,lidar,1784257676493918424,1784257676493918424,0,1
202607171107,e2e_trace_v3,17293882634220339691,216232847231418848,radar_front,radar,1784257676602309483,1784257676602309483,0,0
202607171107,e2e_trace_v3,17293882634220339691,72117659155562994,velodyne64,lidar,1784257676602309483,1784257676602309483,0,1
202607171107,e2e_trace_v3,17293882634220339692,216232847231418848,radar_front,radar,1784257676708214734,1784257676708214734,1,0
202607171107,e2e_trace_v3,17293882634220339692,72117659155562995,velodyne64,lidar,1784257676708214734,1784257676708214734,1,1
202607171107,e2e_trace_v3,17293882634220339693,216232847231418849,radar_front,radar,1784257676816446200,1784257676816446200,1,0
202607171107,e2e_trace_v3,17293882634220339693,72117659155562996,velodyne64,lidar,1784257676816446200,1784257676816446200,1,1
202607171107,e2e_trace_v3,17293882634220339694,216232847231418850,radar_front,radar,1784257676932698382,1784257676932698382,0,0
202607171107,e2e_trace_v3,17293882634220339694,72117659155562997,velodyne64,lidar,1784257676932698382,1784257676932698382,0,1
202607171107,e2e_trace_v3,17293882634220339695,216232847231418851,radar_front,radar,1784257677047773310,1784257677047773310,1,0
202607171107,e2e_trace_v3,17293882634220339695,72117659155562998,velodyne64,lidar,1784257677047773310,1784257677047773310,1,1
202607171107,e2e_trace_v3,17293882634220339696,216232847231418852,radar_front,radar,1784257677155048215,1784257677155048215,0,0
202607171107,e2e_trace_v3,17293882634220339696,72117659155562999,velodyne64,lidar,1784257677155048215,1784257677155048215,0,1
202607171107,e2e_trace_v3,17293882634220339697,216232847231418853,radar_front,radar,1784257677264140552,1784257677264140552,0,0
202607171107,e2e_trace_v3,17293882634220339697,72117659155563000,velodyne64,lidar,1784257677264140552,1784257677264140552,0,1
202607171107,e2e_trace_v3,17293882634220339698,216232847231418854,radar_front,radar,1784257677375428817,1784257677375428817,1,0
202607171107,e2e_trace_v3,17293882634220339698,72117659155563001,velodyne64,lidar,1784257677375428817,1784257677375428817,1,1
202607171107,e2e_trace_v3,17293882634220339699,216232847231418855,radar_front,radar,1784257677485625740,1784257677485625740,0,0
202607171107,e2e_trace_v3,17293882634220339699,72117659155563002,velodyne64,lidar,1784257677485625740,1784257677485625740,0,1
202607171107,e2e_trace_v3,17293882634220339700,216232847231418855,radar_front,radar,1784257677594982161,1784257677594982161,0,0
202607171107,e2e_trace_v3,17293882634220339700,72117659155563003,velodyne64,lidar,1784257677594982161,1784257677594982161,0,1
202607171107,e2e_trace_v3,17293882634220339701,72117659155563004,velodyne64,lidar,1784257677700712220,1784257677700712220,0,1
202607171107,e2e_trace_v3,17293882634220339702,216232847231418856,radar_front,radar,1784257677808219527,1784257677808219527,0,0
202607171107,e2e_trace_v3,17293882634220339702,72117659155563005,velodyne64,lidar,1784257677808219527,1784257677808219527,0,1
202607171107,e2e_trace_v3,17293882634220339703,216232847231418857,radar_front,radar,1784257677916442789,1784257677916442789,0,0
202607171107,e2e_trace_v3,17293882634220339703,72117659155563006,velodyne64,lidar,1784257677916442789,1784257677916442789,0,1
202607171107,e2e_trace_v3,17293882634220339704,216232847231418858,radar_front,radar,1784257678028446177,1784257678028446177,0,0
202607171107,e2e_trace_v3,17293882634220339704,72117659155563007,velodyne64,lidar,1784257678028446177,1784257678028446177,0,1
202607171107,e2e_trace_v3,17293882634220339705,216232847231418859,radar_front,radar,1784257678147256397,1784257678147256397,0,0
202607171107,e2e_trace_v3,17293882634220339705,72117659155563008,velodyne64,lidar,1784257678147256397,1784257678147256397,0,1
202607171107,e2e_trace_v3,17293882634220339706,216232847231418860,radar_front,radar,1784257678262252134,1784257678262252134,1,0
202607171107,e2e_trace_v3,17293882634220339706,72117659155563009,velodyne64,lidar,1784257678262252134,1784257678262252134,1,1
202607171107,e2e_trace_v3,17293882634220339707,216232847231418861,radar_front,radar,1784257678377635932,1784257678377635932,0,0
202607171107,e2e_trace_v3,17293882634220339707,72117659155563010,velodyne64,lidar,1784257678377635932,1784257678377635932,0,1
202607171107,e2e_trace_v3,17293882634220339708,216232847231418861,radar_front,radar,1784257678493648167,1784257678493648167,0,0
202607171107,e2e_trace_v3,17293882634220339708,72117659155563011,velodyne64,lidar,1784257678493648167,1784257678493648167,0,1
202607171107,e2e_trace_v3,17293882634220339709,216232847231418862,radar_front,radar,1784257678600443297,1784257678600443297,0,0
202607171107,e2e_trace_v3,17293882634220339709,72117659155563012,velodyne64,lidar,1784257678600443297,1784257678600443297,0,1
202607171107,e2e_trace_v3,17293882634220339710,216232847231418863,radar_front,radar,1784257678739360713,1784257678739360713,0,0
202607171107,e2e_trace_v3,17293882634220339710,72117659155563013,velodyne64,lidar,1784257678739360713,1784257678739360713,0,1
202607171107,e2e_trace_v3,17293882634220339711,216232847231418864,radar_front,radar,1784257678860327842,1784257678860327842,0,0
202607171107,e2e_trace_v3,17293882634220339711,72117659155563014,velodyne64,lidar,1784257678860327842,1784257678860327842,0,1
202607171107,e2e_trace_v3,17293882634220339712,216232847231418865,radar_front,radar,1784257678989932563,1784257678989932563,0,0
202607171107,e2e_trace_v3,17293882634220339712,72117659155563015,velodyne64,lidar,1784257678989932563,1784257678989932563,0,1
202607171107,e2e_trace_v3,17293882634220339713,216232847231418866,radar_front,radar,1784257679100800649,1784257679100800649,0,0
202607171107,e2e_trace_v3,17293882634220339713,72117659155563016,velodyne64,lidar,1784257679100800649,1784257679100800649,0,1
202607171107,e2e_trace_v3,17293882634220339714,216232847231418867,radar_front,radar,1784257679212132811,1784257679212132811,0,0
202607171107,e2e_trace_v3,17293882634220339714,72117659155563017,velodyne64,lidar,1784257679212132811,1784257679212132811,0,1
202607171107,e2e_trace_v3,17293882634220339715,216232847231418869,radar_front,radar,1784257679325379997,1784257679325379997,0,0
202607171107,e2e_trace_v3,17293882634220339715,72117659155563018,velodyne64,lidar,1784257679325379997,1784257679325379997,0,1
202607171107,e2e_trace_v3,17293882634220339716,216232847231418870,radar_front,radar,1784257679438996475,1784257679438996475,0,0
202607171107,e2e_trace_v3,17293882634220339716,72117659155563019,velodyne64,lidar,1784257679438996475,1784257679438996475,0,1
202607171107,e2e_trace_v3,17293882634220339717,216232847231418871,radar_front,radar,1784257679549569647,1784257679549569647,0,0
202607171107,e2e_trace_v3,17293882634220339717,72117659155563020,velodyne64,lidar,1784257679549569647,1784257679549569647,0,1
202607171107,e2e_trace_v3,17293882634220339718,216232847231418872,radar_front,radar,1784257679657903518,1784257679657903518,0,0
202607171107,e2e_trace_v3,17293882634220339718,72117659155563021,velodyne64,lidar,1784257679657903518,1784257679657903518,0,1
202607171107,e2e_trace_v3,17293882634220339719,216232847231418872,radar_front,radar,1784257679767898097,1784257679767898097,0,0
202607171107,e2e_trace_v3,17293882634220339719,72117659155563022,velodyne64,lidar,1784257679767898097,1784257679767898097,0,1
202607171107,e2e_trace_v3,17293882634220339720,216232847231418873,radar_front,radar,1784257679875956431,1784257679875956431,0,0
202607171107,e2e_trace_v3,17293882634220339720,72117659155563023,velodyne64,lidar,1784257679875956431,1784257679875956431,0,1
202607171107,e2e_trace_v3,17293882634220339721,216232847231418874,radar_front,radar,1784257680014165399,1784257680014165399,0,0
202607171107,e2e_trace_v3,17293882634220339721,72117659155563024,velodyne64,lidar,1784257680014165399,1784257680014165399,0,1
202607171107,e2e_trace_v3,17293882634220339722,216232847231418875,radar_front,radar,1784257680123433567,1784257680123433567,0,0
202607171107,e2e_trace_v3,17293882634220339722,72117659155563025,velodyne64,lidar,1784257680123433567,1784257680123433567,0,1
202607171107,e2e_trace_v3,17293882634220339723,216232847231418876,radar_front,radar,1784257680233795024,1784257680233795024,0,0
202607171107,e2e_trace_v3,17293882634220339723,72117659155563026,velodyne64,lidar,1784257680233795024,1784257680233795024,0,1
202607171107,e2e_trace_v3,17293882634220339724,216232847231418876,radar_front,radar,1784257680344632238,1784257680344632238,0,0
202607171107,e2e_trace_v3,17293882634220339724,72117659155563027,velodyne64,lidar,1784257680344632238,1784257680344632238,0,1
202607171107,e2e_trace_v3,17293882634220339725,216232847231418878,radar_front,radar,1784257680455654277,1784257680455654277,0,0
202607171107,e2e_trace_v3,17293882634220339725,72117659155563028,velodyne64,lidar,1784257680455654277,1784257680455654277,0,1
202607171107,e2e_trace_v3,17293882634220339726,216232847231418879,radar_front,radar,1784257680565770856,1784257680565770856,0,0
202607171107,e2e_trace_v3,17293882634220339726,72117659155563029,velodyne64,lidar,1784257680565770856,1784257680565770856,0,1
202607171107,e2e_trace_v3,17293882634220339727,216232847231418881,radar_front,radar,1784257680671230060,1784257680671230060,0,0
202607171107,e2e_trace_v3,17293882634220339727,72117659155563030,velodyne64,lidar,1784257680671230060,1784257680671230060,0,1
202607171107,e2e_trace_v3,17293882634220339728,216232847231418882,radar_front,radar,1784257680774947881,1784257680774947881,0,0
202607171107,e2e_trace_v3,17293882634220339728,72117659155563031,velodyne64,lidar,1784257680774947881,1784257680774947881,0,1
202607171107,e2e_trace_v3,17293882634220339729,216232847231418882,radar_front,radar,1784257680883767567,1784257680883767567,0,0
202607171107,e2e_trace_v3,17293882634220339729,72117659155563032,velodyne64,lidar,1784257680883767567,1784257680883767567,0,1
202607171107,e2e_trace_v3,17293882634220339730,216232847231418883,radar_front,radar,1784257680993461528,1784257680993461528,0,0
202607171107,e2e_trace_v3,17293882634220339730,72117659155563033,velodyne64,lidar,1784257680993461528,1784257680993461528,0,1
202607171107,e2e_trace_v3,17293882634220339731,216232847231418884,radar_front,radar,1784257681104821979,1784257681104821979,0,0
202607171107,e2e_trace_v3,17293882634220339731,72117659155563034,velodyne64,lidar,1784257681104821979,1784257681104821979,0,1
202607171107,e2e_trace_v3,17293882634220339732,216232847231418885,radar_front,radar,1784257681213536138,1784257681213536138,0,0
202607171107,e2e_trace_v3,17293882634220339732,72117659155563035,velodyne64,lidar,1784257681213536138,1784257681213536138,0,1
202607171107,e2e_trace_v3,17293882634220339733,216232847231418887,radar_front,radar,1784257681333656564,1784257681333656564,0,0
202607171107,e2e_trace_v3,17293882634220339733,72117659155563036,velodyne64,lidar,1784257681333656564,1784257681333656564,0,1
202607171107,e2e_trace_v3,17293882634220339734,216232847231418889,radar_front,radar,1784257681450139486,1784257681450139486,0,0
202607171107,e2e_trace_v3,17293882634220339734,72117659155563037,velodyne64,lidar,1784257681450139486,1784257681450139486,0,1
202607171107,e2e_trace_v3,17293882634220339735,216232847231418891,radar_front,radar,1784257681554983078,1784257681554983078,0,0
202607171107,e2e_trace_v3,17293882634220339735,72117659155563038,velodyne64,lidar,1784257681554983078,1784257681554983078,0,1
202607171107,e2e_trace_v3,17293882634220339736,216232847231418892,radar_front,radar,1784257681661773712,1784257681661773712,0,0
202607171107,e2e_trace_v3,17293882634220339736,72117659155563039,velodyne64,lidar,1784257681661773712,1784257681661773712,0,1
202607171107,e2e_trace_v3,17293882634220339737,216232847231418893,radar_front,radar,1784257681769272379,1784257681769272379,0,0
202607171107,e2e_trace_v3,17293882634220339737,72117659155563040,velodyne64,lidar,1784257681769272379,1784257681769272379,0,1
202607171107,e2e_trace_v3,17293882634220339738,216232847231418893,radar_front,radar,1784257681892187438,1784257681892187438,0,0
202607171107,e2e_trace_v3,17293882634220339738,72117659155563041,velodyne64,lidar,1784257681892187438,1784257681892187438,0,1
202607171107,e2e_trace_v3,17293882634220339739,216232847231418895,radar_front,radar,1784257682000666543,1784257682000666543,0,0
202607171107,e2e_trace_v3,17293882634220339739,72117659155563042,velodyne64,lidar,1784257682000666543,1784257682000666543,0,1
202607171107,e2e_trace_v3,17293882634220339740,216232847231418895,radar_front,radar,1784257682108829914,1784257682108829914,0,0
202607171107,e2e_trace_v3,17293882634220339740,72117659155563043,velodyne64,lidar,1784257682108829914,1784257682108829914,0,1
202607171107,e2e_trace_v3,17293882634220339741,216232847231418897,radar_front,radar,1784257682216742939,1784257682216742939,0,0
202607171107,e2e_trace_v3,17293882634220339741,72117659155563044,velodyne64,lidar,1784257682216742939,1784257682216742939,0,1
202607171107,e2e_trace_v3,17293882634220339742,216232847231418898,radar_front,radar,1784257682323235286,1784257682323235286,0,0
202607171107,e2e_trace_v3,17293882634220339742,72117659155563045,velodyne64,lidar,1784257682323235286,1784257682323235286,0,1
202607171107,e2e_trace_v3,17293882634220339743,216232847231418899,radar_front,radar,1784257682430342407,1784257682430342407,0,0
202607171107,e2e_trace_v3,17293882634220339743,72117659155563046,velodyne64,lidar,1784257682430342407,1784257682430342407,0,1
202607171107,e2e_trace_v3,17293882634220339744,216232847231418899,radar_front,radar,1784257682538630898,1784257682538630898,0,0
202607171107,e2e_trace_v3,17293882634220339744,72117659155563047,velodyne64,lidar,1784257682538630898,1784257682538630898,0,1
202607171107,e2e_trace_v3,17293882634220339745,216232847231418900,radar_front,radar,1784257682652905605,1784257682652905605,0,0
202607171107,e2e_trace_v3,17293882634220339745,72117659155563048,velodyne64,lidar,1784257682652905605,1784257682652905605,0,1
202607171107,e2e_trace_v3,17293882634220339746,216232847231418901,radar_front,radar,1784257682759205839,1784257682759205839,0,0
202607171107,e2e_trace_v3,17293882634220339746,72117659155563049,velodyne64,lidar,1784257682759205839,1784257682759205839,0,1
202607171107,e2e_trace_v3,17293882634220339747,216232847231418902,radar_front,radar,1784257682868631649,1784257682868631649,0,0
202607171107,e2e_trace_v3,17293882634220339747,72117659155563050,velodyne64,lidar,1784257682868631649,1784257682868631649,0,1
202607171107,e2e_trace_v3,17293882634220339748,216232847231418903,radar_front,radar,1784257682976609018,1784257682976609018,0,0
202607171107,e2e_trace_v3,17293882634220339748,72117659155563051,velodyne64,lidar,1784257682976609018,1784257682976609018,0,1
202607171107,e2e_trace_v3,17293882634220339749,216232847231418903,radar_front,radar,1784257683083715468,1784257683083715468,0,0
202607171107,e2e_trace_v3,17293882634220339749,72117659155563052,velodyne64,lidar,1784257683083715468,1784257683083715468,0,1
202607171107,e2e_trace_v3,17293882634220339750,216232847231418904,radar_front,radar,1784257683192454017,1784257683192454017,0,0
202607171107,e2e_trace_v3,17293882634220339750,72117659155563053,velodyne64,lidar,1784257683192454017,1784257683192454017,0,1
202607171107,e2e_trace_v3,17293882634220339751,216232847231418905,radar_front,radar,1784257683310222003,1784257683310222003,0,0
202607171107,e2e_trace_v3,17293882634220339751,72117659155563054,velodyne64,lidar,1784257683310222003,1784257683310222003,0,1
202607171107,e2e_trace_v3,17293882634220339752,216232847231418906,radar_front,radar,1784257683417585871,1784257683417585871,0,0
202607171107,e2e_trace_v3,17293882634220339752,72117659155563055,velodyne64,lidar,1784257683417585871,1784257683417585871,0,1
202607171107,e2e_trace_v3,17293882634220339753,216232847231418907,radar_front,radar,1784257683528724831,1784257683528724831,0,0
202607171107,e2e_trace_v3,17293882634220339753,72117659155563056,velodyne64,lidar,1784257683528724831,1784257683528724831,0,1
202607171107,e2e_trace_v3,17293882634220339754,216232847231418908,radar_front,radar,1784257683655155198,1784257683655155198,0,0
202607171107,e2e_trace_v3,17293882634220339754,72117659155563057,velodyne64,lidar,1784257683655155198,1784257683655155198,0,1
202607171107,e2e_trace_v3,17293882634220339755,216232847231418909,radar_front,radar,1784257683762984303,1784257683762984303,0,0
202607171107,e2e_trace_v3,17293882634220339755,72117659155563058,velodyne64,lidar,1784257683762984303,1784257683762984303,0,1
202607171107,e2e_trace_v3,17293882634220339756,216232847231418910,radar_front,radar,1784257683867752918,1784257683867752918,0,0
202607171107,e2e_trace_v3,17293882634220339756,72117659155563059,velodyne64,lidar,1784257683867752918,1784257683867752918,0,1
202607171107,e2e_trace_v3,17293882634220339757,216232847231418911,radar_front,radar,1784257683973648988,1784257683973648988,0,0
202607171107,e2e_trace_v3,17293882634220339757,72117659155563060,velodyne64,lidar,1784257683973648988,1784257683973648988,0,1
202607171107,e2e_trace_v3,17293882634220339758,216232847231418912,radar_front,radar,1784257684079430679,1784257684079430679,0,0
202607171107,e2e_trace_v3,17293882634220339758,72117659155563061,velodyne64,lidar,1784257684079430679,1784257684079430679,0,1
202607171107,e2e_trace_v3,17293882634220339759,216232847231418913,radar_front,radar,1784257684195711054,1784257684195711054,0,0
202607171107,e2e_trace_v3,17293882634220339759,72117659155563062,velodyne64,lidar,1784257684195711054,1784257684195711054,0,1
202607171107,e2e_trace_v3,17293882634220339760,216232847231418914,radar_front,radar,1784257684300250127,1784257684300250127,0,0
202607171107,e2e_trace_v3,17293882634220339760,72117659155563063,velodyne64,lidar,1784257684300250127,1784257684300250127,0,1
202607171107,e2e_trace_v3,17293882634220339761,216232847231418914,radar_front,radar,1784257684411243614,1784257684411243614,0,0
202607171107,e2e_trace_v3,17293882634220339761,72117659155563064,velodyne64,lidar,1784257684411243614,1784257684411243614,0,1
202607171107,e2e_trace_v3,17293882634220339762,216232847231418915,radar_front,radar,1784257684513702988,1784257684513702988,0,0
202607171107,e2e_trace_v3,17293882634220339762,72117659155563065,velodyne64,lidar,1784257684513702988,1784257684513702988,0,1
202607171107,e2e_trace_v3,17293882634220339763,216232847231418916,radar_front,radar,1784257684616075726,1784257684616075726,0,0
202607171107,e2e_trace_v3,17293882634220339763,72117659155563066,velodyne64,lidar,1784257684616075726,1784257684616075726,0,1
202607171107,e2e_trace_v3,17293882634220339764,216232847231418917,radar_front,radar,1784257684717487171,1784257684717487171,0,0
202607171107,e2e_trace_v3,17293882634220339764,72117659155563067,velodyne64,lidar,1784257684717487171,1784257684717487171,0,1
202607171107,e2e_trace_v3,17293882634220339765,216232847231418918,radar_front,radar,1784257684828834972,1784257684828834972,0,0
202607171107,e2e_trace_v3,17293882634220339765,72117659155563068,velodyne64,lidar,1784257684828834972,1784257684828834972,0,1
202607171107,e2e_trace_v3,17293882634220339766,216232847231418919,radar_front,radar,1784257684931302289,1784257684931302289,0,0
202607171107,e2e_trace_v3,17293882634220339766,72117659155563069,velodyne64,lidar,1784257684931302289,1784257684931302289,0,1
202607171107,e2e_trace_v3,17293882634220339767,216232847231418919,radar_front,radar,1784257685038148042,1784257685038148042,0,0
202607171107,e2e_trace_v3,17293882634220339767,72117659155563070,velodyne64,lidar,1784257685038148042,1784257685038148042,0,1
202607171107,e2e_trace_v3,17293882634220339768,72117659155563071,velodyne64,lidar,1784257685142197486,1784257685142197486,0,1
202607171107,e2e_trace_v3,17293882634220339769,216232847231418921,radar_front,radar,1784257685250835988,1784257685250835988,0,0
202607171107,e2e_trace_v3,17293882634220339769,72117659155563072,velodyne64,lidar,1784257685250835988,1784257685250835988,0,1
202607171107,e2e_trace_v3,17293882634220339770,216232847231418922,radar_front,radar,1784257685354107310,1784257685354107310,0,0
202607171107,e2e_trace_v3,17293882634220339770,72117659155563073,velodyne64,lidar,1784257685354107310,1784257685354107310,0,1
202607171107,e2e_trace_v3,17293882634220339771,216232847231418923,radar_front,radar,1784257685458732594,1784257685458732594,0,0
202607171107,e2e_trace_v3,17293882634220339771,72117659155563074,velodyne64,lidar,1784257685458732594,1784257685458732594,0,1
202607171107,e2e_trace_v3,17293882634220339772,216232847231418924,radar_front,radar,1784257685561595144,1784257685561595144,0,0
202607171107,e2e_trace_v3,17293882634220339772,72117659155563075,velodyne64,lidar,1784257685561595144,1784257685561595144,0,1
202607171107,e2e_trace_v3,17293882634220339773,216232847231418925,radar_front,radar,1784257685665715241,1784257685665715241,0,0
202607171107,e2e_trace_v3,17293882634220339773,72117659155563076,velodyne64,lidar,1784257685665715241,1784257685665715241,0,1
202607171107,e2e_trace_v3,17293882634220339774,216232847231418925,radar_front,radar,1784257685770088612,1784257685770088612,0,0
202607171107,e2e_trace_v3,17293882634220339774,72117659155563077,velodyne64,lidar,1784257685770088612,1784257685770088612,0,1
202607171107,e2e_trace_v3,17293882634220339775,216232847231418926,radar_front,radar,1784257685871792102,1784257685871792102,0,0
202607171107,e2e_trace_v3,17293882634220339775,72117659155563078,velodyne64,lidar,1784257685871792102,1784257685871792102,0,1
202607171107,e2e_trace_v3,17293882634220339776,216232847231418927,radar_front,radar,1784257685971848908,1784257685971848908,0,0
202607171107,e2e_trace_v3,17293882634220339776,72117659155563079,velodyne64,lidar,1784257685971848908,1784257685971848908,0,1
202607171107,e2e_trace_v3,17293882634220339777,216232847231418928,radar_front,radar,1784257686078579545,1784257686078579545,0,0
202607171107,e2e_trace_v3,17293882634220339777,72117659155563080,velodyne64,lidar,1784257686078579545,1784257686078579545,0,1
202607171107,e2e_trace_v3,17293882634220339778,216232847231418929,radar_front,radar,1784257686188247506,1784257686188247506,0,0
202607171107,e2e_trace_v3,17293882634220339778,72117659155563081,velodyne64,lidar,1784257686188247506,1784257686188247506,0,1
202607171107,e2e_trace_v3,17293882634220339779,216232847231418930,radar_front,radar,1784257686289418693,1784257686289418693,0,0
202607171107,e2e_trace_v3,17293882634220339779,72117659155563082,velodyne64,lidar,1784257686289418693,1784257686289418693,0,1
202607171107,e2e_trace_v3,17293882634220339780,216232847231418931,radar_front,radar,1784257686389548568,1784257686389548568,0,0
202607171107,e2e_trace_v3,17293882634220339780,72117659155563083,velodyne64,lidar,1784257686389548568,1784257686389548568,0,1
202607171107,e2e_trace_v3,17293882634220339781,216232847231418932,radar_front,radar,1784257686491483193,1784257686491483193,0,0
202607171107,e2e_trace_v3,17293882634220339781,72117659155563084,velodyne64,lidar,1784257686491483193,1784257686491483193,0,1
202607171107,e2e_trace_v3,17293882634220339782,216232847231418933,radar_front,radar,1784257686591621677,1784257686591621677,0,0
202607171107,e2e_trace_v3,17293882634220339782,72117659155563085,velodyne64,lidar,1784257686591621677,1784257686591621677,0,1
202607171107,e2e_trace_v3,17293882634220339783,216232847231418934,radar_front,radar,1784257686695389606,1784257686695389606,0,0
202607171107,e2e_trace_v3,17293882634220339783,72117659155563086,velodyne64,lidar,1784257686695389606,1784257686695389606,0,1
202607171107,e2e_trace_v3,17293882634220339784,216232847231418934,radar_front,radar,1784257686799599926,1784257686799599926,0,0
202607171107,e2e_trace_v3,17293882634220339784,72117659155563087,velodyne64,lidar,1784257686799599926,1784257686799599926,0,1
202607171107,e2e_trace_v3,17293882634220339785,216232847231418936,radar_front,radar,1784257686900461232,1784257686900461232,0,0
202607171107,e2e_trace_v3,17293882634220339785,72117659155563088,velodyne64,lidar,1784257686900461232,1784257686900461232,0,1
202607171107,e2e_trace_v3,17293882634220339786,216232847231418936,radar_front,radar,1784257687003072758,1784257687003072758,0,0
202607171107,e2e_trace_v3,17293882634220339786,72117659155563089,velodyne64,lidar,1784257687003072758,1784257687003072758,0,1
202607171107,e2e_trace_v3,17293882634220339787,216232847231418937,radar_front,radar,1784257687102602709,1784257687102602709,1,0
202607171107,e2e_trace_v3,17293882634220339787,72117659155563090,velodyne64,lidar,1784257687102602709,1784257687102602709,1,1
202607171107,e2e_trace_v3,17293882634220339788,216232847231418938,radar_front,radar,1784257687203487592,1784257687203487592,1,0
202607171107,e2e_trace_v3,17293882634220339788,72117659155563091,velodyne64,lidar,1784257687203487592,1784257687203487592,1,1
202607171107,e2e_trace_v3,17293882634220339789,216232847231418939,radar_front,radar,1784257687303142086,1784257687303142086,2,0
202607171107,e2e_trace_v3,17293882634220339789,72117659155563092,velodyne64,lidar,1784257687303142086,1784257687303142086,2,1
202607171107,e2e_trace_v3,17293882634220339790,216232847231418939,radar_front,radar,1784257687408620031,1784257687408620031,1,0
202607171107,e2e_trace_v3,17293882634220339790,72117659155563093,velodyne64,lidar,1784257687408620031,1784257687408620031,1,1
202607171107,e2e_trace_v3,17293882634220339791,216232847231418940,radar_front,radar,1784257687510732954,1784257687510732954,2,0
202607171107,e2e_trace_v3,17293882634220339791,72117659155563094,velodyne64,lidar,1784257687510732954,1784257687510732954,2,1
202607171107,e2e_trace_v3,17293882634220339792,216232847231418941,radar_front,radar,1784257687633254247,1784257687633254247,1,0
202607171107,e2e_trace_v3,17293882634220339792,72117659155563095,velodyne64,lidar,1784257687633254247,1784257687633254247,1,1
202607171107,e2e_trace_v3,17293882634220339793,216232847231418942,radar_front,radar,1784257687736456412,1784257687736456412,1,0
202607171107,e2e_trace_v3,17293882634220339793,72117659155563096,velodyne64,lidar,1784257687736456412,1784257687736456412,1,1
202607171107,e2e_trace_v3,17293882634220339794,216232847231418942,radar_front,radar,1784257687836533195,1784257687836533195,1,0
202607171107,e2e_trace_v3,17293882634220339794,72117659155563097,velodyne64,lidar,1784257687836533195,1784257687836533195,1,1
202607171107,e2e_trace_v3,17293882634220339795,72117659155563098,velodyne64,lidar,1784257687936503339,1784257687936503339,1,1
202607171107,e2e_trace_v3,17293882634220339796,216232847231418944,radar_front,radar,1784257688036777826,1784257688036777826,2,0
202607171107,e2e_trace_v3,17293882634220339796,72117659155563099,velodyne64,lidar,1784257688036777826,1784257688036777826,2,1
202607171107,e2e_trace_v3,17293882634220339797,216232847231418945,radar_front,radar,1784257688147651275,1784257688147651275,1,0
202607171107,e2e_trace_v3,17293882634220339797,72117659155563100,velodyne64,lidar,1784257688147651275,1784257688147651275,1,1
202607171107,e2e_trace_v3,17293882634220339798,216232847231418945,radar_front,radar,1784257688255047031,1784257688255047031,2,0
202607171107,e2e_trace_v3,17293882634220339798,72117659155563101,velodyne64,lidar,1784257688255047031,1784257688255047031,2,1
202607171107,e2e_trace_v3,17293882634220339799,216232847231418946,radar_front,radar,1784257688363016988,1784257688363016988,3,0
202607171107,e2e_trace_v3,17293882634220339799,72117659155563102,velodyne64,lidar,1784257688363016988,1784257688363016988,3,1
202607171107,e2e_trace_v3,17293882634220339800,216232847231418947,radar_front,radar,1784257688465113196,1784257688465113196,3,0
202607171107,e2e_trace_v3,17293882634220339800,72117659155563103,velodyne64,lidar,1784257688465113196,1784257688465113196,3,1
202607171107,e2e_trace_v3,17293882634220339801,216232847231418948,radar_front,radar,1784257688569094061,1784257688569094061,3,0
202607171107,e2e_trace_v3,17293882634220339801,72117659155563104,velodyne64,lidar,1784257688569094061,1784257688569094061,3,1
202607171107,e2e_trace_v3,17293882634220339802,216232847231418948,radar_front,radar,1784257688674513402,1784257688674513402,3,0
202607171107,e2e_trace_v3,17293882634220339802,72117659155563105,velodyne64,lidar,1784257688674513402,1784257688674513402,3,1
202607171107,e2e_trace_v3,17293882634220339803,216232847231418949,radar_front,radar,1784257688789079185,1784257688789079185,3,0
202607171107,e2e_trace_v3,17293882634220339803,72117659155563106,velodyne64,lidar,1784257688789079185,1784257688789079185,3,1
202607171107,e2e_trace_v3,17293882634220339804,216232847231418950,radar_front,radar,1784257688891489913,1784257688891489913,2,0
202607171107,e2e_trace_v3,17293882634220339804,72117659155563107,velodyne64,lidar,1784257688891489913,1784257688891489913,2,1
202607171107,e2e_trace_v3,17293882634220339805,216232847231418951,radar_front,radar,1784257688996711851,1784257688996711851,3,0
202607171107,e2e_trace_v3,17293882634220339805,72117659155563108,velodyne64,lidar,1784257688996711851,1784257688996711851,3,1
202607171107,e2e_trace_v3,17293882634220339806,216232847231418952,radar_front,radar,1784257689099175161,1784257689099175161,2,0
202607171107,e2e_trace_v3,17293882634220339806,72117659155563109,velodyne64,lidar,1784257689099175161,1784257689099175161,2,1
202607171107,e2e_trace_v3,17293882634220339807,216232847231418953,radar_front,radar,1784257689204770372,1784257689204770372,4,0
202607171107,e2e_trace_v3,17293882634220339807,72117659155563110,velodyne64,lidar,1784257689204770372,1784257689204770372,4,1
202607171107,e2e_trace_v3,17293882634220339808,216232847231418953,radar_front,radar,1784257689323028921,1784257689323028921,3,0
202607171107,e2e_trace_v3,17293882634220339808,72117659155563111,velodyne64,lidar,1784257689323028921,1784257689323028921,3,1
202607171107,e2e_trace_v3,17293882634220339809,216232847231418954,radar_front,radar,1784257689432071181,1784257689432071181,4,0
202607171107,e2e_trace_v3,17293882634220339809,72117659155563112,velodyne64,lidar,1784257689432071181,1784257689432071181,4,1
202607171107,e2e_trace_v3,17293882634220339810,216232847231418955,radar_front,radar,1784257689537804922,1784257689537804922,2,0
202607171107,e2e_trace_v3,17293882634220339810,72117659155563113,velodyne64,lidar,1784257689537804922,1784257689537804922,2,1
202607171107,e2e_trace_v3,17293882634220339811,216232847231418956,radar_front,radar,1784257689648731798,1784257689648731798,2,0
202607171107,e2e_trace_v3,17293882634220339811,72117659155563114,velodyne64,lidar,1784257689648731798,1784257689648731798,2,1
202607171107,e2e_trace_v3,17293882634220339812,216232847231418957,radar_front,radar,1784257689753883717,1784257689753883717,2,0
202607171107,e2e_trace_v3,17293882634220339812,72117659155563115,velodyne64,lidar,1784257689753883717,1784257689753883717,2,1
202607171107,e2e_trace_v3,17293882634220339813,216232847231418958,radar_front,radar,1784257689857929405,1784257689857929405,3,0
202607171107,e2e_trace_v3,17293882634220339813,72117659155563116,velodyne64,lidar,1784257689857929405,1784257689857929405,3,1
202607171107,e2e_trace_v3,17293882634220339814,216232847231418959,radar_front,radar,1784257689975223340,1784257689975223340,2,0
202607171107,e2e_trace_v3,17293882634220339814,72117659155563117,velodyne64,lidar,1784257689975223340,1784257689975223340,2,1
202607171107,e2e_trace_v3,17293882634220339815,216232847231418960,radar_front,radar,1784257690080773431,1784257690080773431,3,0
202607171107,e2e_trace_v3,17293882634220339815,72117659155563118,velodyne64,lidar,1784257690080773431,1784257690080773431,3,1
202607171107,e2e_trace_v3,17293882634220339816,216232847231418960,radar_front,radar,1784257690184444353,1784257690184444353,2,0
202607171107,e2e_trace_v3,17293882634220339816,72117659155563119,velodyne64,lidar,1784257690184444353,1784257690184444353,2,1
202607171107,e2e_trace_v3,17293882634220339817,216232847231418961,radar_front,radar,1784257690287867146,1784257690287867146,3,0
202607171107,e2e_trace_v3,17293882634220339817,72117659155563120,velodyne64,lidar,1784257690287867146,1784257690287867146,3,1
202607171107,e2e_trace_v3,17293882634220339818,216232847231418962,radar_front,radar,1784257690391649929,1784257690391649929,2,0
202607171107,e2e_trace_v3,17293882634220339818,72117659155563121,velodyne64,lidar,1784257690391649929,1784257690391649929,2,1
202607171107,e2e_trace_v3,17293882634220339819,216232847231418963,radar_front,radar,1784257690497805947,1784257690497805947,1,0
202607171107,e2e_trace_v3,17293882634220339819,72117659155563122,velodyne64,lidar,1784257690497805947,1784257690497805947,1,1
202607171107,e2e_trace_v3,17293882634220339820,216232847231418964,radar_front,radar,1784257690604722776,1784257690604722776,2,0
202607171107,e2e_trace_v3,17293882634220339820,72117659155563123,velodyne64,lidar,1784257690604722776,1784257690604722776,2,1
202607171107,e2e_trace_v3,17293882634220339821,216232847231418965,radar_front,radar,1784257690716427343,1784257690716427343,1,0
202607171107,e2e_trace_v3,17293882634220339821,72117659155563124,velodyne64,lidar,1784257690716427343,1784257690716427343,1,1
202607171107,e2e_trace_v3,17293882634220339822,216232847231418965,radar_front,radar,1784257690822426911,1784257690822426911,2,0
202607171107,e2e_trace_v3,17293882634220339822,72117659155563125,velodyne64,lidar,1784257690822426911,1784257690822426911,2,1
202607171107,e2e_trace_v3,17293882634220339823,216232847231418966,radar_front,radar,1784257690928983344,1784257690928983344,2,0
202607171107,e2e_trace_v3,17293882634220339823,72117659155563126,velodyne64,lidar,1784257690928983344,1784257690928983344,2,1
202607171107,e2e_trace_v3,17293882634220339824,216232847231418968,radar_front,radar,1784257691034102426,1784257691034102426,1,0
202607171107,e2e_trace_v3,17293882634220339824,72117659155563127,velodyne64,lidar,1784257691034102426,1784257691034102426,1,1
202607171107,e2e_trace_v3,17293882634220339825,216232847231418969,radar_front,radar,1784257691142036371,1784257691142036371,2,0
202607171107,e2e_trace_v3,17293882634220339825,72117659155563128,velodyne64,lidar,1784257691142036371,1784257691142036371,2,1
202607171107,e2e_trace_v3,17293882634220339826,216232847231418969,radar_front,radar,1784257691250991410,1784257691250991410,2,0
202607171107,e2e_trace_v3,17293882634220339826,72117659155563129,velodyne64,lidar,1784257691250991410,1784257691250991410,2,1
202607171107,e2e_trace_v3,17293882634220339827,216232847231418970,radar_front,radar,1784257691355260493,1784257691355260493,2,0
202607171107,e2e_trace_v3,17293882634220339827,72117659155563130,velodyne64,lidar,1784257691355260493,1784257691355260493,2,1
202607171107,e2e_trace_v3,17293882634220339828,216232847231418971,radar_front,radar,1784257691460011667,1784257691460011667,1,0
202607171107,e2e_trace_v3,17293882634220339828,72117659155563131,velodyne64,lidar,1784257691460011667,1784257691460011667,1,1
202607171107,e2e_trace_v3,17293882634220339829,216232847231418972,radar_front,radar,1784257691567052690,1784257691567052690,1,0
202607171107,e2e_trace_v3,17293882634220339829,72117659155563132,velodyne64,lidar,1784257691567052690,1784257691567052690,1,1
202607171107,e2e_trace_v3,17293882634220339830,216232847231418973,radar_front,radar,1784257691675251093,1784257691675251093,1,0
202607171107,e2e_trace_v3,17293882634220339830,72117659155563133,velodyne64,lidar,1784257691675251093,1784257691675251093,1,1
202607171107,e2e_trace_v3,17293882634220339831,216232847231418974,radar_front,radar,1784257691793574574,1784257691793574574,1,0
202607171107,e2e_trace_v3,17293882634220339831,72117659155563134,velodyne64,lidar,1784257691793574574,1784257691793574574,1,1
202607171107,e2e_trace_v3,17293882634220339832,216232847231418975,radar_front,radar,1784257691898765078,1784257691898765078,1,0
202607171107,e2e_trace_v3,17293882634220339832,72117659155563135,velodyne64,lidar,1784257691898765078,1784257691898765078,1,1
202607171107,e2e_trace_v3,17293882634220339833,216232847231418976,radar_front,radar,1784257692007248047,1784257692007248047,1,0
202607171107,e2e_trace_v3,17293882634220339833,72117659155563136,velodyne64,lidar,1784257692007248047,1784257692007248047,1,1
202607171107,e2e_trace_v3,17293882634220339834,216232847231418976,radar_front,radar,1784257692115425148,1784257692115425148,1,0
202607171107,e2e_trace_v3,17293882634220339834,72117659155563137,velodyne64,lidar,1784257692115425148,1784257692115425148,1,1
202607171107,e2e_trace_v3,17293882634220339835,216232847231418978,radar_front,radar,1784257692227172534,1784257692227172534,1,0
202607171107,e2e_trace_v3,17293882634220339835,72117659155563138,velodyne64,lidar,1784257692227172534,1784257692227172534,1,1
202607171107,e2e_trace_v3,17293882634220339836,216232847231418978,radar_front,radar,1784257692368622645,1784257692368622645,1,0
202607171107,e2e_trace_v3,17293882634220339836,72117659155563139,velodyne64,lidar,1784257692368622645,1784257692368622645,1,1
202607171107,e2e_trace_v3,17293882634220339837,216232847231418980,radar_front,radar,1784257692474368553,1784257692474368553,1,0
202607171107,e2e_trace_v3,17293882634220339837,72117659155563140,velodyne64,lidar,1784257692474368553,1784257692474368553,1,1
202607171107,e2e_trace_v3,17293882634220339838,216232847231418980,radar_front,radar,1784257692597259088,1784257692597259088,1,0
202607171107,e2e_trace_v3,17293882634220339838,72117659155563141,velodyne64,lidar,1784257692597259088,1784257692597259088,1,1
202607171107,e2e_trace_v3,17293882634220339839,216232847231418981,radar_front,radar,1784257692702255620,1784257692702255620,1,0
202607171107,e2e_trace_v3,17293882634220339839,72117659155563142,velodyne64,lidar,1784257692702255620,1784257692702255620,1,1
202607171107,e2e_trace_v3,17293882634220339840,216232847231418982,radar_front,radar,1784257692811340392,1784257692811340392,1,0
202607171107,e2e_trace_v3,17293882634220339840,72117659155563143,velodyne64,lidar,1784257692811340392,1784257692811340392,1,1
202607171107,e2e_trace_v3,17293882634220339841,216232847231418984,radar_front,radar,1784257692935486125,1784257692935486125,1,0
202607171107,e2e_trace_v3,17293882634220339841,72117659155563144,velodyne64,lidar,1784257692935486125,1784257692935486125,1,1
202607171107,e2e_trace_v3,17293882634220339842,216232847231418985,radar_front,radar,1784257693054931897,1784257693054931897,1,0
202607171107,e2e_trace_v3,17293882634220339842,72117659155563145,velodyne64,lidar,1784257693054931897,1784257693054931897,1,1
202607171107,e2e_trace_v3,17293882634220339843,216232847231418986,radar_front,radar,1784257693176175846,1784257693176175846,1,0
202607171107,e2e_trace_v3,17293882634220339843,72117659155563146,velodyne64,lidar,1784257693176175846,1784257693176175846,1,1
202607171107,e2e_trace_v3,17293882634220339844,216232847231418986,radar_front,radar,1784257693281845304,1784257693281845304,1,0
202607171107,e2e_trace_v3,17293882634220339844,72117659155563147,velodyne64,lidar,1784257693281845304,1784257693281845304,1,1
202607171107,e2e_trace_v3,17293882634220339845,216232847231418987,radar_front,radar,1784257693400029100,1784257693400029100,1,0
202607171107,e2e_trace_v3,17293882634220339845,72117659155563148,velodyne64,lidar,1784257693400029100,1784257693400029100,1,1
202607171107,e2e_trace_v3,17293882634220339846,216232847231418988,radar_front,radar,1784257693524585498,1784257693524585498,1,0
202607171107,e2e_trace_v3,17293882634220339846,72117659155563149,velodyne64,lidar,1784257693524585498,1784257693524585498,1,1
202607171107,e2e_trace_v3,17293882634220339847,216232847231418989,radar_front,radar,1784257693654572425,1784257693654572425,1,0
202607171107,e2e_trace_v3,17293882634220339847,72117659155563150,velodyne64,lidar,1784257693654572425,1784257693654572425,1,1
202607171107,e2e_trace_v3,17293882634220339848,72117659155563151,velodyne64,lidar,1784257693759995947,1784257693759995947,0,1
202607171107,e2e_trace_v3,17293882634220339849,216232847231418990,radar_front,radar,1784257693868217488,1784257693868217488,1,0
202607171107,e2e_trace_v3,17293882634220339849,72117659155563152,velodyne64,lidar,1784257693868217488,1784257693868217488,1,1
202607171107,e2e_trace_v3,17293882634220339850,216232847231418992,radar_front,radar,1784257693982575533,1784257693982575533,0,0
202607171107,e2e_trace_v3,17293882634220339850,72117659155563153,velodyne64,lidar,1784257693982575533,1784257693982575533,0,1
202607171107,e2e_trace_v3,17293882634220339851,216232847231418993,radar_front,radar,1784257694087723115,1784257694087723115,1,0
202607171107,e2e_trace_v3,17293882634220339851,72117659155563154,velodyne64,lidar,1784257694087723115,1784257694087723115,1,1
202607171107,e2e_trace_v3,17293882634220339852,216232847231418994,radar_front,radar,1784257694192030114,1784257694192030114,0,0
202607171107,e2e_trace_v3,17293882634220339852,72117659155563155,velodyne64,lidar,1784257694192030114,1784257694192030114,0,1
202607171107,e2e_trace_v3,17293882634220339853,216232847231418995,radar_front,radar,1784257694296720501,1784257694296720501,1,0
202607171107,e2e_trace_v3,17293882634220339853,72117659155563156,velodyne64,lidar,1784257694296720501,1784257694296720501,1,1
202607171107,e2e_trace_v3,17293882634220339854,216232847231418995,radar_front,radar,1784257694403327101,1784257694403327101,1,0
202607171107,e2e_trace_v3,17293882634220339854,72117659155563157,velodyne64,lidar,1784257694403327101,1784257694403327101,1,1
202607171107,e2e_trace_v3,17293882634220339855,216232847231418996,radar_front,radar,1784257694512548375,1784257694512548375,0,0
202607171107,e2e_trace_v3,17293882634220339855,72117659155563158,velodyne64,lidar,1784257694512548375,1784257694512548375,0,1
202607171107,e2e_trace_v3,17293882634220339856,216232847231418998,radar_front,radar,1784257694631134933,1784257694631134933,0,0
202607171107,e2e_trace_v3,17293882634220339856,72117659155563159,velodyne64,lidar,1784257694631134933,1784257694631134933,0,1
202607171107,e2e_trace_v3,17293882634220339857,216232847231418998,radar_front,radar,1784257694761680001,1784257694761680001,0,0
202607171107,e2e_trace_v3,17293882634220339857,72117659155563160,velodyne64,lidar,1784257694761680001,1784257694761680001,0,1
202607171107,e2e_trace_v3,17293882634220339858,216232847231418999,radar_front,radar,1784257694868545135,1784257694868545135,0,0
202607171107,e2e_trace_v3,17293882634220339858,72117659155563161,velodyne64,lidar,1784257694868545135,1784257694868545135,0,1
202607171107,e2e_trace_v3,17293882634220339859,216232847231419001,radar_front,radar,1784257694976259006,1784257694976259006,0,0
202607171107,e2e_trace_v3,17293882634220339859,72117659155563162,velodyne64,lidar,1784257694976259006,1784257694976259006,0,1
202607171107,e2e_trace_v3,17293882634220339860,216232847231419002,radar_front,radar,1784257695089936131,1784257695089936131,0,0
202607171107,e2e_trace_v3,17293882634220339860,72117659155563163,velodyne64,lidar,1784257695089936131,1784257695089936131,0,1
202607171107,e2e_trace_v3,17293882634220339861,216232847231419003,radar_front,radar,1784257695199072727,1784257695199072727,0,0
202607171107,e2e_trace_v3,17293882634220339861,72117659155563164,velodyne64,lidar,1784257695199072727,1784257695199072727,0,1
202607171107,e2e_trace_v3,17293882634220339862,216232847231419003,radar_front,radar,1784257695307876610,1784257695307876610,0,0
202607171107,e2e_trace_v3,17293882634220339862,72117659155563165,velodyne64,lidar,1784257695307876610,1784257695307876610,0,1
202607171107,e2e_trace_v3,17293882634220339863,216232847231419004,radar_front,radar,1784257695415248022,1784257695415248022,0,0
202607171107,e2e_trace_v3,17293882634220339863,72117659155563166,velodyne64,lidar,1784257695415248022,1784257695415248022,0,1
202607171107,e2e_trace_v3,17293882634220339864,216232847231419006,radar_front,radar,1784257695526577027,1784257695526577027,0,0
202607171107,e2e_trace_v3,17293882634220339864,72117659155563167,velodyne64,lidar,1784257695526577027,1784257695526577027,0,1
202607171107,e2e_trace_v3,17293882634220339865,216232847231419006,radar_front,radar,1784257695655953228,1784257695655953228,0,0
202607171107,e2e_trace_v3,17293882634220339865,72117659155563168,velodyne64,lidar,1784257695655953228,1784257695655953228,0,1
202607171107,e2e_trace_v3,17293882634220339866,216232847231419008,radar_front,radar,1784257695763971015,1784257695763971015,0,0
202607171107,e2e_trace_v3,17293882634220339866,72117659155563169,velodyne64,lidar,1784257695763971015,1784257695763971015,0,1
