record_file,record_time_ns,record_time_sec,channel,data_type,header_timestamp_sec,header_sequence_num,header_module_name,header_lidar_timestamp,header_camera_timestamp,header_radar_timestamp,point_count,measurement_time
/apollo_workspace/records/202607091933_MkzExample_CarlaTown01.00000.20260709193304.record,1783596784891008798,1783596784.8910089,/apollo/sensor/velodyne64/compensator/PointCloud2,apollo.drivers.PointCloud,1783596784.8624475,0,,1783596784862447650,0,0,6053,1783596784.8624475
/apollo_workspace/records/202607091933_MkzExample_CarlaTown01.00000.20260709193304.record,1783596784990831066,1783596784.9908311,/apollo/sensor/velodyne64/compensator/PointCloud2,apollo.drivers.PointCloud,1783596784.9623034,0,,1783596784962303441,0,0,5963,1783596784.9623034
/apollo_workspace/records/202607091933_MkzExample_CarlaTown01.00000.20260709193304.record,1783596785102388207,1783596785.1023881,/apollo/sensor/velodyne64/compensator/PointCloud2,apollo.drivers.PointCloud,1783596785.0626721,0,,1783596785062672217,0,0,6014,1783596785.0626721
/apollo_workspace/records/202607091933_MkzExample_CarlaTown01.00000.20260709193304.record,1783596785191161275,1783596785.1911614,/apollo/sensor/velodyne64/compensator/PointCloud2,apollo.drivers.PointCloud,1783596785.1624124,0,,1783596785162412391,0,0,5973,1783596785.1624124
/apollo_workspace/records/202607091933_MkzExample_CarlaTown01.00000.20260709193304.record,1783596785292423785,1783596785.2924237,/apollo/sensor/velodyne64/compensator/PointCloud2,apollo.drivers.PointCloud,1783596785.2625773,0,,1783596785262577362,0,0,6043,1783596785.2625773
/apollo_workspace/records/202607091933_MkzExample_CarlaTown01.00000.20260709193304.record,1783596785404175873,1783596785.4041758,/apollo/sensor/velodyne64/compensator/PointCloud2,apollo.drivers.PointCloud,1783596785.3636112,0,,1783596785363611252,0,0,6016,1783596785.3636112
/apollo_workspace/records/202607091933_MkzExample_CarlaTown01.00000.20260709193304.record,1783596785492721993,1783596785.492722,/apollo/sensor/velodyne64/compensator/PointCloud2,apollo.drivers.PointCloud,1783596785.4624715,0,,1783596785462471365,0,0,6121,1783596785.4624715
/apollo_workspace/records/202607091933_MkzExample_CarlaTown01.00000.20260709193304.record,1783596785590597996,1783596785.5905979,/apollo/sensor/velodyne64/compensator/PointCloud2,apollo.drivers.PointCloud,1783596785.5625103,0,,1783596785562510361,0,0,6013,1783596785.5625103
/apollo_workspace/records/202607091933_MkzExample_CarlaTown01.00000.20260709193304.record,1783596785689885057,1783596785.6898851,/apollo/sensor/velodyne64/compensator/PointCloud2,apollo.drivers.PointCloud,1783596785.6627378,0,,1783596785662737987,0,0,6018,1783596785.6627378
/apollo_workspace/records/202607091933_MkzExample_CarlaTown01.00000.20260709193304.record,1783596785789446297,1783596785.7894464,/apollo/sensor/velodyne64/compensator/PointCloud2,apollo.drivers.PointCloud,1783596785.7624848,0,,1783596785762484838,0,0,6024,1783596785.7624848
/apollo_workspace/records/202607091933_MkzExample_CarlaTown01.00000.20260709193304.record,1783596785890274946,1783596785.890275,/apollo/sensor/velodyne64/compensator/PointCloud2,apollo.drivers.PointCloud,1783596785.8624916,0,,1783596785862491596,0,0,6047,1783596785.8624916
/apollo_workspace/records/202607091933_MkzExample_CarlaTown01.00000.20260709193304.record,1783596785990783207,1783596785.9907832,/apollo/sensor/velodyne64/compensator/PointCloud2,apollo.drivers.PointCloud,1783596785.9625373,0,,1783596785962537192,0,0,6021,1783596785.9625373
/apollo_workspace/records/202607091933_MkzExample_CarlaTown01.00000.20260709193304.record,1783596786098872591,1783596786.0988727,/apollo/sensor/velodyne64/compensator/PointCloud2,apollo.drivers.PointCloud,1783596786.0625062,0,,1783596786062506341,0,0,6022,1783596786.0625062
/apollo_workspace/records/202607091933_MkzExample_CarlaTown01.00000.20260709193304.record,1783596786213577486,1783596786.2135775,/apollo/sensor/velodyne64/compensator/PointCloud2,apollo.drivers.PointCloud,1783596786.1622722,0,,1783596786162272128,0,0,6066,1783596786.1622722
/apollo_workspace/records/202607091933_MkzExample_CarlaTown01.00000.20260709193304.record,1783596786312532094,1783596786.312532,/apollo/sensor/velodyne64/compensator/PointCloud2,apollo.drivers.PointCloud,1783596786.262548,0,,1783596786262548010,0,0,6058,1783596786.262548
/apollo_workspace/records/202607091933_MkzExample_CarlaTown01.00000.20260709193304.record,1783596786423602573,1783596786.4236026,/apollo/sensor/velodyne64/compensator/PointCloud2,apollo.drivers.PointCloud,1783596786.3631647,0,,1783596786363164707,0,0,6002,1783596786.3631647
/apollo_workspace/records/202607091933_MkzExample_CarlaTown01.00000.20260709193304.record,1783596786490581787,1783596786.4905818,/apollo/sensor/velodyne64/compensator/PointCloud2,apollo.drivers.PointCloud,1783596786.4623196,0,,1783596786462319627,0,0,5965,1783596786.4623196
/apollo_workspace/records/202607091933_MkzExample_CarlaTown01.00000.20260709193304.record,1783596786589971345,1783596786.5899715,/apollo/sensor/velodyne64/compensator/PointCloud2,apollo.drivers.PointCloud,1783596786.562491,0,,1783596786562490885,0,0,5972,1783596786.562491
/apollo_workspace/records/202607091933_MkzExample_CarlaTown01.00000.20260709193304.record,1783596786690082609,1783596786.6900826,/apollo/sensor/velodyne64/compensator/PointCloud2,apollo.drivers.PointCloud,1783596786.6626408,0,,1783596786662640957,0,0,5988,1783596786.6626408
/apollo_workspace/records/202607091933_MkzExample_CarlaTown01.00000.20260709193304.record,1783596786789925485,1783596786.7899253,/apollo/sensor/velodyne64/compensator/PointCloud2,apollo.drivers.PointCloud,1783596786.7625377,0,,1783596786762537815,0,0,5934,1783596786.7625377
/apollo_workspace/records/202607091933_MkzExample_CarlaTown01.00000.20260709193304.record,1783596786889505734,1783596786.8895059,/apollo/sensor/velodyne64/compensator/PointCloud2,apollo.drivers.PointCloud,1783596786.862525,0,,1783596786862524951,0,0,6005,1783596786.862525
/apollo_workspace/records/202607091933_MkzExample_CarlaTown01.00000.20260709193304.record,1783596786991195994,1783596786.991196,/apollo/sensor/velodyne64/compensator/PointCloud2,apollo.drivers.PointCloud,1783596786.9626257,0,,1783596786962625780,0,0,6019,1783596786.9626257
/apollo_workspace/records/202607091933_MkzExample_CarlaTown01.00000.20260709193304.record,1783596787090071049,1783596787.090071,/apollo/sensor/velodyne64/compensator/PointCloud2,apollo.drivers.PointCloud,1783596787.0624332,0,,1783596787062433394,0,0,5996,1783596787.0624332
/apollo_workspace/records/202607091933_MkzExample_CarlaTown01.00000.20260709193304.record,1783596787189599873,1783596787.1896,/apollo/sensor/velodyne64/compensator/PointCloud2,apollo.drivers.PointCloud,1783596787.162467,0,,1783596787162467133,0,0,6018,1783596787.162467
/apollo_workspace/records/202607091933_MkzExample_CarlaTown01.00000.20260709193304.record,1783596787319805675,1783596787.3198056,/apollo/sensor/velodyne64/compensator/PointCloud2,apollo.drivers.PointCloud,1783596787.2624903,0,,1783596787262490427,0,0,6025,1783596787.2624903
/apollo_workspace/records/202607091933_MkzExample_CarlaTown01.00000.20260709193304.record,1783596787402642536,1783596787.4026425,/apollo/sensor/velodyne64/compensator/PointCloud2,apollo.drivers.PointCloud,1783596787.362609,0,,1783596787362608899,0,0,5992,1783596787.362609
/apollo_workspace/records/202607091933_MkzExample_CarlaTown01.00000.20260709193304.record,1783596787514899399,1783596787.5148995,/apollo/sensor/velodyne64/compensator/PointCloud2,apollo.drivers.PointCloud,1783596787.4625597,0,,1783596787462559818,0,0,6025,1783596787.4625597
/apollo_workspace/records/202607091933_MkzExample_CarlaTown01.00000.20260709193304.record,1783596787589954750,1783596787.5899549,/apollo/sensor/velodyne64/compensator/PointCloud2,apollo.drivers.PointCloud,1783596787.5624738,0,,1783596787562473685,0,0,5972,1783596787.5624738
/apollo_workspace/records/202607091933_MkzExample_CarlaTown01.00000.20260709193304.record,1783596787691232141,1783596787.6912322,/apollo/sensor/velodyne64/compensator/PointCloud2,apollo.drivers.PointCloud,1783596787.6625402,0,,1783596787662540383,0,0,6052,1783596787.6625402
/apollo_workspace/records/202607091933_MkzExample_CarlaTown01.00000.20260709193304.record,1783596787790464033,1783596787.790464,/apollo/sensor/velodyne64/compensator/PointCloud2,apollo.drivers.PointCloud,1783596787.7624662,0,,1783596787762466390,0,0,6046,1783596787.7624662
/apollo_workspace/records/202607091933_MkzExample_CarlaTown01.00000.20260709193304.record,1783596787891153673,1783596787.8911536,/apollo/sensor/velodyne64/compensator/PointCloud2,apollo.drivers.PointCloud,1783596787.8625717,0,,1783596787862571733,0,0,6007,1783596787.8625717
/apollo_workspace/records/202607091933_MkzExample_CarlaTown01.00000.20260709193304.record,1783596787990278907,1783596787.990279,/apollo/sensor/velodyne64/compensator/PointCloud2,apollo.drivers.PointCloud,1783596787.962445,0,,1783596787962445085,0,0,5982,1783596787.962445
/apollo_workspace/records/202607091933_MkzExample_CarlaTown01.00000.20260709193304.record,1783596788090382779,1783596788.0903828,/apollo/sensor/velodyne64/compensator/PointCloud2,apollo.drivers.PointCloud,1783596788.0624838,0,,1783596788062483777,0,0,5852,1783596788.0624838
/apollo_workspace/records/202607091933_MkzExample_CarlaTown01.00000.20260709193304.record,1783596788213057890,1783596788.2130578,/apollo/sensor/velodyne64/compensator/PointCloud2,apollo.drivers.PointCloud,1783596788.1622925,0,,1783596788162292571,0,0,5948,1783596788.1622925
/apollo_workspace/records/202607091933_MkzExample_CarlaTown01.00000.20260709193304.record,1783596788304442671,1783596788.3044426,/apollo/sensor/velodyne64/compensator/PointCloud2,apollo.drivers.PointCloud,1783596788.2623568,0,,1783596788262356641,0,0,6053,1783596788.2623568
/apollo_workspace/records/202607091933_MkzExample_CarlaTown01.00000.20260709193304.record,1783596788395639258,1783596788.3956392,/apollo/sensor/velodyne64/compensator/PointCloud2,apollo.drivers.PointCloud,1783596788.3624592,0,,1783596788362459152,0,0,6035,1783596788.3624592
/apollo_workspace/records/202607091933_MkzExample_CarlaTown01.00000.20260709193304.record,1783596788491002940,1783596788.4910028,/apollo/sensor/velodyne64/compensator/PointCloud2,apollo.drivers.PointCloud,1783596788.4624553,0,,1783596788462455424,0,0,6014,1783596788.4624553
/apollo_workspace/records/202607091933_MkzExample_CarlaTown01.00000.20260709193304.record,1783596788601396002,1783596788.601396,/apollo/sensor/velodyne64/compensator/PointCloud2,apollo.drivers.PointCloud,1783596788.5625145,0,,1783596788562514369,0,0,5972,1783596788.5625145
/apollo_workspace/records/202607091933_MkzExample_CarlaTown01.00000.20260709193304.record,1783596788691400253,1783596788.6914003,/apollo/sensor/velodyne64/compensator/PointCloud2,apollo.drivers.PointCloud,1783596788.662693,0,,1783596788662692999,0,0,5966,1783596788.662693
/apollo_workspace/records/202607091933_MkzExample_CarlaTown01.00000.20260709193304.record,1783596788790973878,1783596788.790974,/apollo/sensor/velodyne64/compensator/PointCloud2,apollo.drivers.PointCloud,1783596788.762408,0,,1783596788762408063,0,0,5986,1783596788.762408
/apollo_workspace/records/202607091933_MkzExample_CarlaTown01.00000.20260709193304.record,1783596788893223889,1783596788.893224,/apollo/sensor/velodyne64/compensator/PointCloud2,apollo.drivers.PointCloud,1783596788.8634963,0,,1783596788863496114,0,0,5901,1783596788.8634963
/apollo_workspace/records/202607091933_MkzExample_CarlaTown01.00000.20260709193304.record,1783596788990476844,1783596788.9904768,/apollo/sensor/velodyne64/compensator/PointCloud2,apollo.drivers.PointCloud,1783596788.962446,0,,1783596788962446087,0,0,5930,1783596788.962446
/apollo_workspace/records/202607091933_MkzExample_CarlaTown01.00000.20260709193304.record,1783596789091484631,1783596789.0914848,/apollo/sensor/velodyne64/compensator/PointCloud2,apollo.drivers.PointCloud,1783596789.0631542,0,,1783596789063154261,0,0,5933,1783596789.0631542
/apollo_workspace/records/202607091933_MkzExample_CarlaTown01.00000.20260709193304.record,1783596789191411380,1783596789.1914115,/apollo/sensor/velodyne64/compensator/PointCloud2,apollo.drivers.PointCloud,1783596789.163104,0,,1783596789163104038,0,0,6027,1783596789.163104
/apollo_workspace/records/202607091933_MkzExample_CarlaTown01.00000.20260709193304.record,1783596789300553738,1783596789.3005538,/apollo/sensor/velodyne64/compensator/PointCloud2,apollo.drivers.PointCloud,1783596789.263166,0,,1783596789263165904,0,0,5954,1783596789.263166
/apollo_workspace/records/202607091933_MkzExample_CarlaTown01.00000.20260709193304.record,1783596789390208609,1783596789.3902085,/apollo/sensor/velodyne64/compensator/PointCloud2,apollo.drivers.PointCloud,1783596789.3626025,0,,1783596789362602583,0,0,5943,1783596789.3626025
/apollo_workspace/records/202607091933_MkzExample_CarlaTown01.00000.20260709193304.record,1783596789505844364,1783596789.5058446,/apollo/sensor/velodyne64/compensator/PointCloud2,apollo.drivers.PointCloud,1783596789.4626188,0,,1783596789462618921,0,0,6047,1783596789.4626188
/apollo_workspace/records/202607091933_MkzExample_CarlaTown01.00000.20260709193304.record,1783596789599913276,1783596789.5999131,/apollo/sensor/velodyne64/compensator/PointCloud2,apollo.drivers.PointCloud,1783596789.5624602,0,,1783596789562460172,0,0,5995,1783596789.5624602
/apollo_workspace/records/202607091933_MkzExample_CarlaTown01.00000.20260709193304.record,1783596789720112739,1783596789.7201126,/apollo/sensor/velodyne64/compensator/PointCloud2,apollo.drivers.PointCloud,1783596789.6625068,0,,1783596789662506686,0,0,6017,1783596789.6625068
/apollo_workspace/records/202607091933_MkzExample_CarlaTown01.00000.20260709193304.record,1783596789791381161,1783596789.7913814,/apollo/sensor/velodyne64/compensator/PointCloud2,apollo.drivers.PointCloud,1783596789.7626646,0,,1783596789762664364,0,0,5929,1783596789.7626646
/apollo_workspace/records/202607091933_MkzExample_CarlaTown01.00000.20260709193304.record,1783596789890313305,1783596789.8903131,/apollo/sensor/velodyne64/compensator/PointCloud2,apollo.drivers.PointCloud,1783596789.8625112,0,,1783596789862510991,0,0,5926,1783596789.8625112
/apollo_workspace/records/202607091933_MkzExample_CarlaTown01.00000.20260709193304.record,1783596789991098881,1783596789.9910989,/apollo/sensor/velodyne64/compensator/PointCloud2,apollo.drivers.PointCloud,1783596789.9626007,0,,1783596789962600765,0,0,5975,1783596789.9626007
/apollo_workspace/records/202607091933_MkzExample_CarlaTown01.00000.20260709193304.record,1783596790090609977,1783596790.09061,/apollo/sensor/velodyne64/compensator/PointCloud2,apollo.drivers.PointCloud,1783596790.0623913,0,,1783596790062391280,0,0,6007,1783596790.0623913
/apollo_workspace/records/202607091933_MkzExample_CarlaTown01.00000.20260709193304.record,1783596790202154190,1783596790.2021542,/apollo/sensor/velodyne64/compensator/PointCloud2,apollo.drivers.PointCloud,1783596790.1624908,0,,1783596790162490852,0,0,6005,1783596790.1624908
/apollo_workspace/records/202607091933_MkzExample_CarlaTown01.00000.20260709193304.record,1783596790290073102,1783596790.2900732,/apollo/sensor/velodyne64/compensator/PointCloud2,apollo.drivers.PointCloud,1783596790.2625473,0,,1783596790262547308,0,0,5933,1783596790.2625473
/apollo_workspace/records/202607091933_MkzExample_CarlaTown01.00000.20260709193304.record,1783596790390472018,1783596790.390472,/apollo/sensor/velodyne64/compensator/PointCloud2,apollo.drivers.PointCloud,1783596790.3628454,0,,1783596790362845322,0,0,5987,1783596790.3628454
/apollo_workspace/records/202607091933_MkzExample_CarlaTown01.00000.20260709193304.record,1783596790490693843,1783596790.4906938,/apollo/sensor/velodyne64/compensator/PointCloud2,apollo.drivers.PointCloud,1783596790.46249,0,,1783596790462489985,0,0,5956,1783596790.46249
/apollo_workspace/records/202607091933_MkzExample_CarlaTown01.00000.20260709193304.record,1783596790591139863,1783596790.5911398,/apollo/sensor/velodyne64/compensator/PointCloud2,apollo.drivers.PointCloud,1783596790.5623093,0,,1783596790562309480,0,0,5987,1783596790.5623093
/apollo_workspace/records/202607091933_MkzExample_CarlaTown01.00000.20260709193304.record,1783596790690180168,1783596790.69018,/apollo/sensor/velodyne64/compensator/PointCloud2,apollo.drivers.PointCloud,1783596790.6624236,0,,1783596790662423612,0,0,5980,1783596790.6624236
/apollo_workspace/records/202607091933_MkzExample_CarlaTown01.00000.20260709193304.record,1783596790791216532,1783596790.7912166,/apollo/sensor/velodyne64/compensator/PointCloud2,apollo.drivers.PointCloud,1783596790.762406,0,,1783596790762406224,0,0,6022,1783596790.762406
/apollo_workspace/records/202607091933_MkzExample_CarlaTown01.00000.20260709193304.record,1783596790900318441,1783596790.9003184,/apollo/sensor/velodyne64/compensator/PointCloud2,apollo.drivers.PointCloud,1783596790.8625293,0,,1783596790862529201,0,0,6036,1783596790.8625293
/apollo_workspace/records/202607091933_MkzExample_CarlaTown01.00000.20260709193304.record,1783596790990293188,1783596790.9902933,/apollo/sensor/velodyne64/compensator/PointCloud2,apollo.drivers.PointCloud,1783596790.9623082,0,,1783596790962307971,0,0,5916,1783596790.9623082
/apollo_workspace/records/202607091933_MkzExample_CarlaTown01.00000.20260709193304.record,1783596791090845674,1783596791.0908456,/apollo/sensor/velodyne64/compensator/PointCloud2,apollo.drivers.PointCloud,1783596791.0635676,0,,1783596791063567704,0,0,5882,1783596791.0635676
/apollo_workspace/records/202607091933_MkzExample_CarlaTown01.00000.20260709193304.record,1783596791190262944,1783596791.190263,/apollo/sensor/velodyne64/compensator/PointCloud2,apollo.drivers.PointCloud,1783596791.162398,0,,1783596791162398227,0,0,5900,1783596791.162398
/apollo_workspace/records/202607091933_MkzExample_CarlaTown01.00000.20260709193304.record,1783596791291096265,1783596791.2910962,/apollo/sensor/velodyne64/compensator/PointCloud2,apollo.drivers.PointCloud,1783596791.2631967,0,,1783596791263196730,0,0,5924,1783596791.2631967
/apollo_workspace/records/202607091933_MkzExample_CarlaTown01.00000.20260709193304.record,1783596791390591425,1783596791.3905914,/apollo/sensor/velodyne64/compensator/PointCloud2,apollo.drivers.PointCloud,1783596791.3623939,0,,1783596791362393932,0,0,6044,1783596791.3623939
/apollo_workspace/records/202607091933_MkzExample_CarlaTown01.00000.20260709193304.record,1783596791495336157,1783596791.4953363,/apollo/sensor/velodyne64/compensator/PointCloud2,apollo.drivers.PointCloud,1783596791.4624991,0,,1783596791462498956,0,0,5834,1783596791.4624991
/apollo_workspace/records/202607091933_MkzExample_CarlaTown01.00000.20260709193304.record,1783596791596634284,1783596791.5966344,/apollo/sensor/velodyne64/compensator/PointCloud2,apollo.drivers.PointCloud,1783596791.5624542,0,,1783596791562454247,0,0,5960,1783596791.5624542
/apollo_workspace/records/202607091933_MkzExample_CarlaTown01.00000.20260709193304.record,1783596791690009748,1783596791.6900098,/apollo/sensor/velodyne64/compensator/PointCloud2,apollo.drivers.PointCloud,1783596791.6624284,0,,1783596791662428538,0,0,5859,1783596791.6624284
/apollo_workspace/records/202607091933_MkzExample_CarlaTown01.00000.20260709193304.record,1783596791790665882,1783596791.7906659,/apollo/sensor/velodyne64/compensator/PointCloud2,apollo.drivers.PointCloud,1783596791.762549,0,,1783596791762548890,0,0,5978,1783596791.762549
/apollo_workspace/records/202607091933_MkzExample_CarlaTown01.00000.20260709193304.record,1783596791890956988,1783596791.890957,/apollo/sensor/velodyne64/compensator/PointCloud2,apollo.drivers.PointCloud,1783596791.8625188,0,,1783596791862518880,0,0,6047,1783596791.8625188
/apollo_workspace/records/202607091933_MkzExample_CarlaTown01.00000.20260709193304.record,1783596791990704695,1783596791.9907045,/apollo/sensor/velodyne64/compensator/PointCloud2,apollo.drivers.PointCloud,1783596791.9623954,0,,1783596791962395266,0,0,6063,1783596791.9623954
/apollo_workspace/records/202607091933_MkzExample_CarlaTown01.00000.20260709193304.record,1783596792091397982,1783596792.091398,/apollo/sensor/velodyne64/compensator/PointCloud2,apollo.drivers.PointCloud,1783596792.0627267,0,,1783596792062726678,0,0,6003,1783596792.0627267
/apollo_workspace/records/202607091933_MkzExample_CarlaTown01.00000.20260709193304.record,1783596792202032424,1783596792.2020323,/apollo/sensor/velodyne64/compensator/PointCloud2,apollo.drivers.PointCloud,1783596792.1624954,0,,1783596792162495594,0,0,6019,1783596792.1624954
/apollo_workspace/records/202607091933_MkzExample_CarlaTown01.00000.20260709193304.record,1783596792290775827,1783596792.2907758,/apollo/sensor/velodyne64/compensator/PointCloud2,apollo.drivers.PointCloud,1783596792.2624228,0,,1783596792262422848,0,0,6050,1783596792.2624228
/apollo_workspace/records/202607091933_MkzExample_CarlaTown01.00000.20260709193304.record,1783596792390624399,1783596792.3906245,/apollo/sensor/velodyne64/compensator/PointCloud2,apollo.drivers.PointCloud,1783596792.3625302,0,,1783596792362530337,0,0,6156,1783596792.3625302
/apollo_workspace/records/202607091933_MkzExample_CarlaTown01.00000.20260709193304.record,1783596792490973393,1783596792.4909735,/apollo/sensor/velodyne64/compensator/PointCloud2,apollo.drivers.PointCloud,1783596792.4628649,0,,1783596792462864824,0,0,6062,1783596792.4628649
/apollo_workspace/records/202607091933_MkzExample_CarlaTown01.00000.20260709193304.record,1783596792590584075,1783596792.590584,/apollo/sensor/velodyne64/compensator/PointCloud2,apollo.drivers.PointCloud,1783596792.5625908,0,,1783596792562590617,0,0,6112,1783596792.5625908
/apollo_workspace/records/202607091933_MkzExample_CarlaTown01.00000.20260709193304.record,1783596792690984366,1783596792.6909845,/apollo/sensor/velodyne64/compensator/PointCloud2,apollo.drivers.PointCloud,1783596792.6625118,0,,1783596792662511819,0,0,6169,1783596792.6625118
/apollo_workspace/records/202607091933_MkzExample_CarlaTown01.00000.20260709193304.record,1783596792791259024,1783596792.791259,/apollo/sensor/velodyne64/compensator/PointCloud2,apollo.drivers.PointCloud,1783596792.7625694,0,,1783596792762569564,0,0,6242,1783596792.7625694
/apollo_workspace/records/202607091933_MkzExample_CarlaTown01.00000.20260709193304.record,1783596792890551941,1783596792.890552,/apollo/sensor/velodyne64/compensator/PointCloud2,apollo.drivers.PointCloud,1783596792.8625932,0,,1783596792862593284,0,0,6068,1783596792.8625932
/apollo_workspace/records/202607091933_MkzExample_CarlaTown01.00000.20260709193304.record,1783596792991101322,1783596792.9911015,/apollo/sensor/velodyne64/compensator/PointCloud2,apollo.drivers.PointCloud,1783596792.962825,0,,1783596792962824929,0,0,6033,1783596792.962825
/apollo_workspace/records/202607091933_MkzExample_CarlaTown01.00000.20260709193304.record,1783596793090603874,1783596793.0906038,/apollo/sensor/velodyne64/compensator/PointCloud2,apollo.drivers.PointCloud,1783596793.0626292,0,,1783596793062629068,0,0,6121,1783596793.0626292
/apollo_workspace/records/202607091933_MkzExample_CarlaTown01.00000.20260709193304.record,1783596793190679649,1783596793.1906796,/apollo/sensor/velodyne64/compensator/PointCloud2,apollo.drivers.PointCloud,1783596793.1625736,0,,1783596793162573672,0,0,5943,1783596793.1625736
/apollo_workspace/records/202607091933_MkzExample_CarlaTown01.00000.20260709193304.record,1783596793291154437,1783596793.2911544,/apollo/sensor/velodyne64/compensator/PointCloud2,apollo.drivers.PointCloud,1783596793.2629771,0,,1783596793262977066,0,0,6053,1783596793.2629771
/apollo_workspace/records/202607091933_MkzExample_CarlaTown01.00000.20260709193304.record,1783596793398707814,1783596793.3987076,/apollo/sensor/velodyne64/compensator/PointCloud2,apollo.drivers.PointCloud,1783596793.3624308,0,,1783596793362430793,0,0,6053,1783596793.3624308
/apollo_workspace/records/202607091933_MkzExample_CarlaTown01.00000.20260709193304.record,1783596793491850699,1783596793.4918509,/apollo/sensor/velodyne64/compensator/PointCloud2,apollo.drivers.PointCloud,1783596793.4623246,0,,1783596793462324681,0,0,6113,1783596793.4623246
/apollo_workspace/records/202607091933_MkzExample_CarlaTown01.00000.20260709193304.record,1783596793595559513,1783596793.5955594,/apollo/sensor/velodyne64/compensator/PointCloud2,apollo.drivers.PointCloud,1783596793.5623317,0,,1783596793562331661,0,0,6020,1783596793.5623317
/apollo_workspace/records/202607091933_MkzExample_CarlaTown01.00000.20260709193304.record,1783596793690605303,1783596793.6906054,/apollo/sensor/velodyne64/compensator/PointCloud2,apollo.drivers.PointCloud,1783596793.6624563,0,,1783596793662456342,0,0,6033,1783596793.6624563
/apollo_workspace/records/202607091933_MkzExample_CarlaTown01.00000.20260709193304.record,1783596793790274192,1783596793.7902744,/apollo/sensor/velodyne64/compensator/PointCloud2,apollo.drivers.PointCloud,1783596793.7624972,0,,1783596793762497285,0,0,6018,1783596793.7624972
/apollo_workspace/records/202607091933_MkzExample_CarlaTown01.00000.20260709193304.record,1783596793889516581,1783596793.8895166,/apollo/sensor/velodyne64/compensator/PointCloud2,apollo.drivers.PointCloud,1783596793.8624427,0,,1783596793862442808,0,0,5935,1783596793.8624427
/apollo_workspace/records/202607091933_MkzExample_CarlaTown01.00000.20260709193304.record,1783596793990241292,1783596793.9902413,/apollo/sensor/velodyne64/compensator/PointCloud2,apollo.drivers.PointCloud,1783596793.9625025,0,,1783596793962502357,0,0,5935,1783596793.9625025
/apollo_workspace/records/202607091933_MkzExample_CarlaTown01.00000.20260709193304.record,1783596794089797605,1783596794.0897977,/apollo/sensor/velodyne64/compensator/PointCloud2,apollo.drivers.PointCloud,1783596794.0625374,0,,1783596794062537524,0,0,6044,1783596794.0625374
/apollo_workspace/records/202607091933_MkzExample_CarlaTown01.00000.20260709193304.record,1783596794189342781,1783596794.1893427,/apollo/sensor/velodyne64/compensator/PointCloud2,apollo.drivers.PointCloud,1783596794.1626084,0,,1783596794162608298,0,0,5907,1783596794.1626084
/apollo_workspace/records/202607091933_MkzExample_CarlaTown01.00000.20260709193304.record,1783596794290782574,1783596794.2907825,/apollo/sensor/velodyne64/compensator/PointCloud2,apollo.drivers.PointCloud,1783596794.262484,0,,1783596794262483990,0,0,5823,1783596794.262484
/apollo_workspace/records/202607091933_MkzExample_CarlaTown01.00000.20260709193304.record,1783596794390722347,1783596794.3907223,/apollo/sensor/velodyne64/compensator/PointCloud2,apollo.drivers.PointCloud,1783596794.362752,0,,1783596794362751974,0,0,5890,1783596794.362752
/apollo_workspace/records/202607091933_MkzExample_CarlaTown01.00000.20260709193304.record,1783596794490455238,1783596794.4904554,/apollo/sensor/velodyne64/compensator/PointCloud2,apollo.drivers.PointCloud,1783596794.4625032,0,,1783596794462503222,0,0,5934,1783596794.4625032
/apollo_workspace/records/202607091933_MkzExample_CarlaTown01.00000.20260709193304.record,1783596794593034566,1783596794.5930345,/apollo/sensor/velodyne64/compensator/PointCloud2,apollo.drivers.PointCloud,1783596794.5625746,0,,1783596794562574476,0,0,5946,1783596794.5625746
/apollo_workspace/records/202607091933_MkzExample_CarlaTown01.00000.20260709193304.record,1783596794690916264,1783596794.6909163,/apollo/sensor/velodyne64/compensator/PointCloud2,apollo.drivers.PointCloud,1783596794.662391,0,,1783596794662391051,0,0,6042,1783596794.662391
/apollo_workspace/records/202607091933_MkzExample_CarlaTown01.00000.20260709193304.record,1783596794799641497,1783596794.7996416,/apollo/sensor/velodyne64/compensator/PointCloud2,apollo.drivers.PointCloud,1783596794.7627263,0,,1783596794762726293,0,0,5864,1783596794.7627263
/apollo_workspace/records/202607091933_MkzExample_CarlaTown01.00000.20260709193304.record,1783596794891032870,1783596794.891033,/apollo/sensor/velodyne64/compensator/PointCloud2,apollo.drivers.PointCloud,1783596794.8626502,0,,1783596794862649986,0,0,5865,1783596794.8626502
/apollo_workspace/records/202607091933_MkzExample_CarlaTown01.00000.20260709193304.record,1783596794991399977,1783596794.9914,/apollo/sensor/velodyne64/compensator/PointCloud2,apollo.drivers.PointCloud,1783596794.9625597,0,,1783596794962559764,0,0,6002,1783596794.9625597
/apollo_workspace/records/202607091933_MkzExample_CarlaTown01.00000.20260709193304.record,1783596795090478811,1783596795.090479,/apollo/sensor/velodyne64/compensator/PointCloud2,apollo.drivers.PointCloud,1783596795.0624962,0,,1783596795062496179,0,0,5937,1783596795.0624962
/apollo_workspace/records/202607091933_MkzExample_CarlaTown01.00000.20260709193304.record,1783596795204413936,1783596795.204414,/apollo/sensor/velodyne64/compensator/PointCloud2,apollo.drivers.PointCloud,1783596795.162818,0,,1783596795162818142,0,0,5920,1783596795.162818
/apollo_workspace/records/202607091933_MkzExample_CarlaTown01.00000.20260709193304.record,1783596795290813030,1783596795.290813,/apollo/sensor/velodyne64/compensator/PointCloud2,apollo.drivers.PointCloud,1783596795.2628374,0,,1783596795262837574,0,0,5999,1783596795.2628374
/apollo_workspace/records/202607091933_MkzExample_CarlaTown01.00000.20260709193304.record,1783596795390218484,1783596795.3902185,/apollo/sensor/velodyne64/compensator/PointCloud2,apollo.drivers.PointCloud,1783596795.362504,0,,1783596795362504004,0,0,5933,1783596795.362504
/apollo_workspace/records/202607091933_MkzExample_CarlaTown01.00000.20260709193304.record,1783596795490137416,1783596795.4901373,/apollo/sensor/velodyne64/compensator/PointCloud2,apollo.drivers.PointCloud,1783596795.4627187,0,,1783596795462718610,0,0,5906,1783596795.4627187
/apollo_workspace/records/202607091933_MkzExample_CarlaTown01.00000.20260709193304.record,1783596795590261727,1783596795.5902617,/apollo/sensor/velodyne64/compensator/PointCloud2,apollo.drivers.PointCloud,1783596795.5624142,0,,1783596795562414056,0,0,6027,1783596795.5624142
/apollo_workspace/records/202607091933_MkzExample_CarlaTown01.00000.20260709193304.record,1783596795690105106,1783596795.6901052,/apollo/sensor/velodyne64/compensator/PointCloud2,apollo.drivers.PointCloud,1783596795.6625729,0,,1783596795662572808,0,0,5960,1783596795.6625729
/apollo_workspace/records/202607091933_MkzExample_CarlaTown01.00000.20260709193304.record,1783596795790219113,1783596795.790219,/apollo/sensor/velodyne64/compensator/PointCloud2,apollo.drivers.PointCloud,1783596795.762483,0,,1783596795762482845,0,0,5954,1783596795.762483
/apollo_workspace/records/202607091933_MkzExample_CarlaTown01.00000.20260709193304.record,1783596795889633847,1783596795.889634,/apollo/sensor/velodyne64/compensator/PointCloud2,apollo.drivers.PointCloud,1783596795.8624504,0,,1783596795862450350,0,0,5956,1783596795.8624504
/apollo_workspace/records/202607091933_MkzExample_CarlaTown01.00000.20260709193304.record,1783596795991288131,1783596795.991288,/apollo/sensor/velodyne64/compensator/PointCloud2,apollo.drivers.PointCloud,1783596795.9624343,0,,1783596795962434423,0,0,5999,1783596795.9624343
/apollo_workspace/records/202607091933_MkzExample_CarlaTown01.00000.20260709193304.record,1783596796091520315,1783596796.0915203,/apollo/sensor/velodyne64/compensator/PointCloud2,apollo.drivers.PointCloud,1783596796.0625675,0,,1783596796062567539,0,0,6004,1783596796.0625675
/apollo_workspace/records/202607091933_MkzExample_CarlaTown01.00000.20260709193304.record,1783596796215637402,1783596796.2156374,/apollo/sensor/velodyne64/compensator/PointCloud2,apollo.drivers.PointCloud,1783596796.1624565,0,,1783596796162456662,0,0,5889,1783596796.1624565
/apollo_workspace/records/202607091933_MkzExample_CarlaTown01.00000.20260709193304.record,1783596796309761599,1783596796.3097615,/apollo/sensor/velodyne64/compensator/PointCloud2,apollo.drivers.PointCloud,1783596796.2628605,0,,1783596796262860616,0,0,5925,1783596796.2628605
/apollo_workspace/records/202607091933_MkzExample_CarlaTown01.00000.20260709193304.record,1783596796401111810,1783596796.4011118,/apollo/sensor/velodyne64/compensator/PointCloud2,apollo.drivers.PointCloud,1783596796.3625627,0,,1783596796362562599,0,0,5946,1783596796.3625627
/apollo_workspace/records/202607091933_MkzExample_CarlaTown01.00000.20260709193304.record,1783596796490879580,1783596796.4908795,/apollo/sensor/velodyne64/compensator/PointCloud2,apollo.drivers.PointCloud,1783596796.462428,0,,1783596796462428068,0,0,5944,1783596796.462428
/apollo_workspace/records/202607091933_MkzExample_CarlaTown01.00000.20260709193304.record,1783596796590350044,1783596796.5903502,/apollo/sensor/velodyne64/compensator/PointCloud2,apollo.drivers.PointCloud,1783596796.562533,0,,1783596796562532977,0,0,5972,1783596796.562533
/apollo_workspace/records/202607091933_MkzExample_CarlaTown01.00000.20260709193304.record,1783596796690145313,1783596796.6901453,/apollo/sensor/velodyne64/compensator/PointCloud2,apollo.drivers.PointCloud,1783596796.6624098,0,,1783596796662409834,0,0,5935,1783596796.6624098
/apollo_workspace/records/202607091933_MkzExample_CarlaTown01.00000.20260709193304.record,1783596796790109767,1783596796.7901096,/apollo/sensor/velodyne64/compensator/PointCloud2,apollo.drivers.PointCloud,1783596796.7624824,0,,1783596796762482460,0,0,5958,1783596796.7624824
/apollo_workspace/records/202607091933_MkzExample_CarlaTown01.00000.20260709193304.record,1783596796889561383,1783596796.8895614,/apollo/sensor/velodyne64/compensator/PointCloud2,apollo.drivers.PointCloud,1783596796.8625305,0,,1783596796862530629,0,0,5851,1783596796.8625305
/apollo_workspace/records/202607091933_MkzExample_CarlaTown01.00000.20260709193304.record,1783596796990302649,1783596796.9903028,/apollo/sensor/velodyne64/compensator/PointCloud2,apollo.drivers.PointCloud,1783596796.9624088,0,,1783596796962408770,0,0,6005,1783596796.9624088
/apollo_workspace/records/202607091933_MkzExample_CarlaTown01.00000.20260709193304.record,1783596797089869626,1783596797.0898695,/apollo/sensor/velodyne64/compensator/PointCloud2,apollo.drivers.PointCloud,1783596797.0624712,0,,1783596797062471076,0,0,5869,1783596797.0624712
/apollo_workspace/records/202607091933_MkzExample_CarlaTown01.00000.20260709193304.record,1783596797191873053,1783596797.191873,/apollo/sensor/velodyne64/compensator/PointCloud2,apollo.drivers.PointCloud,1783596797.163276,0,,1783596797163275986,0,0,6011,1783596797.163276
/apollo_workspace/records/202607091933_MkzExample_CarlaTown01.00000.20260709193304.record,1783596797290121037,1783596797.290121,/apollo/sensor/velodyne64/compensator/PointCloud2,apollo.drivers.PointCloud,1783596797.2628918,0,,1783596797262891663,0,0,5943,1783596797.2628918
/apollo_workspace/records/202607091933_MkzExample_CarlaTown01.00000.20260709193304.record,1783596797389391050,1783596797.3893912,/apollo/sensor/velodyne64/compensator/PointCloud2,apollo.drivers.PointCloud,1783596797.3624713,0,,1783596797362471391,0,0,5848,1783596797.3624713
/apollo_workspace/records/202607091933_MkzExample_CarlaTown01.00000.20260709193304.record,1783596797490577890,1783596797.490578,/apollo/sensor/velodyne64/compensator/PointCloud2,apollo.drivers.PointCloud,1783596797.4625447,0,,1783596797462544662,0,0,5979,1783596797.4625447
/apollo_workspace/records/202607091933_MkzExample_CarlaTown01.00000.20260709193304.record,1783596797591263795,1783596797.5912638,/apollo/sensor/velodyne64/compensator/PointCloud2,apollo.drivers.PointCloud,1783596797.5624168,0,,1783596797562416806,0,0,6077,1783596797.5624168
/apollo_workspace/records/202607091933_MkzExample_CarlaTown01.00000.20260709193304.record,1783596797689857351,1783596797.6898572,/apollo/sensor/velodyne64/compensator/PointCloud2,apollo.drivers.PointCloud,1783596797.66236,0,,1783596797662360066,0,0,5959,1783596797.66236
/apollo_workspace/records/202607091933_MkzExample_CarlaTown01.00000.20260709193304.record,1783596797789728428,1783596797.7897284,/apollo/sensor/velodyne64/compensator/PointCloud2,apollo.drivers.PointCloud,1783596797.7624438,0,,1783596797762443838,0,0,5961,1783596797.7624438
/apollo_workspace/records/202607091933_MkzExample_CarlaTown01.00000.20260709193304.record,1783596797891760432,1783596797.8917603,/apollo/sensor/velodyne64/compensator/PointCloud2,apollo.drivers.PointCloud,1783596797.8623695,0,,1783596797862369499,0,0,6137,1783596797.8623695
/apollo_workspace/records/202607091933_MkzExample_CarlaTown01.00000.20260709193304.record,1783596797991159471,1783596797.9911594,/apollo/sensor/velodyne64/compensator/PointCloud2,apollo.drivers.PointCloud,1783596797.9625263,0,,1783596797962526256,0,0,6034,1783596797.9625263
/apollo_workspace/records/202607091933_MkzExample_CarlaTown01.00000.20260709193304.record,1783596798090898355,1783596798.0908985,/apollo/sensor/velodyne64/compensator/PointCloud2,apollo.drivers.PointCloud,1783596798.06239,0,,1783596798062389988,0,0,6016,1783596798.06239
/apollo_workspace/records/202607091933_MkzExample_CarlaTown01.00000.20260709193304.record,1783596798190697239,1783596798.1906972,/apollo/sensor/velodyne64/compensator/PointCloud2,apollo.drivers.PointCloud,1783596798.1625066,0,,1783596798162506598,0,0,6010,1783596798.1625066
/apollo_workspace/records/202607091933_MkzExample_CarlaTown01.00000.20260709193304.record,1783596798298658061,1783596798.2986581,/apollo/sensor/velodyne64/compensator/PointCloud2,apollo.drivers.PointCloud,1783596798.2625234,0,,1783596798262523292,0,0,5967,1783596798.2625234
/apollo_workspace/records/202607091933_MkzExample_CarlaTown01.00000.20260709193304.record,1783596798390241824,1783596798.3902419,/apollo/sensor/velodyne64/compensator/PointCloud2,apollo.drivers.PointCloud,1783596798.3622825,0,,1783596798362282568,0,0,5981,1783596798.3622825
/apollo_workspace/records/202607091933_MkzExample_CarlaTown01.00000.20260709193304.record,1783596798512053749,1783596798.5120537,/apollo/sensor/velodyne64/compensator/PointCloud2,apollo.drivers.PointCloud,1783596798.4626188,0,,1783596798462618927,0,0,5989,1783596798.4626188
/apollo_workspace/records/202607091933_MkzExample_CarlaTown01.00000.20260709193304.record,1783596798589866281,1783596798.5898662,/apollo/sensor/velodyne64/compensator/PointCloud2,apollo.drivers.PointCloud,1783596798.56239,0,,1783596798562389968,0,0,5972,1783596798.56239
/apollo_workspace/records/202607091933_MkzExample_CarlaTown01.00000.20260709193304.record,1783596798690112500,1783596798.6901126,/apollo/sensor/velodyne64/compensator/PointCloud2,apollo.drivers.PointCloud,1783596798.6625707,0,,1783596798662570669,0,0,6038,1783596798.6625707
/apollo_workspace/records/202607091933_MkzExample_CarlaTown01.00000.20260709193304.record,1783596798789891032,1783596798.789891,/apollo/sensor/velodyne64/compensator/PointCloud2,apollo.drivers.PointCloud,1783596798.7625186,0,,1783596798762518533,0,0,5953,1783596798.7625186
/apollo_workspace/records/202607091933_MkzExample_CarlaTown01.00000.20260709193304.record,1783596798891029039,1783596798.891029,/apollo/sensor/velodyne64/compensator/PointCloud2,apollo.drivers.PointCloud,1783596798.8625307,0,,1783596798862530757,0,0,6114,1783596798.8625307
/apollo_workspace/records/202607091933_MkzExample_CarlaTown01.00000.20260709193304.record,1783596798991542718,1783596798.9915428,/apollo/sensor/velodyne64/compensator/PointCloud2,apollo.drivers.PointCloud,1783596798.9626486,0,,1783596798962648535,0,0,6176,1783596798.9626486
/apollo_workspace/records/202607091933_MkzExample_CarlaTown01.00000.20260709193304.record,1783596799091239681,1783596799.0912397,/apollo/sensor/velodyne64/compensator/PointCloud2,apollo.drivers.PointCloud,1783596799.0624924,0,,1783596799062492347,0,0,6142,1783596799.0624924
/apollo_workspace/records/202607091933_MkzExample_CarlaTown01.00000.20260709193304.record,1783596799190260187,1783596799.1902602,/apollo/sensor/velodyne64/compensator/PointCloud2,apollo.drivers.PointCloud,1783596799.1624022,0,,1783596799162402159,0,0,6070,1783596799.1624022
/apollo_workspace/records/202607091933_MkzExample_CarlaTown01.00000.20260709193304.record,1783596799291525044,1783596799.2915251,/apollo/sensor/velodyne64/compensator/PointCloud2,apollo.drivers.PointCloud,1783596799.2624102,0,,1783596799262410120,0,0,6084,1783596799.2624102
/apollo_workspace/records/202607091933_MkzExample_CarlaTown01.00000.20260709193304.record,1783596799391282136,1783596799.391282,/apollo/sensor/velodyne64/compensator/PointCloud2,apollo.drivers.PointCloud,1783596799.3624606,0,,1783596799362460610,0,0,6070,1783596799.3624606
/apollo_workspace/records/202607091933_MkzExample_CarlaTown01.00000.20260709193304.record,1783596799491451298,1783596799.4914515,/apollo/sensor/velodyne64/compensator/PointCloud2,apollo.drivers.PointCloud,1783596799.4624777,0,,1783596799462477582,0,0,6008,1783596799.4624777
/apollo_workspace/records/202607091933_MkzExample_CarlaTown01.00000.20260709193304.record,1783596799590372794,1783596799.5903728,/apollo/sensor/velodyne64/compensator/PointCloud2,apollo.drivers.PointCloud,1783596799.5624404,0,,1783596799562440553,0,0,6047,1783596799.5624404
/apollo_workspace/records/202607091933_MkzExample_CarlaTown01.00000.20260709193304.record,1783596799690013725,1783596799.6900136,/apollo/sensor/velodyne64/compensator/PointCloud2,apollo.drivers.PointCloud,1783596799.6624222,0,,1783596799662422308,0,0,6019,1783596799.6624222
/apollo_workspace/records/202607091933_MkzExample_CarlaTown01.00000.20260709193304.record,1783596799790131686,1783596799.7901318,/apollo/sensor/velodyne64/compensator/PointCloud2,apollo.drivers.PointCloud,1783596799.7623525,0,,1783596799762352443,0,0,6022,1783596799.7623525
/apollo_workspace/records/202607091933_MkzExample_CarlaTown01.00000.20260709193304.record,1783596799889264353,1783596799.8892643,/apollo/sensor/velodyne64/compensator/PointCloud2,apollo.drivers.PointCloud,1783596799.8623414,0,,1783596799862341280,0,0,6043,1783596799.8623414
/apollo_workspace/records/202607091933_MkzExample_CarlaTown01.00000.20260709193304.record,1783596799990011123,1783596799.9900112,/apollo/sensor/velodyne64/compensator/PointCloud2,apollo.drivers.PointCloud,1783596799.9624555,0,,1783596799962455592,0,0,6033,1783596799.9624555
/apollo_workspace/records/202607091933_MkzExample_CarlaTown01.00000.20260709193304.record,1783596800090294590,1783596800.0902946,/apollo/sensor/velodyne64/compensator/PointCloud2,apollo.drivers.PointCloud,1783596800.0623589,0,,1783596800062358851,0,0,6003,1783596800.0623589
/apollo_workspace/records/202607091933_MkzExample_CarlaTown01.00000.20260709193304.record,1783596800190562473,1783596800.1905625,/apollo/sensor/velodyne64/compensator/PointCloud2,apollo.drivers.PointCloud,1783596800.1625729,0,,1783596800162572746,0,0,6026,1783596800.1625729
/apollo_workspace/records/202607091933_MkzExample_CarlaTown01.00000.20260709193304.record,1783596800304203085,1783596800.304203,/apollo/sensor/velodyne64/compensator/PointCloud2,apollo.drivers.PointCloud,1783596800.2625537,0,,1783596800262553594,0,0,5994,1783596800.2625537
/apollo_workspace/records/202607091933_MkzExample_CarlaTown01.00000.20260709193304.record,1783596800400649955,1783596800.40065,/apollo/sensor/velodyne64/compensator/PointCloud2,apollo.drivers.PointCloud,1783596800.3623004,0,,1783596800362300491,0,0,5973,1783596800.3623004
/apollo_workspace/records/202607091933_MkzExample_CarlaTown01.00000.20260709193304.record,1783596800489684883,1783596800.489685,/apollo/sensor/velodyne64/compensator/PointCloud2,apollo.drivers.PointCloud,1783596800.4621975,0,,1783596800462197623,0,0,5941,1783596800.4621975
/apollo_workspace/records/202607091933_MkzExample_CarlaTown01.00000.20260709193304.record,1783596800590005439,1783596800.5900054,/apollo/sensor/velodyne64/compensator/PointCloud2,apollo.drivers.PointCloud,1783596800.562336,0,,1783596800562335935,0,0,5952,1783596800.562336
/apollo_workspace/records/202607091933_MkzExample_CarlaTown01.00000.20260709193304.record,1783596800690037511,1783596800.6900375,/apollo/sensor/velodyne64/compensator/PointCloud2,apollo.drivers.PointCloud,1783596800.6623619,0,,1783596800662361783,0,0,6033,1783596800.6623619
/apollo_workspace/records/202607091933_MkzExample_CarlaTown01.00000.20260709193304.record,1783596800789996814,1783596800.7899969,/apollo/sensor/velodyne64/compensator/PointCloud2,apollo.drivers.PointCloud,1783596800.7623162,0,,1783596800762316356,0,0,6014,1783596800.7623162
/apollo_workspace/records/202607091933_MkzExample_CarlaTown01.00000.20260709193304.record,1783596800889595216,1783596800.889595,/apollo/sensor/velodyne64/compensator/PointCloud2,apollo.drivers.PointCloud,1783596800.8626356,0,,1783596800862635620,0,0,6018,1783596800.8626356
/apollo_workspace/records/202607091933_MkzExample_CarlaTown01.00000.20260709193304.record,1783596800989664312,1783596800.9896643,/apollo/sensor/velodyne64/compensator/PointCloud2,apollo.drivers.PointCloud,1783596800.9624712,0,,1783596800962471269,0,0,5990,1783596800.9624712
/apollo_workspace/records/202607091933_MkzExample_CarlaTown01.00000.20260709193304.record,1783596801090782575,1783596801.0907824,/apollo/sensor/velodyne64/compensator/PointCloud2,apollo.drivers.PointCloud,1783596801.062864,0,,1783596801062864162,0,0,6003,1783596801.062864
/apollo_workspace/records/202607091933_MkzExample_CarlaTown01.00000.20260709193304.record,1783596801191754436,1783596801.1917546,/apollo/sensor/velodyne64/compensator/PointCloud2,apollo.drivers.PointCloud,1783596801.1625738,0,,1783596801162573806,0,0,6009,1783596801.1625738
/apollo_workspace/records/202607091933_MkzExample_CarlaTown01.00000.20260709193304.record,1783596801290589435,1783596801.2905893,/apollo/sensor/velodyne64/compensator/PointCloud2,apollo.drivers.PointCloud,1783596801.2624843,0,,1783596801262484259,0,0,6023,1783596801.2624843
/apollo_workspace/records/202607091933_MkzExample_CarlaTown01.00000.20260709193304.record,1783596801390733028,1783596801.390733,/apollo/sensor/velodyne64/compensator/PointCloud2,apollo.drivers.PointCloud,1783596801.362449,0,,1783596801362448911,0,0,6025,1783596801.362449
/apollo_workspace/records/202607091933_MkzExample_CarlaTown01.00000.20260709193304.record,1783596801490521993,1783596801.4905221,/apollo/sensor/velodyne64/compensator/PointCloud2,apollo.drivers.PointCloud,1783596801.46269,0,,1783596801462689997,0,0,5968,1783596801.46269
/apollo_workspace/records/202607091933_MkzExample_CarlaTown01.00000.20260709193304.record,1783596801590709491,1783596801.5907094,/apollo/sensor/velodyne64/compensator/PointCloud2,apollo.drivers.PointCloud,1783596801.562539,0,,1783596801562538953,0,0,5997,1783596801.562539
/apollo_workspace/records/202607091933_MkzExample_CarlaTown01.00000.20260709193304.record,1783596801690564536,1783596801.6905646,/apollo/sensor/velodyne64/compensator/PointCloud2,apollo.drivers.PointCloud,1783596801.6624315,0,,1783596801662431447,0,0,6008,1783596801.6624315
/apollo_workspace/records/202607091933_MkzExample_CarlaTown01.00000.20260709193304.record,1783596801790897156,1783596801.7908971,/apollo/sensor/velodyne64/compensator/PointCloud2,apollo.drivers.PointCloud,1783596801.7625537,0,,1783596801762553696,0,0,6015,1783596801.7625537
/apollo_workspace/records/202607091933_MkzExample_CarlaTown01.00000.20260709193304.record,1783596801890960268,1783596801.8909605,/apollo/sensor/velodyne64/compensator/PointCloud2,apollo.drivers.PointCloud,1783596801.8624687,0,,1783596801862468594,0,0,6154,1783596801.8624687
/apollo_workspace/records/202607091933_MkzExample_CarlaTown01.00000.20260709193304.record,1783596801990877427,1783596801.9908774,/apollo/sensor/velodyne64/compensator/PointCloud2,apollo.drivers.PointCloud,1783596801.9625213,0,,1783596801962521354,0,0,6023,1783596801.9625213
/apollo_workspace/records/202607091933_MkzExample_CarlaTown01.00000.20260709193304.record,1783596802090571382,1783596802.0905712,/apollo/sensor/velodyne64/compensator/PointCloud2,apollo.drivers.PointCloud,1783596802.0625315,0,,1783596802062531572,0,0,5958,1783596802.0625315
/apollo_workspace/records/202607091933_MkzExample_CarlaTown01.00000.20260709193304.record,1783596802207226116,1783596802.207226,/apollo/sensor/velodyne64/compensator/PointCloud2,apollo.drivers.PointCloud,1783596802.1627169,0,,1783596802162717053,0,0,6042,1783596802.1627169
/apollo_workspace/records/202607091933_MkzExample_CarlaTown01.00000.20260709193304.record,1783596802290249600,1783596802.2902498,/apollo/sensor/velodyne64/compensator/PointCloud2,apollo.drivers.PointCloud,1783596802.262469,0,,1783596802262469148,0,0,6047,1783596802.262469
/apollo_workspace/records/202607091933_MkzExample_CarlaTown01.00000.20260709193304.record,1783596802389951651,1783596802.3899517,/apollo/sensor/velodyne64/compensator/PointCloud2,apollo.drivers.PointCloud,1783596802.3624551,0,,1783596802362455045,0,0,6030,1783596802.3624551
/apollo_workspace/records/202607091933_MkzExample_CarlaTown01.00000.20260709193304.record,1783596802490270191,1783596802.4902701,/apollo/sensor/velodyne64/compensator/PointCloud2,apollo.drivers.PointCloud,1783596802.4626472,0,,1783596802462647218,0,0,6015,1783596802.4626472
/apollo_workspace/records/202607091933_MkzExample_CarlaTown01.00000.20260709193304.record,1783596802590896863,1783596802.5908968,/apollo/sensor/velodyne64/compensator/PointCloud2,apollo.drivers.PointCloud,1783596802.562429,0,,1783596802562428981,0,0,6091,1783596802.562429
/apollo_workspace/records/202607091933_MkzExample_CarlaTown01.00000.20260709193304.record,1783596802689158031,1783596802.6891582,/apollo/sensor/velodyne64/compensator/PointCloud2,apollo.drivers.PointCloud,1783596802.6626177,0,,1783596802662617696,0,0,5903,1783596802.6626177
/apollo_workspace/records/202607091933_MkzExample_CarlaTown01.00000.20260709193304.record,1783596802789909728,1783596802.7899098,/apollo/sensor/velodyne64/compensator/PointCloud2,apollo.drivers.PointCloud,1783596802.762483,0,,1783596802762482878,0,0,5994,1783596802.762483
/apollo_workspace/records/202607091933_MkzExample_CarlaTown01.00000.20260709193304.record,1783596802899162664,1783596802.8991625,/apollo/sensor/velodyne64/compensator/PointCloud2,apollo.drivers.PointCloud,1783596802.8624775,0,,1783596802862477468,0,0,5939,1783596802.8624775
/apollo_workspace/records/202607091933_MkzExample_CarlaTown01.00000.20260709193304.record,1783596802989838062,1783596802.9898381,/apollo/sensor/velodyne64/compensator/PointCloud2,apollo.drivers.PointCloud,1783596802.9625876,0,,1783596802962587566,0,0,5946,1783596802.9625876
/apollo_workspace/records/202607091933_MkzExample_CarlaTown01.00000.20260709193304.record,1783596803090417054,1783596803.0904171,/apollo/sensor/velodyne64/compensator/PointCloud2,apollo.drivers.PointCloud,1783596803.0625117,0,,1783596803062511499,0,0,5914,1783596803.0625117
/apollo_workspace/records/202607091933_MkzExample_CarlaTown01.00000.20260709193304.record,1783596803190375684,1783596803.1903756,/apollo/sensor/velodyne64/compensator/PointCloud2,apollo.drivers.PointCloud,1783596803.1625876,0,,1783596803162587653,0,0,6008,1783596803.1625876
/apollo_workspace/records/202607091933_MkzExample_CarlaTown01.00000.20260709193304.record,1783596803296442688,1783596803.2964425,/apollo/sensor/velodyne64/compensator/PointCloud2,apollo.drivers.PointCloud,1783596803.2624466,0,,1783596803262446664,0,0,6065,1783596803.2624466
/apollo_workspace/records/202607091933_MkzExample_CarlaTown01.00000.20260709193304.record,1783596803390472821,1783596803.3904727,/apollo/sensor/velodyne64/compensator/PointCloud2,apollo.drivers.PointCloud,1783596803.3623312,0,,1783596803362331172,0,0,5958,1783596803.3623312
/apollo_workspace/records/202607091933_MkzExample_CarlaTown01.00000.20260709193304.record,1783596803489634768,1783596803.4896348,/apollo/sensor/velodyne64/compensator/PointCloud2,apollo.drivers.PointCloud,1783596803.46247,0,,1783596803462470082,0,0,5978,1783596803.46247
/apollo_workspace/records/202607091933_MkzExample_CarlaTown01.00000.20260709193304.record,1783596803589857819,1783596803.5898578,/apollo/sensor/velodyne64/compensator/PointCloud2,apollo.drivers.PointCloud,1783596803.5626717,0,,1783596803562671571,0,0,5961,1783596803.5626717
/apollo_workspace/records/202607091933_MkzExample_CarlaTown01.00000.20260709193304.record,1783596803689548350,1783596803.6895483,/apollo/sensor/velodyne64/compensator/PointCloud2,apollo.drivers.PointCloud,1783596803.6624064,0,,1783596803662406479,0,0,5894,1783596803.6624064
/apollo_workspace/records/202607091933_MkzExample_CarlaTown01.00000.20260709193304.record,1783596803789093183,1783596803.789093,/apollo/sensor/velodyne64/compensator/PointCloud2,apollo.drivers.PointCloud,1783596803.7624562,0,,1783596803762456129,0,0,5838,1783596803.7624562
/apollo_workspace/records/202607091933_MkzExample_CarlaTown01.00000.20260709193304.record,1783596803889958130,1783596803.8899581,/apollo/sensor/velodyne64/compensator/PointCloud2,apollo.drivers.PointCloud,1783596803.8625152,0,,1783596803862515112,0,0,6013,1783596803.8625152
/apollo_workspace/records/202607091933_MkzExample_CarlaTown01.00000.20260709193304.record,1783596803991575920,1783596803.9915757,/apollo/sensor/velodyne64/compensator/PointCloud2,apollo.drivers.PointCloud,1783596803.9625516,0,,1783596803962551592,0,0,5956,1783596803.9625516
/apollo_workspace/records/202607091933_MkzExample_CarlaTown01.00000.20260709193304.record,1783596804106802026,1783596804.106802,/apollo/sensor/velodyne64/compensator/PointCloud2,apollo.drivers.PointCloud,1783596804.062473,0,,1783596804062472946,0,0,5964,1783596804.062473
/apollo_workspace/records/202607091933_MkzExample_CarlaTown01.00000.20260709193304.record,1783596804189617956,1783596804.1896179,/apollo/sensor/velodyne64/compensator/PointCloud2,apollo.drivers.PointCloud,1783596804.1624358,0,,1783596804162435949,0,0,5825,1783596804.1624358
/apollo_workspace/records/202607091933_MkzExample_CarlaTown01.00000.20260709193304.record,1783596804302784001,1783596804.302784,/apollo/sensor/velodyne64/compensator/PointCloud2,apollo.drivers.PointCloud,1783596804.2623713,0,,1783596804262371359,0,0,5854,1783596804.2623713
/apollo_workspace/records/202607091933_MkzExample_CarlaTown01.00000.20260709193304.record,1783596804390163674,1783596804.3901637,/apollo/sensor/velodyne64/compensator/PointCloud2,apollo.drivers.PointCloud,1783596804.3625598,0,,1783596804362559637,0,0,5954,1783596804.3625598
/apollo_workspace/records/202607091933_MkzExample_CarlaTown01.00000.20260709193304.record,1783596804489325334,1783596804.4893253,/apollo/sensor/velodyne64/compensator/PointCloud2,apollo.drivers.PointCloud,1783596804.462667,0,,1783596804462666902,0,0,5894,1783596804.462667
/apollo_workspace/records/202607091933_MkzExample_CarlaTown01.00000.20260709193304.record,1783596804623676889,1783596804.623677,/apollo/sensor/velodyne64/compensator/PointCloud2,apollo.drivers.PointCloud,1783596804.5628731,0,,1783596804562873032,0,0,5869,1783596804.5628731
/apollo_workspace/records/202607091933_MkzExample_CarlaTown01.00000.20260709193304.record,1783596804690908059,1783596804.6909082,/apollo/sensor/velodyne64/compensator/PointCloud2,apollo.drivers.PointCloud,1783596804.6623788,0,,1783596804662378777,0,0,5892,1783596804.6623788
/apollo_workspace/records/202607091933_MkzExample_CarlaTown01.00000.20260709193304.record,1783596804790617662,1783596804.7906177,/apollo/sensor/velodyne64/compensator/PointCloud2,apollo.drivers.PointCloud,1783596804.7624068,0,,1783596804762406991,0,0,5937,1783596804.7624068
/apollo_workspace/records/202607091933_MkzExample_CarlaTown01.00000.20260709193304.record,1783596804889999709,1783596804.8899996,/apollo/sensor/velodyne64/compensator/PointCloud2,apollo.drivers.PointCloud,1783596804.8624473,0,,1783596804862447485,0,0,5899,1783596804.8624473
/apollo_workspace/records/202607091933_MkzExample_CarlaTown01.00000.20260709193304.record,1783596804990606733,1783596804.9906068,/apollo/sensor/velodyne64/compensator/PointCloud2,apollo.drivers.PointCloud,1783596804.9627852,0,,1783596804962785328,0,0,5916,1783596804.9627852
/apollo_workspace/records/202607091933_MkzExample_CarlaTown01.00000.20260709193304.record,1783596805089473348,1783596805.0894732,/apollo/sensor/velodyne64/compensator/PointCloud2,apollo.drivers.PointCloud,1783596805.0626342,0,,1783596805062634122,0,0,5857,1783596805.0626342
/apollo_workspace/records/202607091933_MkzExample_CarlaTown01.00000.20260709193304.record,1783596805189495372,1783596805.1894953,/apollo/sensor/velodyne64/compensator/PointCloud2,apollo.drivers.PointCloud,1783596805.162473,0,,1783596805162472905,0,0,5930,1783596805.162473
/apollo_workspace/records/202607091933_MkzExample_CarlaTown01.00000.20260709193304.record,1783596805298193516,1783596805.2981935,/apollo/sensor/velodyne64/compensator/PointCloud2,apollo.drivers.PointCloud,1783596805.2625766,0,,1783596805262576693,0,0,5815,1783596805.2625766
/apollo_workspace/records/202607091933_MkzExample_CarlaTown01.00000.20260709193304.record,1783596805390862478,1783596805.3908627,/apollo/sensor/velodyne64/compensator/PointCloud2,apollo.drivers.PointCloud,1783596805.3622546,0,,1783596805362254565,0,0,5922,1783596805.3622546
/apollo_workspace/records/202607091933_MkzExample_CarlaTown01.00000.20260709193304.record,1783596805491479486,1783596805.4914796,/apollo/sensor/velodyne64/compensator/PointCloud2,apollo.drivers.PointCloud,1783596805.4631486,0,,1783596805463148630,0,0,5904,1783596805.4631486
/apollo_workspace/records/202607091933_MkzExample_CarlaTown01.00000.20260709193304.record,1783596805599313138,1783596805.5993133,/apollo/sensor/velodyne64/compensator/PointCloud2,apollo.drivers.PointCloud,1783596805.5621626,0,,1783596805562162564,0,0,5838,1783596805.5621626
/apollo_workspace/records/202607091933_MkzExample_CarlaTown01.00000.20260709193304.record,1783596805689503057,1783596805.689503,/apollo/sensor/velodyne64/compensator/PointCloud2,apollo.drivers.PointCloud,1783596805.6623898,0,,1783596805662389852,0,0,5890,1783596805.6623898
/apollo_workspace/records/202607091933_MkzExample_CarlaTown01.00000.20260709193304.record,1783596805789480920,1783596805.789481,/apollo/sensor/velodyne64/compensator/PointCloud2,apollo.drivers.PointCloud,1783596805.7623007,0,,1783596805762300798,0,0,5889,1783596805.7623007
/apollo_workspace/records/202607091933_MkzExample_CarlaTown01.00000.20260709193304.record,1783596805888904344,1783596805.8889043,/apollo/sensor/velodyne64/compensator/PointCloud2,apollo.drivers.PointCloud,1783596805.8624573,0,,1783596805862457217,0,0,5818,1783596805.8624573
/apollo_workspace/records/202607091933_MkzExample_CarlaTown01.00000.20260709193304.record,1783596805989772459,1783596805.9897726,/apollo/sensor/velodyne64/compensator/PointCloud2,apollo.drivers.PointCloud,1783596805.9625945,0,,1783596805962594604,0,0,5859,1783596805.9625945
/apollo_workspace/records/202607091933_MkzExample_CarlaTown01.00000.20260709193304.record,1783596806090646879,1783596806.0906467,/apollo/sensor/velodyne64/compensator/PointCloud2,apollo.drivers.PointCloud,1783596806.0623333,0,,1783596806062333475,0,0,5879,1783596806.0623333
/apollo_workspace/records/202607091933_MkzExample_CarlaTown01.00000.20260709193304.record,1783596806188820621,1783596806.1888208,/apollo/sensor/velodyne64/compensator/PointCloud2,apollo.drivers.PointCloud,1783596806.1622934,0,,1783596806162293430,0,0,5818,1783596806.1622934
/apollo_workspace/records/202607091933_MkzExample_CarlaTown01.00000.20260709193304.record,1783596806289392220,1783596806.2893922,/apollo/sensor/velodyne64/compensator/PointCloud2,apollo.drivers.PointCloud,1783596806.2622514,0,,1783596806262251329,0,0,5876,1783596806.2622514
/apollo_workspace/records/202607091933_MkzExample_CarlaTown01.00000.20260709193304.record,1783596806390302192,1783596806.3903022,/apollo/sensor/velodyne64/compensator/PointCloud2,apollo.drivers.PointCloud,1783596806.3622458,0,,1783596806362245801,0,0,5807,1783596806.3622458
/apollo_workspace/records/202607091933_MkzExample_CarlaTown01.00000.20260709193304.record,1783596806489329066,1783596806.489329,/apollo/sensor/velodyne64/compensator/PointCloud2,apollo.drivers.PointCloud,1783596806.462234,0,,1783596806462234106,0,0,5919,1783596806.462234
/apollo_workspace/records/202607091933_MkzExample_CarlaTown01.00000.20260709193304.record,1783596806589000653,1783596806.5890007,/apollo/sensor/velodyne64/compensator/PointCloud2,apollo.drivers.PointCloud,1783596806.5624049,0,,1783596806562404983,0,0,5787,1783596806.5624049
/apollo_workspace/records/202607091933_MkzExample_CarlaTown01.00000.20260709193304.record,1783596806689745310,1783596806.6897454,/apollo/sensor/velodyne64/compensator/PointCloud2,apollo.drivers.PointCloud,1783596806.662356,0,,1783596806662355972,0,0,5864,1783596806.662356
/apollo_workspace/records/202607091933_MkzExample_CarlaTown01.00000.20260709193304.record,1783596806790953175,1783596806.7909532,/apollo/sensor/velodyne64/compensator/PointCloud2,apollo.drivers.PointCloud,1783596806.7623405,0,,1783596806762340694,0,0,5852,1783596806.7623405
/apollo_workspace/records/202607091933_MkzExample_CarlaTown01.00000.20260709193304.record,1783596806906954267,1783596806.9069543,/apollo/sensor/velodyne64/compensator/PointCloud2,apollo.drivers.PointCloud,1783596806.8628201,0,,1783596806862820062,0,0,5924,1783596806.8628201
/apollo_workspace/records/202607091933_MkzExample_CarlaTown01.00000.20260709193304.record,1783596806989611315,1783596806.9896111,/apollo/sensor/velodyne64/compensator/PointCloud2,apollo.drivers.PointCloud,1783596806.9624238,0,,1783596806962423860,0,0,5883,1783596806.9624238
/apollo_workspace/records/202607091933_MkzExample_CarlaTown01.00000.20260709193304.record,1783596807090096673,1783596807.0900967,/apollo/sensor/velodyne64/compensator/PointCloud2,apollo.drivers.PointCloud,1783596807.0623446,0,,1783596807062344370,0,0,5899,1783596807.0623446
/apollo_workspace/records/202607091933_MkzExample_CarlaTown01.00000.20260709193304.record,1783596807189715491,1783596807.1897154,/apollo/sensor/velodyne64/compensator/PointCloud2,apollo.drivers.PointCloud,1783596807.16222,0,,1783596807162219927,0,0,5808,1783596807.16222
/apollo_workspace/records/202607091933_MkzExample_CarlaTown01.00000.20260709193304.record,1783596807289856684,1783596807.2898567,/apollo/sensor/velodyne64/compensator/PointCloud2,apollo.drivers.PointCloud,1783596807.2623234,0,,1783596807262323408,0,0,5866,1783596807.2623234
/apollo_workspace/records/202607091933_MkzExample_CarlaTown01.00000.20260709193304.record,1783596807398193223,1783596807.3981931,/apollo/sensor/velodyne64/compensator/PointCloud2,apollo.drivers.PointCloud,1783596807.3623843,0,,1783596807362384408,0,0,5836,1783596807.3623843
/apollo_workspace/records/202607091933_MkzExample_CarlaTown01.00000.20260709193304.record,1783596807489851707,1783596807.4898517,/apollo/sensor/velodyne64/compensator/PointCloud2,apollo.drivers.PointCloud,1783596807.4624317,0,,1783596807462431683,0,0,5902,1783596807.4624317
/apollo_workspace/records/202607091933_MkzExample_CarlaTown01.00000.20260709193304.record,1783596807599813740,1783596807.5998137,/apollo/sensor/velodyne64/compensator/PointCloud2,apollo.drivers.PointCloud,1783596807.5623167,0,,1783596807562316478,0,0,5912,1783596807.5623167
/apollo_workspace/records/202607091933_MkzExample_CarlaTown01.00000.20260709193304.record,1783596807689036255,1783596807.6890364,/apollo/sensor/velodyne64/compensator/PointCloud2,apollo.drivers.PointCloud,1783596807.6623204,0,,1783596807662320468,0,0,5826,1783596807.6623204
/apollo_workspace/records/202607091933_MkzExample_CarlaTown01.00000.20260709193304.record,1783596807790086357,1783596807.7900865,/apollo/sensor/velodyne64/compensator/PointCloud2,apollo.drivers.PointCloud,1783596807.7623954,0,,1783596807762395432,0,0,5815,1783596807.7623954
/apollo_workspace/records/202607091933_MkzExample_CarlaTown01.00000.20260709193304.record,1783596807889625686,1783596807.8896255,/apollo/sensor/velodyne64/compensator/PointCloud2,apollo.drivers.PointCloud,1783596807.862389,0,,1783596807862389109,0,0,5781,1783596807.862389
/apollo_workspace/records/202607091933_MkzExample_CarlaTown01.00000.20260709193304.record,1783596807989339577,1783596807.9893396,/apollo/sensor/velodyne64/compensator/PointCloud2,apollo.drivers.PointCloud,1783596807.9623725,0,,1783596807962372598,0,0,5876,1783596807.9623725
/apollo_workspace/records/202607091933_MkzExample_CarlaTown01.00000.20260709193304.record,1783596808090077739,1783596808.0900776,/apollo/sensor/velodyne64/compensator/PointCloud2,apollo.drivers.PointCloud,1783596808.0623956,0,,1783596808062395721,0,0,5761,1783596808.0623956
/apollo_workspace/records/202607091933_MkzExample_CarlaTown01.00000.20260709193304.record,1783596808189513546,1783596808.1895134,/apollo/sensor/velodyne64/compensator/PointCloud2,apollo.drivers.PointCloud,1783596808.1626365,0,,1783596808162636521,0,0,5818,1783596808.1626365
/apollo_workspace/records/202607091933_MkzExample_CarlaTown01.00000.20260709193304.record,1783596808290052121,1783596808.2900522,/apollo/sensor/velodyne64/compensator/PointCloud2,apollo.drivers.PointCloud,1783596808.26253,0,,1783596808262530040,0,0,5880,1783596808.26253
/apollo_workspace/records/202607091933_MkzExample_CarlaTown01.00000.20260709193304.record,1783596808389727612,1783596808.3897276,/apollo/sensor/velodyne64/compensator/PointCloud2,apollo.drivers.PointCloud,1783596808.3624625,0,,1783596808362462443,0,0,5903,1783596808.3624625
/apollo_workspace/records/202607091933_MkzExample_CarlaTown01.00000.20260709193304.record,1783596808513722191,1783596808.5137222,/apollo/sensor/velodyne64/compensator/PointCloud2,apollo.drivers.PointCloud,1783596808.4627218,0,,1783596808462721790,0,0,5822,1783596808.4627218
/apollo_workspace/records/202607091933_MkzExample_CarlaTown01.00000.20260709193304.record,1783596808589397926,1783596808.589398,/apollo/sensor/velodyne64/compensator/PointCloud2,apollo.drivers.PointCloud,1783596808.5623538,0,,1783596808562353875,0,0,5811,1783596808.5623538
/apollo_workspace/records/202607091933_MkzExample_CarlaTown01.00000.20260709193304.record,1783596808706110805,1783596808.7061107,/apollo/sensor/velodyne64/compensator/PointCloud2,apollo.drivers.PointCloud,1783596808.6622915,0,,1783596808662291574,0,0,5847,1783596808.6622915
/apollo_workspace/records/202607091933_MkzExample_CarlaTown01.00000.20260709193304.record,1783596808790204704,1783596808.7902048,/apollo/sensor/velodyne64/compensator/PointCloud2,apollo.drivers.PointCloud,1783596808.7623618,0,,1783596808762361816,0,0,5950,1783596808.7623618
/apollo_workspace/records/202607091933_MkzExample_CarlaTown01.00000.20260709193304.record,1783596808889460253,1783596808.8894603,/apollo/sensor/velodyne64/compensator/PointCloud2,apollo.drivers.PointCloud,1783596808.86241,0,,1783596808862409879,0,0,5891,1783596808.86241
/apollo_workspace/records/202607091933_MkzExample_CarlaTown01.00000.20260709193304.record,1783596808989389956,1783596808.9893901,/apollo/sensor/velodyne64/compensator/PointCloud2,apollo.drivers.PointCloud,1783596808.9626064,0,,1783596808962606300,0,0,5791,1783596808.9626064
/apollo_workspace/records/202607091933_MkzExample_CarlaTown01.00000.20260709193304.record,1783596809092202354,1783596809.0922022,/apollo/sensor/velodyne64/compensator/PointCloud2,apollo.drivers.PointCloud,1783596809.062388,0,,1783596809062387975,0,0,5764,1783596809.062388
/apollo_workspace/records/202607091933_MkzExample_CarlaTown01.00000.20260709193304.record,1783596809189547061,1783596809.189547,/apollo/sensor/velodyne64/compensator/PointCloud2,apollo.drivers.PointCloud,1783596809.162413,0,,1783596809162412849,0,0,5800,1783596809.162413
/apollo_workspace/records/202607091933_MkzExample_CarlaTown01.00000.20260709193304.record,1783596809288896563,1783596809.2888966,/apollo/sensor/velodyne64/compensator/PointCloud2,apollo.drivers.PointCloud,1783596809.2623556,0,,1783596809262355482,0,0,5847,1783596809.2623556
/apollo_workspace/records/202607091933_MkzExample_CarlaTown01.00000.20260709193304.record,1783596809388330867,1783596809.3883307,/apollo/sensor/velodyne64/compensator/PointCloud2,apollo.drivers.PointCloud,1783596809.362231,0,,1783596809362231162,0,0,5865,1783596809.362231
/apollo_workspace/records/202607091933_MkzExample_CarlaTown01.00000.20260709193304.record,1783596809489269671,1783596809.4892697,/apollo/sensor/velodyne64/compensator/PointCloud2,apollo.drivers.PointCloud,1783596809.4621723,0,,1783596809462172062,0,0,5862,1783596809.4621723
/apollo_workspace/records/202607091933_MkzExample_CarlaTown01.00000.20260709193304.record,1783596809588638150,1783596809.5886383,/apollo/sensor/velodyne64/compensator/PointCloud2,apollo.drivers.PointCloud,1783596809.562281,0,,1783596809562281046,0,0,5758,1783596809.562281
/apollo_workspace/records/202607091933_MkzExample_CarlaTown01.00000.20260709193304.record,1783596809694765378,1783596809.6947653,/apollo/sensor/velodyne64/compensator/PointCloud2,apollo.drivers.PointCloud,1783596809.6622899,0,,1783596809662289910,0,0,5855,1783596809.6622899
/apollo_workspace/records/202607091933_MkzExample_CarlaTown01.00000.20260709193304.record,1783596809789329886,1783596809.78933,/apollo/sensor/velodyne64/compensator/PointCloud2,apollo.drivers.PointCloud,1783596809.7623296,0,,1783596809762329584,0,0,5827,1783596809.7623296
/apollo_workspace/records/202607091933_MkzExample_CarlaTown01.00000.20260709193304.record,1783596809889108770,1783596809.8891087,/apollo/sensor/velodyne64/compensator/PointCloud2,apollo.drivers.PointCloud,1783596809.8624988,0,,1783596809862498692,0,0,5845,1783596809.8624988
/apollo_workspace/records/202607091933_MkzExample_CarlaTown01.00000.20260709193304.record,1783596809989603153,1783596809.989603,/apollo/sensor/velodyne64/compensator/PointCloud2,apollo.drivers.PointCloud,1783596809.9624014,0,,1783596809962401184,0,0,5835,1783596809.9624014
/apollo_workspace/records/202607091933_MkzExample_CarlaTown01.00000.20260709193304.record,1783596810090980651,1783596810.0909805,/apollo/sensor/velodyne64/compensator/PointCloud2,apollo.drivers.PointCloud,1783596810.0634098,0,,1783596810063409995,0,0,5884,1783596810.0634098
/apollo_workspace/records/202607091933_MkzExample_CarlaTown01.00000.20260709193304.record,1783596810188782292,1783596810.1887825,/apollo/sensor/velodyne64/compensator/PointCloud2,apollo.drivers.PointCloud,1783596810.1624432,0,,1783596810162443212,0,0,5797,1783596810.1624432
/apollo_workspace/records/202607091933_MkzExample_CarlaTown01.00000.20260709193304.record,1783596810322502958,1783596810.3225029,/apollo/sensor/velodyne64/compensator/PointCloud2,apollo.drivers.PointCloud,1783596810.2623453,0,,1783596810262345112,0,0,5891,1783596810.2623453
/apollo_workspace/records/202607091933_MkzExample_CarlaTown01.00000.20260709193304.record,1783596810389103559,1783596810.3891037,/apollo/sensor/velodyne64/compensator/PointCloud2,apollo.drivers.PointCloud,1783596810.3624256,0,,1783596810362425637,0,0,5768,1783596810.3624256
/apollo_workspace/records/202607091933_MkzExample_CarlaTown01.00000.20260709193304.record,1783596810489703927,1783596810.489704,/apollo/sensor/velodyne64/compensator/PointCloud2,apollo.drivers.PointCloud,1783596810.46317,0,,1783596810463170037,0,0,5800,1783596810.46317
/apollo_workspace/records/202607091933_MkzExample_CarlaTown01.00000.20260709193304.record,1783596810621418901,1783596810.621419,/apollo/sensor/velodyne64/compensator/PointCloud2,apollo.drivers.PointCloud,1783596810.5632024,0,,1783596810563202238,0,0,5774,1783596810.5632024
/apollo_workspace/records/202607091933_MkzExample_CarlaTown01.00000.20260709193304.record,1783596810689085181,1783596810.6890852,/apollo/sensor/velodyne64/compensator/PointCloud2,apollo.drivers.PointCloud,1783596810.6626034,0,,1783596810662603173,0,0,5827,1783596810.6626034
/apollo_workspace/records/202607091933_MkzExample_CarlaTown01.00000.20260709193304.record,1783596810820541400,1783596810.8205414,/apollo/sensor/velodyne64/compensator/PointCloud2,apollo.drivers.PointCloud,1783596810.7623549,0,,1783596810762355048,0,0,5777,1783596810.7623549
/apollo_workspace/records/202607091933_MkzExample_CarlaTown01.00000.20260709193304.record,1783596810911760454,1783596810.9117603,/apollo/sensor/velodyne64/compensator/PointCloud2,apollo.drivers.PointCloud,1783596810.862312,0,,1783596810862312174,0,0,5803,1783596810.862312
/apollo_workspace/records/202607091933_MkzExample_CarlaTown01.00000.20260709193304.record,1783596810991572726,1783596810.9915726,/apollo/sensor/velodyne64/compensator/PointCloud2,apollo.drivers.PointCloud,1783596810.9624133,0,,1783596810962413286,0,0,5868,1783596810.9624133
/apollo_workspace/records/202607091933_MkzExample_CarlaTown01.00000.20260709193304.record,1783596811094369252,1783596811.0943692,/apollo/sensor/velodyne64/compensator/PointCloud2,apollo.drivers.PointCloud,1783596811.0631018,0,,1783596811063101569,0,0,5865,1783596811.0631018
/apollo_workspace/records/202607091933_MkzExample_CarlaTown01.00000.20260709193304.record,1783596811192305263,1783596811.192305,/apollo/sensor/velodyne64/compensator/PointCloud2,apollo.drivers.PointCloud,1783596811.1623075,0,,1783596811162307612,0,0,5889,1783596811.1623075
/apollo_workspace/records/202607091933_MkzExample_CarlaTown01.00000.20260709193304.record,1783596811295702053,1783596811.295702,/apollo/sensor/velodyne64/compensator/PointCloud2,apollo.drivers.PointCloud,1783596811.2623594,0,,1783596811262359176,0,0,5866,1783596811.2623594
/apollo_workspace/records/202607091933_MkzExample_CarlaTown01.00000.20260709193304.record,1783596811389887708,1783596811.3898878,/apollo/sensor/velodyne64/compensator/PointCloud2,apollo.drivers.PointCloud,1783596811.3623645,0,,1783596811362364382,0,0,5866,1783596811.3623645
/apollo_workspace/records/202607091933_MkzExample_CarlaTown01.00000.20260709193304.record,1783596811514714747,1783596811.5147147,/apollo/sensor/velodyne64/compensator/PointCloud2,apollo.drivers.PointCloud,1783596811.4623199,0,,1783596811462319868,0,0,5893,1783596811.4623199
/apollo_workspace/records/202607091933_MkzExample_CarlaTown01.00000.20260709193304.record,1783596811589268066,1783596811.589268,/apollo/sensor/velodyne64/compensator/PointCloud2,apollo.drivers.PointCloud,1783596811.5622692,0,,1783596811562269251,0,0,5829,1783596811.5622692
/apollo_workspace/records/202607091933_MkzExample_CarlaTown01.00000.20260709193304.record,1783596811689745392,1783596811.6897454,/apollo/sensor/velodyne64/compensator/PointCloud2,apollo.drivers.PointCloud,1783596811.6623492,0,,1783596811662349424,0,0,5880,1783596811.6623492
/apollo_workspace/records/202607091933_MkzExample_CarlaTown01.00000.20260709193304.record,1783596811789498612,1783596811.7894986,/apollo/sensor/velodyne64/compensator/PointCloud2,apollo.drivers.PointCloud,1783596811.7623463,0,,1783596811762346302,0,0,5896,1783596811.7623463
/apollo_workspace/records/202607091933_MkzExample_CarlaTown01.00000.20260709193304.record,1783596811889981634,1783596811.8899817,/apollo/sensor/velodyne64/compensator/PointCloud2,apollo.drivers.PointCloud,1783596811.863074,0,,1783596811863074061,0,0,5897,1783596811.863074
/apollo_workspace/records/202607091933_MkzExample_CarlaTown01.00000.20260709193304.record,1783596811988832058,1783596811.988832,/apollo/sensor/velodyne64/compensator/PointCloud2,apollo.drivers.PointCloud,1783596811.9623146,0,,1783596811962314597,0,0,5894,1783596811.9623146
/apollo_workspace/records/202607091933_MkzExample_CarlaTown01.00000.20260709193304.record,1783596812101219789,1783596812.10122,/apollo/sensor/velodyne64/compensator/PointCloud2,apollo.drivers.PointCloud,1783596812.063391,0,,1783596812063390984,0,0,5856,1783596812.063391
/apollo_workspace/records/202607091933_MkzExample_CarlaTown01.00000.20260709193304.record,1783596812190568449,1783596812.1905684,/apollo/sensor/velodyne64/compensator/PointCloud2,apollo.drivers.PointCloud,1783596812.1623645,0,,1783596812162364509,0,0,5773,1783596812.1623645
/apollo_workspace/records/202607091933_MkzExample_CarlaTown01.00000.20260709193304.record,1783596812288919313,1783596812.2889192,/apollo/sensor/velodyne64/compensator/PointCloud2,apollo.drivers.PointCloud,1783596812.2626252,0,,1783596812262625160,0,0,5779,1783596812.2626252
/apollo_workspace/records/202607091933_MkzExample_CarlaTown01.00000.20260709193304.record,1783596812388967193,1783596812.3889673,/apollo/sensor/velodyne64/compensator/PointCloud2,apollo.drivers.PointCloud,1783596812.3631692,0,,1783596812363169318,0,0,5822,1783596812.3631692
/apollo_workspace/records/202607091933_MkzExample_CarlaTown01.00000.20260709193304.record,1783596812489830765,1783596812.4898307,/apollo/sensor/velodyne64/compensator/PointCloud2,apollo.drivers.PointCloud,1783596812.4623673,0,,1783596812462367299,0,0,5930,1783596812.4623673
/apollo_workspace/records/202607091933_MkzExample_CarlaTown01.00000.20260709193304.record,1783596812589564666,1783596812.5895646,/apollo/sensor/velodyne64/compensator/PointCloud2,apollo.drivers.PointCloud,1783596812.5628147,0,,1783596812562814754,0,0,5782,1783596812.5628147
/apollo_workspace/records/202607091933_MkzExample_CarlaTown01.00000.20260709193304.record,1783596812689482354,1783596812.6894822,/apollo/sensor/velodyne64/compensator/PointCloud2,apollo.drivers.PointCloud,1783596812.6623518,0,,1783596812662351792,0,0,5775,1783596812.6623518
/apollo_workspace/records/202607091933_MkzExample_CarlaTown01.00000.20260709193304.record,1783596812789726767,1783596812.7897267,/apollo/sensor/velodyne64/compensator/PointCloud2,apollo.drivers.PointCloud,1783596812.7623496,0,,1783596812762349527,0,0,5846,1783596812.7623496
/apollo_workspace/records/202607091933_MkzExample_CarlaTown01.00000.20260709193304.record,1783596812903920149,1783596812.9039202,/apollo/sensor/velodyne64/compensator/PointCloud2,apollo.drivers.PointCloud,1783596812.862328,0,,1783596812862328092,0,0,5884,1783596812.862328
/apollo_workspace/records/202607091933_MkzExample_CarlaTown01.00000.20260709193304.record,1783596813004787867,1783596813.004788,/apollo/sensor/velodyne64/compensator/PointCloud2,apollo.drivers.PointCloud,1783596812.9628549,0,,1783596812962854966,0,0,5858,1783596812.9628549
/apollo_workspace/records/202607091933_MkzExample_CarlaTown01.00000.20260709193304.record,1783596813119218819,1783596813.1192188,/apollo/sensor/velodyne64/compensator/PointCloud2,apollo.drivers.PointCloud,1783596813.0632765,0,,1783596813063276584,0,0,5873,1783596813.0632765
/apollo_workspace/records/202607091933_MkzExample_CarlaTown01.00000.20260709193304.record,1783596813189984666,1783596813.1899848,/apollo/sensor/velodyne64/compensator/PointCloud2,apollo.drivers.PointCloud,1783596813.1624687,0,,1783596813162468543,0,0,5897,1783596813.1624687
/apollo_workspace/records/202607091933_MkzExample_CarlaTown01.00000.20260709193304.record,1783596813290221175,1783596813.290221,/apollo/sensor/velodyne64/compensator/PointCloud2,apollo.drivers.PointCloud,1783596813.2623787,0,,1783596813262378741,0,0,5907,1783596813.2623787
/apollo_workspace/records/202607091933_MkzExample_CarlaTown01.00000.20260709193304.record,1783596813422524800,1783596813.422525,/apollo/sensor/velodyne64/compensator/PointCloud2,apollo.drivers.PointCloud,1783596813.3623624,0,,1783596813362362419,0,0,5933,1783596813.3623624
/apollo_workspace/records/202607091933_MkzExample_CarlaTown01.00000.20260709193304.record,1783596813514325476,1783596813.5143256,/apollo/sensor/velodyne64/compensator/PointCloud2,apollo.drivers.PointCloud,1783596813.4626842,0,,1783596813462684182,0,0,5878,1783596813.4626842
/apollo_workspace/records/202607091933_MkzExample_CarlaTown01.00000.20260709193304.record,1783596813590854733,1783596813.5908546,/apollo/sensor/velodyne64/compensator/PointCloud2,apollo.drivers.PointCloud,1783596813.5630288,0,,1783596813563028807,0,0,5928,1783596813.5630288
/apollo_workspace/records/202607091933_MkzExample_CarlaTown01.00000.20260709193304.record,1783596813690171421,1783596813.6901715,/apollo/sensor/velodyne64/compensator/PointCloud2,apollo.drivers.PointCloud,1783596813.6623235,0,,1783596813662323494,0,0,5942,1783596813.6623235
/apollo_workspace/records/202607091933_MkzExample_CarlaTown01.00000.20260709193304.record,1783596813794102448,1783596813.7941024,/apollo/sensor/velodyne64/compensator/PointCloud2,apollo.drivers.PointCloud,1783596813.763326,0,,1783596813763326004,0,0,5963,1783596813.763326
/apollo_workspace/records/202607091933_MkzExample_CarlaTown01.00000.20260709193304.record,1783596813890205713,1783596813.8902056,/apollo/sensor/velodyne64/compensator/PointCloud2,apollo.drivers.PointCloud,1783596813.862574,0,,1783596813862574135,0,0,5902,1783596813.862574
/apollo_workspace/records/202607091933_MkzExample_CarlaTown01.00000.20260709193304.record,1783596814004003793,1783596814.0040038,/apollo/sensor/velodyne64/compensator/PointCloud2,apollo.drivers.PointCloud,1783596813.9623895,0,,1783596813962389523,0,0,5928,1783596813.9623895
/apollo_workspace/records/202607091933_MkzExample_CarlaTown01.00000.20260709193304.record,1783596814123851431,1783596814.1238515,/apollo/sensor/velodyne64/compensator/PointCloud2,apollo.drivers.PointCloud,1783596814.0621886,0,,1783596814062188562,0,0,6018,1783596814.0621886
/apollo_workspace/records/202607091933_MkzExample_CarlaTown01.00000.20260709193304.record,1783596814195555179,1783596814.195555,/apollo/sensor/velodyne64/compensator/PointCloud2,apollo.drivers.PointCloud,1783596814.162413,0,,1783596814162412885,0,0,5923,1783596814.162413
/apollo_workspace/records/202607091933_MkzExample_CarlaTown01.00000.20260709193304.record,1783596814294264274,1783596814.2942643,/apollo/sensor/velodyne64/compensator/PointCloud2,apollo.drivers.PointCloud,1783596814.2623148,0,,1783596814262314751,0,0,5961,1783596814.2623148
/apollo_workspace/records/202607091933_MkzExample_CarlaTown01.00000.20260709193304.record,1783596814389999279,1783596814.3899994,/apollo/sensor/velodyne64/compensator/PointCloud2,apollo.drivers.PointCloud,1783596814.3622892,0,,1783596814362289166,0,0,5957,1783596814.3622892
/apollo_workspace/records/202607091933_MkzExample_CarlaTown01.00000.20260709193304.record,1783596814490738739,1783596814.4907386,/apollo/sensor/velodyne64/compensator/PointCloud2,apollo.drivers.PointCloud,1783596814.4624126,0,,1783596814462412549,0,0,5934,1783596814.4624126
/apollo_workspace/records/202607091933_MkzExample_CarlaTown01.00000.20260709193304.record,1783596814589558780,1783596814.5895588,/apollo/sensor/velodyne64/compensator/PointCloud2,apollo.drivers.PointCloud,1783596814.5623934,0,,1783596814562393384,0,0,5954,1783596814.5623934
/apollo_workspace/records/202607091933_MkzExample_CarlaTown01.00000.20260709193304.record,1783596814689578486,1783596814.6895785,/apollo/sensor/velodyne64/compensator/PointCloud2,apollo.drivers.PointCloud,1783596814.6624327,0,,1783596814662432754,0,0,5992,1783596814.6624327
/apollo_workspace/records/202607091933_MkzExample_CarlaTown01.00000.20260709193304.record,1783596814790623263,1783596814.7906232,/apollo/sensor/velodyne64/compensator/PointCloud2,apollo.drivers.PointCloud,1783596814.7624037,0,,1783596814762403942,0,0,5874,1783596814.7624037
/apollo_workspace/records/202607091933_MkzExample_CarlaTown01.00000.20260709193304.record,1783596814890428374,1783596814.8904283,/apollo/sensor/velodyne64/compensator/PointCloud2,apollo.drivers.PointCloud,1783596814.8627481,0,,1783596814862748170,0,0,5915,1783596814.8627481
/apollo_workspace/records/202607091933_MkzExample_CarlaTown01.00000.20260709193304.record,1783596814990952183,1783596814.9909523,/apollo/sensor/velodyne64/compensator/PointCloud2,apollo.drivers.PointCloud,1783596814.9627197,0,,1783596814962719829,0,0,6065,1783596814.9627197
/apollo_workspace/records/202607091933_MkzExample_CarlaTown01.00000.20260709193304.record,1783596815098621439,1783596815.0986214,/apollo/sensor/velodyne64/compensator/PointCloud2,apollo.drivers.PointCloud,1783596815.0623863,0,,1783596815062386299,0,0,6077,1783596815.0623863
/apollo_workspace/records/202607091933_MkzExample_CarlaTown01.00000.20260709193304.record,1783596815223247098,1783596815.223247,/apollo/sensor/velodyne64/compensator/PointCloud2,apollo.drivers.PointCloud,1783596815.1623728,0,,1783596815162372901,0,0,5937,1783596815.1623728
/apollo_workspace/records/202607091933_MkzExample_CarlaTown01.00000.20260709193304.record,1783596815297569859,1783596815.2975698,/apollo/sensor/velodyne64/compensator/PointCloud2,apollo.drivers.PointCloud,1783596815.262272,0,,1783596815262271894,0,0,5988,1783596815.262272
/apollo_workspace/records/202607091933_MkzExample_CarlaTown01.00000.20260709193304.record,1783596815390122834,1783596815.3901227,/apollo/sensor/velodyne64/compensator/PointCloud2,apollo.drivers.PointCloud,1783596815.36237,0,,1783596815362370163,0,0,6040,1783596815.36237
/apollo_workspace/records/202607091933_MkzExample_CarlaTown01.00000.20260709193304.record,1783596815490944248,1783596815.4909441,/apollo/sensor/velodyne64/compensator/PointCloud2,apollo.drivers.PointCloud,1783596815.4623704,0,,1783596815462370300,0,0,6037,1783596815.4623704
/apollo_workspace/records/202607091933_MkzExample_CarlaTown01.00000.20260709193304.record,1783596815589840962,1783596815.589841,/apollo/sensor/velodyne64/compensator/PointCloud2,apollo.drivers.PointCloud,1783596815.562403,0,,1783596815562402999,0,0,5960,1783596815.562403
/apollo_workspace/records/202607091933_MkzExample_CarlaTown01.00000.20260709193304.record,1783596815691002764,1783596815.6910028,/apollo/sensor/velodyne64/compensator/PointCloud2,apollo.drivers.PointCloud,1783596815.662336,0,,1783596815662336128,0,0,6086,1783596815.662336
/apollo_workspace/records/202607091933_MkzExample_CarlaTown01.00000.20260709193304.record,1783596815790496638,1783596815.7904966,/apollo/sensor/velodyne64/compensator/PointCloud2,apollo.drivers.PointCloud,1783596815.7623577,0,,1783596815762357686,0,0,6013,1783596815.7623577
/apollo_workspace/records/202607091933_MkzExample_CarlaTown01.00000.20260709193304.record,1783596815891757642,1783596815.8917575,/apollo/sensor/velodyne64/compensator/PointCloud2,apollo.drivers.PointCloud,1783596815.8632603,0,,1783596815863260111,0,0,6064,1783596815.8632603
/apollo_workspace/records/202607091933_MkzExample_CarlaTown01.00000.20260709193304.record,1783596815991329118,1783596815.991329,/apollo/sensor/velodyne64/compensator/PointCloud2,apollo.drivers.PointCloud,1783596815.9626992,0,,1783596815962699378,0,0,6046,1783596815.9626992
/apollo_workspace/records/202607091933_MkzExample_CarlaTown01.00000.20260709193304.record,1783596816090521484,1783596816.0905216,/apollo/sensor/velodyne64/compensator/PointCloud2,apollo.drivers.PointCloud,1783596816.0623524,0,,1783596816062352507,0,0,6029,1783596816.0623524
/apollo_workspace/records/202607091933_MkzExample_CarlaTown01.00000.20260709193304.record,1783596816189427830,1783596816.1894276,/apollo/sensor/velodyne64/compensator/PointCloud2,apollo.drivers.PointCloud,1783596816.1623356,0,,1783596816162335694,0,0,6002,1783596816.1623356
/apollo_workspace/records/202607091933_MkzExample_CarlaTown01.00000.20260709193304.record,1783596816290352893,1783596816.2903528,/apollo/sensor/velodyne64/compensator/PointCloud2,apollo.drivers.PointCloud,1783596816.2623894,0,,1783596816262389486,0,0,6096,1783596816.2623894
/apollo_workspace/records/202607091933_MkzExample_CarlaTown01.00000.20260709193304.record,1783596816390418296,1783596816.3904183,/apollo/sensor/velodyne64/compensator/PointCloud2,apollo.drivers.PointCloud,1783596816.3622618,0,,1783596816362261814,0,0,6069,1783596816.3622618
/apollo_workspace/records/202607091933_MkzExample_CarlaTown01.00000.20260709193304.record,1783596816491777445,1783596816.4917774,/apollo/sensor/velodyne64/compensator/PointCloud2,apollo.drivers.PointCloud,1783596816.462333,0,,1783596816462332938,0,0,6110,1783596816.462333
/apollo_workspace/records/202607091933_MkzExample_CarlaTown01.00000.20260709193304.record,1783596816594228546,1783596816.5942285,/apollo/sensor/velodyne64/compensator/PointCloud2,apollo.drivers.PointCloud,1783596816.5625083,0,,1783596816562508255,0,0,6042,1783596816.5625083
/apollo_workspace/records/202607091933_MkzExample_CarlaTown01.00000.20260709193304.record,1783596816690212578,1783596816.6902127,/apollo/sensor/velodyne64/compensator/PointCloud2,apollo.drivers.PointCloud,1783596816.6622543,0,,1783596816662254316,0,0,6100,1783596816.6622543
