run_id,schema_version,trace_id,sensor_kind,sensor_id,data_ts_ns,sensor_time_sec,preproc_enter_ns,ingress_ms
202607091959,e2e_trace_v3,72334774047343281,lidar,velodyne64,1783598393982886588,1.7836e+09,91043396218944,28.7578
202607091959,e2e_trace_v3,216449962123199142,radar,radar_front,1783598393982886588,1.7836e+09,91043396274656,28.8148
202607091959,e2e_trace_v3,72334774047343282,lidar,velodyne64,1783598394083087667,1.7836e+09,91043507311424,39.6507
202607091959,e2e_trace_v3,216449962123199143,radar,radar_front,1783598394083087667,1.7836e+09,91043507417856,39.7584
202607091959,e2e_trace_v3,216449962123199144,radar,radar_front,1783598394182798690,1.7836e+09,91043595985824,28.6169
202607091959,e2e_trace_v3,72334774047343283,lidar,velodyne64,1783598394182798690,1.7836e+09,91043596007904,28.6374
202607091959,e2e_trace_v3,72334774047343284,lidar,velodyne64,1783598394283028493,1.7836e+09,91043698453056,30.8542
202607091959,e2e_trace_v3,216449962123199145,radar,radar_front,1783598394283028493,1.7836e+09,91043698597056,30.9999
202607091959,e2e_trace_v3,72334774047343285,lidar,velodyne64,1783598394383142144,1.7836e+09,91043797150528,29.4392
202607091959,e2e_trace_v3,216449962123199146,radar,radar_front,1783598394383142144,1.7836e+09,91043797276896,29.5663
202607091959,e2e_trace_v3,72334774047343286,lidar,velodyne64,1783598394482991151,1.7836e+09,91043896490496,28.9314
202607091959,e2e_trace_v3,216449962123199147,radar,radar_front,1783598394482991151,1.7836e+09,91043896617536,29.0592
202607091959,e2e_trace_v3,72334774047343287,lidar,velodyne64,1783598394583094548,1.7836e+09,91043996062912,28.4019
202607091959,e2e_trace_v3,216449962123199148,radar,radar_front,1783598394583094548,1.7836e+09,91043996156032,28.4958
202607091959,e2e_trace_v3,72334774047343288,lidar,velodyne64,1783598394683459995,1.7836e+09,91044096761408,28.7364
202607091959,e2e_trace_v3,216449962123199149,radar,radar_front,1783598394683459995,1.7836e+09,91044096889792,28.8653
202607091959,e2e_trace_v3,72334774047343289,lidar,velodyne64,1783598394783049452,1.7836e+09,91044209765632,42.1524
202607091959,e2e_trace_v3,216449962123199150,radar,radar_front,1783598394783049452,1.7836e+09,91044209895200,42.2828
202607091959,e2e_trace_v3,72334774047343290,lidar,velodyne64,1783598394883122058,1.7836e+09,91044296463296,28.7788
202607091959,e2e_trace_v3,216449962123199151,radar,radar_front,1783598394883122058,1.7836e+09,91044296599456,28.9166
202607091959,e2e_trace_v3,72334774047343291,lidar,velodyne64,1783598394983135003,1.7836e+09,91044396977056,29.2807
202607091959,e2e_trace_v3,216449962123199152,radar,radar_front,1783598394983135003,1.7836e+09,91044397036096,29.3407
202607091959,e2e_trace_v3,72334774047343292,lidar,velodyne64,1783598395083123676,1.7836e+09,91044496834720,29.1581
202607091959,e2e_trace_v3,216449962123199153,radar,radar_front,1783598395083123676,1.7836e+09,91044496922784,29.2401
202607091959,e2e_trace_v3,72334774047343293,lidar,velodyne64,1783598395183082456,1.7836e+09,91044596316128,28.6751
202607091959,e2e_trace_v3,216449962123199154,radar,radar_front,1783598395183082456,1.7836e+09,91044596389984,28.7497
202607091959,e2e_trace_v3,216449962123199155,radar,radar_front,1783598395283043453,1.7836e+09,91044704908896,37.3104
202607091959,e2e_trace_v3,72334774047343294,lidar,velodyne64,1783598395283043453,1.7836e+09,91044704954816,37.3545
202607091959,e2e_trace_v3,72334774047343295,lidar,velodyne64,1783598395383139799,1.7836e+09,91044805746112,38.0509
202607091959,e2e_trace_v3,216449962123199156,radar,radar_front,1783598395383139799,1.7836e+09,91044805826624,38.1322
202607091959,e2e_trace_v3,72334774047343296,lidar,velodyne64,1783598395483064813,1.7836e+09,91044896715168,29.0959
202607091959,e2e_trace_v3,216449962123199157,radar,radar_front,1783598395483064813,1.7836e+09,91044896777152,29.1586
202607091959,e2e_trace_v3,72334774047343297,lidar,velodyne64,1783598395583077578,1.7836e+09,91044995723072,28.0924
202607091959,e2e_trace_v3,216449962123199158,radar,radar_front,1783598395583077578,1.7836e+09,91044995834752,28.2047
202607091959,e2e_trace_v3,72334774047343298,lidar,velodyne64,1783598395683149200,1.7836e+09,91045096093568,28.3928
202607091959,e2e_trace_v3,216449962123199159,radar,radar_front,1783598395683149200,1.7836e+09,91045096217760,28.5172
202607091959,e2e_trace_v3,72334774047343299,lidar,velodyne64,1783598395783444681,1.7836e+09,91045197302176,29.3071
202607091959,e2e_trace_v3,216449962123199160,radar,radar_front,1783598395783444681,1.7836e+09,91045197268384,29.2754
202607091959,e2e_trace_v3,72334774047343300,lidar,velodyne64,1783598395883209734,1.7836e+09,91045296528192,28.7695
202607091959,e2e_trace_v3,216449962123199161,radar,radar_front,1783598395883209734,1.7836e+09,91045296635808,28.8777
202607091959,e2e_trace_v3,72334774047343301,lidar,velodyne64,1783598395983012182,1.7836e+09,91045415577248,48.0175
202607091959,e2e_trace_v3,216449962123199162,radar,radar_front,1783598395983012182,1.7836e+09,91045415696224,48.1372
202607091959,e2e_trace_v3,72334774047343302,lidar,velodyne64,1783598396083148554,1.7836e+09,91045512906848,45.2123
202607091959,e2e_trace_v3,216449962123199163,radar,radar_front,1783598396083148554,1.7836e+09,91045512978752,45.285
202607091959,e2e_trace_v3,72334774047343303,lidar,velodyne64,1783598396183431756,1.7836e+09,91045619331424,51.3549
202607091959,e2e_trace_v3,216449962123199164,radar,radar_front,1783598396183431756,1.7836e+09,91045619712736,51.7371
202607091959,e2e_trace_v3,72334774047343304,lidar,velodyne64,1783598396283285519,1.7836e+09,91045695767456,27.9381
202607091959,e2e_trace_v3,216449962123199165,radar,radar_front,1783598396283285519,1.7836e+09,91045695863424,28.0352
202607091959,e2e_trace_v3,72334774047343305,lidar,velodyne64,1783598396383109799,1.7836e+09,91045796297376,28.6455
202607091959,e2e_trace_v3,216449962123199166,radar,radar_front,1783598396383109799,1.7836e+09,91045796764768,29.1135
202607091959,e2e_trace_v3,216449962123199167,radar,radar_front,1783598396483030737,1.7836e+09,91045896349344,28.7797
202607091959,e2e_trace_v3,72334774047343306,lidar,velodyne64,1783598396483030737,1.7836e+09,91045896391680,28.8198
202607091959,e2e_trace_v3,72334774047343307,lidar,velodyne64,1783598396583066288,1.7836e+09,91045997141088,29.5351
202607091959,e2e_trace_v3,216449962123199168,radar,radar_front,1783598396583066288,1.7836e+09,91045997182592,29.5782
202607091959,e2e_trace_v3,72334774047343308,lidar,velodyne64,1783598396683093080,1.7836e+09,91046096631808,29.0003
202607091959,e2e_trace_v3,216449962123199169,radar,radar_front,1783598396683093080,1.7836e+09,91046096704992,29.0744
202607091959,e2e_trace_v3,72334774047343309,lidar,velodyne64,1783598396783130228,1.7836e+09,91046196631168,28.964
202607091959,e2e_trace_v3,216449962123199170,radar,radar_front,1783598396783130228,1.7836e+09,91046196806848,29.1407
202607091959,e2e_trace_v3,72334774047343310,lidar,velodyne64,1783598396883133201,1.7836e+09,91046307545920,39.8772
202607091959,e2e_trace_v3,216449962123199171,radar,radar_front,1783598396883133201,1.7836e+09,91046307679872,40.0121
202607091959,e2e_trace_v3,72334774047343311,lidar,velodyne64,1783598396983929106,1.7836e+09,91046396954560,28.4913
202607091959,e2e_trace_v3,216449962123199172,radar,radar_front,1783598396983929106,1.7836e+09,91046397085504,28.6229
202607091959,e2e_trace_v3,72334774047343312,lidar,velodyne64,1783598397083030229,1.7836e+09,91046495502112,27.9388
202607091959,e2e_trace_v3,216449962123199173,radar,radar_front,1783598397083030229,1.7836e+09,91046495588384,28.0261
202607091959,e2e_trace_v3,72334774047343313,lidar,velodyne64,1783598397183238877,1.7836e+09,91046596246048,28.4755
202607091959,e2e_trace_v3,216449962123199174,radar,radar_front,1783598397183238877,1.7836e+09,91046596362624,28.5928
202607091959,e2e_trace_v3,72334774047343314,lidar,velodyne64,1783598397283246524,1.7836e+09,91046696361504,28.5847
202607091959,e2e_trace_v3,216449962123199175,radar,radar_front,1783598397283246524,1.7836e+09,91046697117760,29.3429
202607091959,e2e_trace_v3,72334774047343315,lidar,velodyne64,1783598397383136152,1.7836e+09,91046797602944,29.938
202607091959,e2e_trace_v3,216449962123199176,radar,radar_front,1783598397383136152,1.7836e+09,91046798594880,30.9312
202607091959,e2e_trace_v3,72334774047343316,lidar,velodyne64,1783598397483130984,1.7836e+09,91046896025248,28.3668
202607091959,e2e_trace_v3,216449962123199177,radar,radar_front,1783598397483130984,1.7836e+09,91046896099104,28.441
202607091959,e2e_trace_v3,216449962123199178,radar,radar_front,1783598397583217684,1.7836e+09,91046996900288,29.1581
202607091959,e2e_trace_v3,72334774047343317,lidar,velodyne64,1783598397583217684,1.7836e+09,91046996937984,29.1941
202607091959,e2e_trace_v3,72334774047343318,lidar,velodyne64,1783598397682896221,1.7836e+09,91047104036224,36.6154
202607091959,e2e_trace_v3,216449962123199179,radar,radar_front,1783598397682896221,1.7836e+09,91047104364320,36.9446
202607091959,e2e_trace_v3,72334774047343319,lidar,velodyne64,1783598397782949463,1.7836e+09,91047199602528,32.1295
202607091959,e2e_trace_v3,216449962123199180,radar,radar_front,1783598397782949463,1.7836e+09,91047199684480,32.2125
202607091959,e2e_trace_v3,72334774047343320,lidar,velodyne64,1783598397883105862,1.7836e+09,91047296647840,29.0198
202607091959,e2e_trace_v3,216449962123199181,radar,radar_front,1783598397883105862,1.7836e+09,91047296727168,29.1002
202607091959,e2e_trace_v3,72334774047343321,lidar,velodyne64,1783598397983106916,1.7836e+09,91047395580864,27.9531
202607091959,e2e_trace_v3,216449962123199182,radar,radar_front,1783598397983106916,1.7836e+09,91047395685216,28.0588
202607091959,e2e_trace_v3,72334774047343322,lidar,velodyne64,1783598398083119066,1.7836e+09,91047496664448,29.0258
202607091959,e2e_trace_v3,216449962123199183,radar,radar_front,1783598398083119066,1.7836e+09,91047496780992,29.1438
202607091959,e2e_trace_v3,72334774047343323,lidar,velodyne64,1783598398183117341,1.7836e+09,91047596417280,28.7817
202607091959,e2e_trace_v3,216449962123199184,radar,radar_front,1783598398183117341,1.7836e+09,91047596500256,28.8658
202607091959,e2e_trace_v3,72334774047343324,lidar,velodyne64,1783598398283150765,1.7836e+09,91047697146496,29.4785
202607091959,e2e_trace_v3,216449962123199185,radar,radar_front,1783598398283150765,1.7836e+09,91047697222144,29.5551
202607091959,e2e_trace_v3,72334774047343325,lidar,velodyne64,1783598398382946782,1.7836e+09,91047812189504,44.7276
202607091959,e2e_trace_v3,216449962123199186,radar,radar_front,1783598398382946782,1.7836e+09,91047812303584,44.8427
202607091959,e2e_trace_v3,72334774047343326,lidar,velodyne64,1783598398483065167,1.7836e+09,91047896996704,29.4175
202607091959,e2e_trace_v3,216449962123199187,radar,radar_front,1783598398483065167,1.7836e+09,91047897085888,29.5076
202607091959,e2e_trace_v3,72334774047343327,lidar,velodyne64,1783598398583054241,1.7836e+09,91047995791552,28.2245
202607091959,e2e_trace_v3,216449962123199188,radar,radar_front,1783598398583054241,1.7836e+09,91047995883616,28.3177
202607091959,e2e_trace_v3,72334774047343328,lidar,velodyne64,1783598398683050035,1.7836e+09,91048096104352,28.543
202607091959,e2e_trace_v3,216449962123199189,radar,radar_front,1783598398683050035,1.7836e+09,91048096191328,28.6319
202607091959,e2e_trace_v3,72334774047343329,lidar,velodyne64,1783598398783248660,1.7836e+09,91048196374976,28.6162
202607091959,e2e_trace_v3,216449962123199190,radar,radar_front,1783598398783248660,1.7836e+09,91048196564704,28.8067
202607091959,e2e_trace_v3,72334774047343330,lidar,velodyne64,1783598398883116834,1.7836e+09,91048296464416,28.8389
202607091959,e2e_trace_v3,216449962123199191,radar,radar_front,1783598398883116834,1.7836e+09,91048297593120,29.9697
202607091959,e2e_trace_v3,72334774047343331,lidar,velodyne64,1783598398983108984,1.7836e+09,91048395824416,28.2083
202607091959,e2e_trace_v3,216449962123199192,radar,radar_front,1783598398983108984,1.7836e+09,91048395915232,28.3003
202607091959,e2e_trace_v3,72334774047343332,lidar,velodyne64,1783598399083103548,1.7836e+09,91048497011584,29.4023
202607091959,e2e_trace_v3,216449962123199193,radar,radar_front,1783598399083103548,1.7836e+09,91048497143648,29.5348
202607091959,e2e_trace_v3,72334774047343333,lidar,velodyne64,1783598399183117468,1.7836e+09,91048595660224,28.0378
202607091959,e2e_trace_v3,216449962123199194,radar,radar_front,1783598399183117468,1.7836e+09,91048596508512,28.8868
202607091959,e2e_trace_v3,72334774047343334,lidar,velodyne64,1783598399283188523,1.7836e+09,91048695652736,27.9608
202607091959,e2e_trace_v3,216449962123199195,radar,radar_front,1783598399283188523,1.7836e+09,91048695710400,28.0192
202607091959,e2e_trace_v3,72334774047343335,lidar,velodyne64,1783598399383046874,1.7836e+09,91048796062880,28.5141
202607091959,e2e_trace_v3,216449962123199196,radar,radar_front,1783598399383046874,1.7836e+09,91048796150400,28.6024
202607091959,e2e_trace_v3,72334774047343336,lidar,velodyne64,1783598399483026084,1.7836e+09,91048917290496,49.7637
202607091959,e2e_trace_v3,216449962123199197,radar,radar_front,1783598399483026084,1.7836e+09,91048917370560,49.8452
202607091959,e2e_trace_v3,72334774047343337,lidar,velodyne64,1783598399583174918,1.7836e+09,91048995931936,28.2578
202607091959,e2e_trace_v3,216449962123199198,radar,radar_front,1783598399583174918,1.7836e+09,91048996003776,28.3308
202607091959,e2e_trace_v3,72334774047343338,lidar,velodyne64,1783598399683050967,1.7836e+09,91049095384608,27.8356
202607091959,e2e_trace_v3,216449962123199199,radar,radar_front,1783598399683050967,1.7836e+09,91049096237792,28.6901
202607091959,e2e_trace_v3,72334774047343339,lidar,velodyne64,1783598399783059157,1.7836e+09,91049195080608,27.5249
202607091959,e2e_trace_v3,216449962123199200,radar,radar_front,1783598399783059157,1.7836e+09,91049195195680,27.6406
202607091959,e2e_trace_v3,72334774047343340,lidar,velodyne64,1783598399883119743,1.7836e+09,91049296569952,28.9552
202607091959,e2e_trace_v3,216449962123199201,radar,radar_front,1783598399883119743,1.7836e+09,91049296665056,29.0508
202607091959,e2e_trace_v3,72334774047343341,lidar,velodyne64,1783598399983798706,1.7836e+09,91049396326432,28.0337
202607091959,e2e_trace_v3,216449962123199202,radar,radar_front,1783598399983798706,1.7836e+09,91049396407840,28.1157
202607091959,e2e_trace_v3,216449962123199203,radar,radar_front,1783598400083074640,1.7836e+09,91049495897088,28.3315
202607091959,e2e_trace_v3,72334774047343342,lidar,velodyne64,1783598400083074640,1.7836e+09,91049495917376,28.3501
202607091959,e2e_trace_v3,72334774047343343,lidar,velodyne64,1783598400183086268,1.7836e+09,91049595594944,28.017
202607091959,e2e_trace_v3,216449962123199204,radar,radar_front,1783598400183086268,1.7836e+09,91049595705216,28.1289
202607091959,e2e_trace_v3,72334774047343344,lidar,velodyne64,1783598400283052685,1.7836e+09,91049695729856,28.1873
202607091959,e2e_trace_v3,216449962123199205,radar,radar_front,1783598400283052685,1.7836e+09,91049695809792,28.2679
202607091959,e2e_trace_v3,72334774047343345,lidar,velodyne64,1783598400383068853,1.7836e+09,91049796358144,28.8007
202607091959,e2e_trace_v3,216449962123199206,radar,radar_front,1783598400383068853,1.7836e+09,91049796415264,28.8584
202607091959,e2e_trace_v3,72334774047343346,lidar,velodyne64,1783598400483096654,1.7836e+09,91049909540256,41.9567
202607091959,e2e_trace_v3,216449962123199207,radar,radar_front,1783598400483096654,1.7836e+09,91049909479168,41.8973
202607091959,e2e_trace_v3,72334774047343347,lidar,velodyne64,1783598400583112433,1.7836e+09,91049996674688,29.0761
202607091959,e2e_trace_v3,216449962123199208,radar,radar_front,1783598400583112433,1.7836e+09,91049996936704,29.3391
202607091959,e2e_trace_v3,72334774047343348,lidar,velodyne64,1783598400683142996,1.7836e+09,91050105891680,38.2643
202607091959,e2e_trace_v3,216449962123199209,radar,radar_front,1783598400683142996,1.7836e+09,91050106126272,38.4996
202607091959,e2e_trace_v3,72334774047343349,lidar,velodyne64,1783598400782943801,1.7836e+09,91050195093024,27.6659
202607091959,e2e_trace_v3,216449962123199210,radar,radar_front,1783598400782943801,1.7836e+09,91050195180064,27.7545
202607091959,e2e_trace_v3,72334774047343350,lidar,velodyne64,1783598400883107090,1.7836e+09,91050295405600,27.8163
202607091959,e2e_trace_v3,216449962123199211,radar,radar_front,1783598400883107090,1.7836e+09,91050295456384,27.868
202607091959,e2e_trace_v3,72334774047343351,lidar,velodyne64,1783598400983310070,1.7836e+09,91050404847392,37.0572
202607091959,e2e_trace_v3,216449962123199212,radar,radar_front,1783598400983310070,1.7836e+09,91050405576672,37.7874
202607091959,e2e_trace_v3,72334774047343352,lidar,velodyne64,1783598401083951380,1.7836e+09,91050528601408,60.1711
202607091959,e2e_trace_v3,216449962123199213,radar,radar_front,1783598401083951380,1.7836e+09,91050528671520,60.2429
202607091959,e2e_trace_v3,72334774047343353,lidar,velodyne64,1783598401183261793,1.7836e+09,91050596003520,28.264
202607091959,e2e_trace_v3,216449962123199214,radar,radar_front,1783598401183261793,1.7836e+09,91050596141408,28.4028
202607091959,e2e_trace_v3,72334774047343354,lidar,velodyne64,1783598401283072069,1.7836e+09,91050695438944,27.8904
202607091959,e2e_trace_v3,216449962123199215,radar,radar_front,1783598401283072069,1.7836e+09,91050695548000,28.0004
202607091959,e2e_trace_v3,72334774047343355,lidar,velodyne64,1783598401382919366,1.7836e+09,91050795783232,28.3887
202607091959,e2e_trace_v3,216449962123199216,radar,radar_front,1783598401382919366,1.7836e+09,91050795838496,28.4448
202607091959,e2e_trace_v3,72334774047343356,lidar,velodyne64,1783598401483878041,1.7836e+09,91050897209056,28.857
202607091959,e2e_trace_v3,216449962123199217,radar,radar_front,1783598401483878041,1.7836e+09,91050897341312,28.9903
202607091959,e2e_trace_v3,72334774047343357,lidar,velodyne64,1783598401583095444,1.7836e+09,91050995431456,27.8633
202607091959,e2e_trace_v3,216449962123199218,radar,radar_front,1783598401583095444,1.7836e+09,91050995538336,27.971
202607091959,e2e_trace_v3,72334774047343358,lidar,velodyne64,1783598401683202448,1.7836e+09,91051116045920,48.3725
202607091959,e2e_trace_v3,216449962123199219,radar,radar_front,1783598401683202448,1.7836e+09,91051116178880,48.5065
202607091959,e2e_trace_v3,72334774047343359,lidar,velodyne64,1783598401783048555,1.7836e+09,91051199209344,31.6913
202607091959,e2e_trace_v3,216449962123199220,radar,radar_front,1783598401783048555,1.7836e+09,91051199302464,31.7855
202607091959,e2e_trace_v3,72334774047343360,lidar,velodyne64,1783598401883204998,1.7836e+09,91051296328736,28.6551
202607091959,e2e_trace_v3,216449962123199221,radar,radar_front,1783598401883204998,1.7836e+09,91051296419488,28.7478
202607091959,e2e_trace_v3,72334774047343361,lidar,velodyne64,1783598401983053465,1.7836e+09,91051407973728,40.4532
202607091959,e2e_trace_v3,216449962123199222,radar,radar_front,1783598401983053465,1.7836e+09,91051408051552,40.5324
202607091959,e2e_trace_v3,72334774047343362,lidar,velodyne64,1783598402083113091,1.7836e+09,91051495650400,28.0714
202607091959,e2e_trace_v3,216449962123199223,radar,radar_front,1783598402083113091,1.7836e+09,91051495748832,28.1749
202607091959,e2e_trace_v3,72334774047343363,lidar,velodyne64,1783598402183141271,1.7836e+09,91051595543904,27.9379
202607091959,e2e_trace_v3,216449962123199224,radar,radar_front,1783598402183141271,1.7836e+09,91051595638400,28.0335
202607091959,e2e_trace_v3,72334774047343364,lidar,velodyne64,1783598402283213932,1.7836e+09,91051695427840,27.751
202607091959,e2e_trace_v3,216449962123199225,radar,radar_front,1783598402283213932,1.7836e+09,91051695501632,27.8254
202607091959,e2e_trace_v3,72334774047343365,lidar,velodyne64,1783598402383153927,1.7836e+09,91051797230304,29.6147
202607091959,e2e_trace_v3,216449962123199226,radar,radar_front,1783598402383153927,1.7836e+09,91051797315392,29.7
202607091959,e2e_trace_v3,72334774047343366,lidar,velodyne64,1783598402483104671,1.7836e+09,91051896520288,28.9552
202607091959,e2e_trace_v3,216449962123199227,radar,radar_front,1783598402483104671,1.7836e+09,91051896588288,29.0239
202607091959,e2e_trace_v3,72334774047343367,lidar,velodyne64,1783598402583122693,1.7836e+09,91051995613600,28.0321
202607091959,e2e_trace_v3,216449962123199228,radar,radar_front,1783598402583122693,1.7836e+09,91051995670368,28.0895
202607091959,e2e_trace_v3,72334774047343368,lidar,velodyne64,1783598402683053256,1.7836e+09,91052122604384,55.0938
202607091959,e2e_trace_v3,216449962123199229,radar,radar_front,1783598402683053256,1.7836e+09,91052122674272,55.1646
202607091959,e2e_trace_v3,72334774047343369,lidar,velodyne64,1783598402783265993,1.7836e+09,91052228800832,61.0788
202607091959,e2e_trace_v3,216449962123199230,radar,radar_front,1783598402783265993,1.7836e+09,91052228919232,61.198
202607091959,e2e_trace_v3,72334774047343370,lidar,velodyne64,1783598402883426607,1.7836e+09,91052295773440,27.8919
202607091959,e2e_trace_v3,216449962123199231,radar,radar_front,1783598402883426607,1.7836e+09,91052295876320,27.9953
202607091959,e2e_trace_v3,72334774047343371,lidar,velodyne64,1783598402983144379,1.7836e+09,91052395604608,28.0063
202607091959,e2e_trace_v3,216449962123199232,radar,radar_front,1783598402983144379,1.7836e+09,91052395697312,28.1007
202607091959,e2e_trace_v3,72334774047343372,lidar,velodyne64,1783598403083084990,1.7836e+09,91052495488800,27.9512
202607091959,e2e_trace_v3,216449962123199233,radar,radar_front,1783598403083084990,1.7836e+09,91052495559008,28.0232
202607091959,e2e_trace_v3,72334774047343373,lidar,velodyne64,1783598403183382971,1.7836e+09,91052596350272,28.5161
202607091959,e2e_trace_v3,216449962123199234,radar,radar_front,1783598403183382971,1.7836e+09,91052596443680,28.6105
202607091959,e2e_trace_v3,72334774047343374,lidar,velodyne64,1783598403283081551,1.7836e+09,91052695991296,28.4603
202607091959,e2e_trace_v3,216449962123199235,radar,radar_front,1783598403283081551,1.7836e+09,91052696078016,28.5478
202607091959,e2e_trace_v3,72334774047343375,lidar,velodyne64,1783598403382903965,1.7836e+09,91052795331936,27.9796
202607091959,e2e_trace_v3,216449962123199236,radar,radar_front,1783598403382903965,1.7836e+09,91052795409408,28.059
202607091959,e2e_trace_v3,72334774047343376,lidar,velodyne64,1783598403483116690,1.7836e+09,91052896575360,29.0117
202607091959,e2e_trace_v3,216449962123199237,radar,radar_front,1783598403483116690,1.7836e+09,91052896846848,29.2842
202607091959,e2e_trace_v3,72334774047343377,lidar,velodyne64,1783598403583262228,1.7836e+09,91052996768512,29.0606
202607091959,e2e_trace_v3,216449962123199238,radar,radar_front,1783598403583262228,1.7836e+09,91052996994976,29.2883
202607091959,e2e_trace_v3,72334774047343378,lidar,velodyne64,1783598403682969175,1.7836e+09,91053099387776,31.9743
202607091959,e2e_trace_v3,216449962123199239,radar,radar_front,1783598403682969175,1.7836e+09,91053099469888,32.0578
202607091959,e2e_trace_v3,72334774047343379,lidar,velodyne64,1783598403783120696,1.7836e+09,91053195579712,28.0161
202607091959,e2e_trace_v3,216449962123199240,radar,radar_front,1783598403783120696,1.7836e+09,91053195633120,28.0707
202607091959,e2e_trace_v3,72334774047343380,lidar,velodyne64,1783598403883097355,1.7836e+09,91053297031744,29.4929
202607091959,e2e_trace_v3,216449962123199241,radar,radar_front,1783598403883097355,1.7836e+09,91053297100640,29.5637
202607091959,e2e_trace_v3,72334774047343381,lidar,velodyne64,1783598403983337452,1.7836e+09,91053396096128,28.3186
202607091959,e2e_trace_v3,216449962123199242,radar,radar_front,1783598403983337452,1.7836e+09,91053396251584,28.4758
202607091959,e2e_trace_v3,72334774047343382,lidar,velodyne64,1783598404083453174,1.7836e+09,91053496488960,28.5971
202607091959,e2e_trace_v3,216449962123199243,radar,radar_front,1783598404083453174,1.7836e+09,91053496544288,28.6539
202607091959,e2e_trace_v3,72334774047343383,lidar,velodyne64,1783598404183166810,1.7836e+09,91053596414464,28.8103
202607091959,e2e_trace_v3,216449962123199244,radar,radar_front,1783598404183166810,1.7836e+09,91053596530048,28.9273
202607091959,e2e_trace_v3,72334774047343384,lidar,velodyne64,1783598404283160516,1.7836e+09,91053696577568,28.9807
202607091959,e2e_trace_v3,216449962123199245,radar,radar_front,1783598404283160516,1.7836e+09,91053696633280,29.0372
202607091959,e2e_trace_v3,72334774047343385,lidar,velodyne64,1783598404383260773,1.7836e+09,91053795560832,27.8652
202607091959,e2e_trace_v3,216449962123199246,radar,radar_front,1783598404383260773,1.7836e+09,91053795662368,27.9677
202607091959,e2e_trace_v3,72334774047343386,lidar,velodyne64,1783598404483477138,1.7836e+09,91053896636512,28.7256
202607091959,e2e_trace_v3,216449962123199247,radar,radar_front,1783598404483477138,1.7836e+09,91053896709440,28.7993
202607091959,e2e_trace_v3,72334774047343387,lidar,velodyne64,1783598404583050914,1.7836e+09,91053997850912,30.3679
202607091959,e2e_trace_v3,216449962123199248,radar,radar_front,1783598404583050914,1.7836e+09,91053997936192,30.4542
202607091959,e2e_trace_v3,72334774047343388,lidar,velodyne64,1783598404683114628,1.7836e+09,91054096948096,29.4023
202607091959,e2e_trace_v3,216449962123199249,radar,radar_front,1783598404683114628,1.7836e+09,91054097118848,29.5742
202607091959,e2e_trace_v3,72334774047343389,lidar,velodyne64,1783598404783063967,1.7836e+09,91054195737856,28.2443
202607091959,e2e_trace_v3,216449962123199250,radar,radar_front,1783598404783063967,1.7836e+09,91054195811936,28.3194
202607091959,e2e_trace_v3,72334774047343390,lidar,velodyne64,1783598404883128643,1.7836e+09,91054295487712,27.9307
202607091959,e2e_trace_v3,216449962123199251,radar,radar_front,1783598404883128643,1.7836e+09,91054295637632,28.0817
202607091959,e2e_trace_v3,72334774047343391,lidar,velodyne64,1783598404983080010,1.7836e+09,91054394321760,26.8149
202607091959,e2e_trace_v3,216449962123199252,radar,radar_front,1783598404983080010,1.7836e+09,91054394671200,27.1652
202607091959,e2e_trace_v3,72334774047343392,lidar,velodyne64,1783598405083183399,1.7836e+09,91054495243456,27.6349
202607091959,e2e_trace_v3,216449962123199253,radar,radar_front,1783598405083183399,1.7836e+09,91054495358528,27.7505
202607091959,e2e_trace_v3,72334774047343393,lidar,velodyne64,1783598405183983529,1.7836e+09,91054596679520,28.2719
202607091959,e2e_trace_v3,216449962123199254,radar,radar_front,1783598405183983529,1.7836e+09,91054596738336,28.3315
202607091959,e2e_trace_v3,72334774047343394,lidar,velodyne64,1783598405283152165,1.7836e+09,91054703435040,35.8603
202607091959,e2e_trace_v3,216449962123199255,radar,radar_front,1783598405283152165,1.7836e+09,91054703568960,35.995
202607091959,e2e_trace_v3,72334774047343395,lidar,velodyne64,1783598405383099668,1.7836e+09,91054795426848,27.9059
202607091959,e2e_trace_v3,216449962123199256,radar,radar_front,1783598405383099668,1.7836e+09,91054795505472,27.9853
202607091959,e2e_trace_v3,72334774047343396,lidar,velodyne64,1783598405483083774,1.7836e+09,91054896726560,29.2227
202607091959,e2e_trace_v3,216449962123199257,radar,radar_front,1783598405483083774,1.7836e+09,91054896801536,29.2985
202607091959,e2e_trace_v3,72334774047343397,lidar,velodyne64,1783598405583065565,1.7836e+09,91054995583136,28.0988
202607091959,e2e_trace_v3,216449962123199258,radar,radar_front,1783598405583065565,1.7836e+09,91054995684128,28.2009
202607091959,e2e_trace_v3,72334774047343398,lidar,velodyne64,1783598405682994937,1.7836e+09,91055095159072,27.7467
202607091959,e2e_trace_v3,216449962123199259,radar,radar_front,1783598405682994937,1.7836e+09,91055095231488,27.8201
202607091959,e2e_trace_v3,72334774047343399,lidar,velodyne64,1783598405782925039,1.7836e+09,91055198132160,30.791
202607091959,e2e_trace_v3,216449962123199260,radar,radar_front,1783598405782925039,1.7836e+09,91055198217792,30.8774
202607091959,e2e_trace_v3,72334774047343400,lidar,velodyne64,1783598405883094759,1.7836e+09,91055295618752,28.1093
202607091959,e2e_trace_v3,216449962123199261,radar,radar_front,1783598405883094759,1.7836e+09,91055295760512,28.2516
202607091959,e2e_trace_v3,72334774047343401,lidar,velodyne64,1783598405982965230,1.7836e+09,91055395599168,28.2207
202607091959,e2e_trace_v3,216449962123199262,radar,radar_front,1783598405982965230,1.7836e+09,91055395676000,28.2981
202607091959,e2e_trace_v3,72334774047343402,lidar,velodyne64,1783598406083121448,1.7836e+09,91055494480320,26.947
202607091959,e2e_trace_v3,216449962123199263,radar,radar_front,1783598406083121448,1.7836e+09,91055494557216,27.0247
202607091959,e2e_trace_v3,72334774047343403,lidar,velodyne64,1783598406182924528,1.7836e+09,91055595449952,28.1148
202607091959,e2e_trace_v3,216449962123199264,radar,radar_front,1783598406182924528,1.7836e+09,91055595518368,28.1839
202607091959,e2e_trace_v3,72334774047343404,lidar,velodyne64,1783598406282991633,1.7836e+09,91055697237920,29.8371
202607091959,e2e_trace_v3,216449962123199265,radar,radar_front,1783598406282991633,1.7836e+09,91055697768224,30.3693
202607091959,e2e_trace_v3,72334774047343405,lidar,velodyne64,1783598406383226020,1.7836e+09,91055796546624,28.9125
202607091959,e2e_trace_v3,216449962123199266,radar,radar_front,1783598406383226020,1.7836e+09,91055796635552,29.0024
202607091959,e2e_trace_v3,72334774047343406,lidar,velodyne64,1783598406483061585,1.7836e+09,91055898097856,30.6299
202607091959,e2e_trace_v3,216449962123199267,radar,radar_front,1783598406483061585,1.7836e+09,91055898168576,30.7012
202607091959,e2e_trace_v3,72334774047343407,lidar,velodyne64,1783598406583308863,1.7836e+09,91055995084192,27.37
202607091959,e2e_trace_v3,216449962123199268,radar,radar_front,1783598406583308863,1.7836e+09,91055995183072,27.4696
202607091959,e2e_trace_v3,72334774047343408,lidar,velodyne64,1783598406683091734,1.7836e+09,91056097073248,29.5775
202607091959,e2e_trace_v3,216449962123199269,radar,radar_front,1783598406683091734,1.7836e+09,91056097180928,29.686
202607091959,e2e_trace_v3,72334774047343409,lidar,velodyne64,1783598406783379614,1.7836e+09,91056196164544,28.3821
202607091959,e2e_trace_v3,216449962123199270,radar,radar_front,1783598406783379614,1.7836e+09,91056196256352,28.4748
202607091959,e2e_trace_v3,72334774047343410,lidar,velodyne64,1783598406883083809,1.7836e+09,91056295526336,28.0411
202607091959,e2e_trace_v3,216449962123199271,radar,radar_front,1783598406883083809,1.7836e+09,91056295602624,28.1184
202607091959,e2e_trace_v3,72334774047343411,lidar,velodyne64,1783598406983135841,1.7836e+09,91056396472928,28.9373
202607091959,e2e_trace_v3,216449962123199272,radar,radar_front,1783598406983135841,1.7836e+09,91056396569024,29.0341
202607091959,e2e_trace_v3,72334774047343412,lidar,velodyne64,1783598407082937934,1.7836e+09,91056496124736,28.7881
202607091959,e2e_trace_v3,216449962123199273,radar,radar_front,1783598407082937934,1.7836e+09,91056496237856,28.9021
202607091959,e2e_trace_v3,72334774047343413,lidar,velodyne64,1783598407183073689,1.7836e+09,91056610614272,43.1435
202607091959,e2e_trace_v3,216449962123199274,radar,radar_front,1783598407183073689,1.7836e+09,91056610696096,43.2262
202607091959,e2e_trace_v3,72334774047343414,lidar,velodyne64,1783598407282908027,1.7836e+09,91056695418656,28.1146
202607091959,e2e_trace_v3,216449962123199275,radar,radar_front,1783598407282908027,1.7836e+09,91056695513376,28.2102
202607091959,e2e_trace_v3,72334774047343415,lidar,velodyne64,1783598407383133538,1.7836e+09,91056796319776,28.7919
202607091959,e2e_trace_v3,216449962123199276,radar,radar_front,1783598407383133538,1.7836e+09,91056796415744,28.8889
202607091959,e2e_trace_v3,72334774047343416,lidar,velodyne64,1783598407483107720,1.7836e+09,91056895949376,28.4483
202607091959,e2e_trace_v3,216449962123199277,radar,radar_front,1783598407483107720,1.7836e+09,91056896049632,28.5494
202607091959,e2e_trace_v3,216449962123199278,radar,radar_front,1783598407583077402,1.7836e+09,91056995570432,28.1031
202607091959,e2e_trace_v3,72334774047343417,lidar,velodyne64,1783598407583077402,1.7836e+09,91056995708672,28.2393
202607091959,e2e_trace_v3,72334774047343418,lidar,velodyne64,1783598407683039981,1.7836e+09,91057094971328,27.5409
202607091959,e2e_trace_v3,216449962123199279,radar,radar_front,1783598407683039981,1.7836e+09,91057095072672,27.643
202607091959,e2e_trace_v3,72334774047343419,lidar,velodyne64,1783598407783175316,1.7836e+09,91057194853696,27.2892
202607091959,e2e_trace_v3,216449962123199280,radar,radar_front,1783598407783175316,1.7836e+09,91057194932448,27.3683
202607091959,e2e_trace_v3,72334774047343420,lidar,velodyne64,1783598407882989542,1.7836e+09,91057294876928,27.4994
202607091959,e2e_trace_v3,216449962123199281,radar,radar_front,1783598407882989542,1.7836e+09,91057294980704,27.6039
202607091959,e2e_trace_v3,72334774047343421,lidar,velodyne64,1783598407982917147,1.7836e+09,91057395257760,27.9543
202607091959,e2e_trace_v3,216449962123199282,radar,radar_front,1783598407982917147,1.7836e+09,91057395348928,28.0459
202607091959,e2e_trace_v3,72334774047343422,lidar,velodyne64,1783598408083212710,1.7836e+09,91057496144512,28.5466
202607091959,e2e_trace_v3,216449962123199283,radar,radar_front,1783598408083212710,1.7836e+09,91057496256928,28.6596
202607091959,e2e_trace_v3,72334774047343423,lidar,velodyne64,1783598408183036587,1.7836e+09,91057595155232,27.735
202607091959,e2e_trace_v3,216449962123199284,radar,radar_front,1783598408183036587,1.7836e+09,91057595321440,27.9024
202607091959,e2e_trace_v3,72334774047343424,lidar,velodyne64,1783598408283357138,1.7836e+09,91057698987680,31.2481
202607091959,e2e_trace_v3,216449962123199285,radar,radar_front,1783598408283357138,1.7836e+09,91057699065600,31.3265
202607091959,e2e_trace_v3,72334774047343425,lidar,velodyne64,1783598408383131705,1.7836e+09,91057796859040,29.3462
202607091959,e2e_trace_v3,216449962123199286,radar,radar_front,1783598408383131705,1.7836e+09,91057797016928,29.5053
202607091959,e2e_trace_v3,72334774047343426,lidar,velodyne64,1783598408483333205,1.7836e+09,91057898657632,30.9448
202607091959,e2e_trace_v3,216449962123199287,radar,radar_front,1783598408483333205,1.7836e+09,91057898778208,31.0664
202607091959,e2e_trace_v3,72334774047343427,lidar,velodyne64,1783598408583079449,1.7836e+09,91057996638176,29.1805
202607091959,e2e_trace_v3,216449962123199288,radar,radar_front,1783598408583079449,1.7836e+09,91057996726624,29.2699
202607091959,e2e_trace_v3,72334774047343428,lidar,velodyne64,1783598408683112463,1.7836e+09,91058109404608,41.9152
202607091959,e2e_trace_v3,216449962123199289,radar,radar_front,1783598408683112463,1.7836e+09,91058109551200,42.0623
202607091959,e2e_trace_v3,72334774047343429,lidar,velodyne64,1783598408783344179,1.7836e+09,91058197327520,29.6078
202607091959,e2e_trace_v3,216449962123199290,radar,radar_front,1783598408783344179,1.7836e+09,91058197409408,29.6905
202607091959,e2e_trace_v3,72334774047343430,lidar,velodyne64,1783598408883117682,1.7836e+09,91058295532928,28.0409
202607091959,e2e_trace_v3,216449962123199291,radar,radar_front,1783598408883117682,1.7836e+09,91058295606752,28.1155
202607091959,e2e_trace_v3,72334774047343431,lidar,velodyne64,1783598408983178003,1.7836e+09,91058396797312,29.2463
202607091959,e2e_trace_v3,216449962123199292,radar,radar_front,1783598408983178003,1.7836e+09,91058396888096,29.3379
202607091959,e2e_trace_v3,72334774047343432,lidar,velodyne64,1783598409083132675,1.7836e+09,91058496439456,28.9352
202607091959,e2e_trace_v3,216449962123199293,radar,radar_front,1783598409083132675,1.7836e+09,91058496525696,29.0225
202607091959,e2e_trace_v3,72334774047343433,lidar,velodyne64,1783598409183184370,1.7836e+09,91058614350624,46.7961
202607091959,e2e_trace_v3,216449962123199294,radar,radar_front,1783598409183184370,1.7836e+09,91058614472224,46.9186
202607091959,e2e_trace_v3,72334774047343434,lidar,velodyne64,1783598409283048144,1.7836e+09,91058695417248,28.0004
202607091959,e2e_trace_v3,216449962123199295,radar,radar_front,1783598409283048144,1.7836e+09,91058695550944,28.1346
202607091959,e2e_trace_v3,72334774047343435,lidar,velodyne64,1783598409383751111,1.7836e+09,91058797059264,28.9402
202607091959,e2e_trace_v3,216449962123199296,radar,radar_front,1783598409383751111,1.7836e+09,91058797195616,29.0775
202607091959,e2e_trace_v3,72334774047343436,lidar,velodyne64,1783598409483110566,1.7836e+09,91058897043328,29.5663
202607091959,e2e_trace_v3,216449962123199297,radar,radar_front,1783598409483110566,1.7836e+09,91058897409376,29.9332
202607091959,e2e_trace_v3,72334774047343437,lidar,velodyne64,1783598409583333549,1.7836e+09,91058995405184,27.7064
202607091959,e2e_trace_v3,216449962123199298,radar,radar_front,1783598409583333549,1.7836e+09,91058995676160,27.9782
202607091959,e2e_trace_v3,72334774047343438,lidar,velodyne64,1783598409683108948,1.7836e+09,91059114911744,47.4396
202607091959,e2e_trace_v3,216449962123199299,radar,radar_front,1783598409683108948,1.7836e+09,91059114989632,47.5183
202607091959,e2e_trace_v3,72334774047343439,lidar,velodyne64,1783598409783088672,1.7836e+09,91059194714816,27.2639
202607091959,e2e_trace_v3,216449962123199300,radar,radar_front,1783598409783088672,1.7836e+09,91059194777472,27.3273
202607091959,e2e_trace_v3,72334774047343440,lidar,velodyne64,1783598409883229599,1.7836e+09,91059297901440,30.3109
202607091959,e2e_trace_v3,216449962123199301,radar,radar_front,1783598409883229599,1.7836e+09,91059297988128,30.3984
202607091959,e2e_trace_v3,72334774047343441,lidar,velodyne64,1783598409983160438,1.7836e+09,91059396177600,28.6577
202607091959,e2e_trace_v3,216449962123199302,radar,radar_front,1783598409983160438,1.7836e+09,91059396241312,28.722
202607091959,e2e_trace_v3,72334774047343442,lidar,velodyne64,1783598410083073763,1.7836e+09,91059496380416,28.9483
202607091959,e2e_trace_v3,216449962123199303,radar,radar_front,1783598410083073763,1.7836e+09,91059496482528,29.052
202607091959,e2e_trace_v3,72334774047343443,lidar,velodyne64,1783598410183304684,1.7836e+09,91059597023584,29.3617
202607091959,e2e_trace_v3,216449962123199304,radar,radar_front,1783598410183304684,1.7836e+09,91059597128256,29.4671
202607091959,e2e_trace_v3,72334774047343444,lidar,velodyne64,1783598410283091712,1.7836e+09,91059696669888,29.2225
202607091959,e2e_trace_v3,216449962123199305,radar,radar_front,1783598410283091712,1.7836e+09,91059696752704,29.3067
202607091959,e2e_trace_v3,72334774047343445,lidar,velodyne64,1783598410383893106,1.7836e+09,91059796874304,28.6269
202607091959,e2e_trace_v3,216449962123199306,radar,radar_front,1783598410383893106,1.7836e+09,91059796994080,28.7473
202607091959,e2e_trace_v3,72334774047343446,lidar,velodyne64,1783598410483138549,1.7836e+09,91059927068064,59.5767
202607091959,e2e_trace_v3,216449962123199307,radar,radar_front,1783598410483138549,1.7836e+09,91059927161696,59.6719
202607091959,e2e_trace_v3,72334774047343447,lidar,velodyne64,1783598410583990749,1.7836e+09,91059997686368,29.3441
202607091959,e2e_trace_v3,216449962123199308,radar,radar_front,1783598410583990749,1.7836e+09,91059997813696,29.4721
202607091959,e2e_trace_v3,72334774047343448,lidar,velodyne64,1783598410683091297,1.7836e+09,91060095958240,28.517
202607091959,e2e_trace_v3,216449962123199309,radar,radar_front,1783598410683091297,1.7836e+09,91060096031232,28.5907
202607091959,e2e_trace_v3,72334774047343449,lidar,velodyne64,1783598410782906263,1.7836e+09,91060196920992,29.6659
202607091959,e2e_trace_v3,216449962123199310,radar,radar_front,1783598410782906263,1.7836e+09,91060196990496,29.7365
202607091959,e2e_trace_v3,72334774047343450,lidar,velodyne64,1783598410883009076,1.7836e+09,91060296350112,28.9936
202607091959,e2e_trace_v3,216449962123199311,radar,radar_front,1783598410883009076,1.7836e+09,91060296453376,29.0976
202607091959,e2e_trace_v3,216449962123199312,radar,radar_front,1783598410983112628,1.7836e+09,91060394058720,26.6011
202607091959,e2e_trace_v3,72334774047343451,lidar,velodyne64,1783598410983112628,1.7836e+09,91060396959488,29.5005
202607091959,e2e_trace_v3,72334774047343452,lidar,velodyne64,1783598411083062681,1.7836e+09,91060504906400,37.4987
202607091959,e2e_trace_v3,216449962123199313,radar,radar_front,1783598411083062681,1.7836e+09,91060505078304,37.6718
202607091959,e2e_trace_v3,72334774047343453,lidar,velodyne64,1783598411183070549,1.7836e+09,91060595373248,27.9593
202607091959,e2e_trace_v3,216449962123199314,radar,radar_front,1783598411183070549,1.7836e+09,91060595462656,28.0502
202607091959,e2e_trace_v3,72334774047343454,lidar,velodyne64,1783598411283106839,1.7836e+09,91060696303488,28.8546
202607091959,e2e_trace_v3,216449962123199315,radar,radar_front,1783598411283106839,1.7836e+09,91060696521536,29.0735
202607091959,e2e_trace_v3,72334774047343455,lidar,velodyne64,1783598411383149010,1.7836e+09,91060806524192,39.0344
202607091959,e2e_trace_v3,216449962123199316,radar,radar_front,1783598411383149010,1.7836e+09,91060806610304,39.1221
202607091959,e2e_trace_v3,72334774047343456,lidar,velodyne64,1783598411483163696,1.7836e+09,91060895781248,28.2784
202607091959,e2e_trace_v3,216449962123199317,radar,radar_front,1783598411483163696,1.7836e+09,91060895863904,28.362
202607091959,e2e_trace_v3,72334774047343457,lidar,velodyne64,1783598411583251880,1.7836e+09,91060995482336,27.8924
202607091959,e2e_trace_v3,216449962123199318,radar,radar_front,1783598411583251880,1.7836e+09,91060995570272,27.981
202607091959,e2e_trace_v3,72334774047343458,lidar,velodyne64,1783598411683105967,1.7836e+09,91061095084448,27.6418
202607091959,e2e_trace_v3,216449962123199319,radar,radar_front,1783598411683105967,1.7836e+09,91061095169536,27.7274
202607091959,e2e_trace_v3,72334774047343459,lidar,velodyne64,1783598411783034354,1.7836e+09,91061195264768,27.895
202607091959,e2e_trace_v3,216449962123199320,radar,radar_front,1783598411783034354,1.7836e+09,91061195395488,28.0266
202607091959,e2e_trace_v3,72334774047343460,lidar,velodyne64,1783598411883095367,1.7836e+09,91061295657376,28.2278
202607091959,e2e_trace_v3,216449962123199321,radar,radar_front,1783598411883095367,1.7836e+09,91061295772512,28.3439
202607091959,e2e_trace_v3,216449962123199322,radar,radar_front,1783598411983042615,1.7836e+09,91061397555232,30.1816
202607091959,e2e_trace_v3,72334774047343461,lidar,velodyne64,1783598411983042615,1.7836e+09,91061397592768,30.2176
202607091959,e2e_trace_v3,72334774047343462,lidar,velodyne64,1783598412083145005,1.7836e+09,91061496013856,28.5378
202607091959,e2e_trace_v3,216449962123199323,radar,radar_front,1783598412083145005,1.7836e+09,91061496132960,28.6574
202607091959,e2e_trace_v3,72334774047343463,lidar,velodyne64,1783598412183006030,1.7836e+09,91061594422112,27.086
202607091959,e2e_trace_v3,216449962123199324,radar,radar_front,1783598412183006030,1.7836e+09,91061594512832,27.1773
202607091959,e2e_trace_v3,72334774047343464,lidar,velodyne64,1783598412283096018,1.7836e+09,91061695684608,28.2598
202607091959,e2e_trace_v3,216449962123199325,radar,radar_front,1783598412283096018,1.7836e+09,91061695759392,28.3353
202607091959,e2e_trace_v3,72334774047343465,lidar,velodyne64,1783598412383218176,1.7836e+09,91061795078144,27.5323
202607091959,e2e_trace_v3,216449962123199326,radar,radar_front,1783598412383218176,1.7836e+09,91061795227968,27.6828
202607091959,e2e_trace_v3,72334774047343466,lidar,velodyne64,1783598412483993136,1.7836e+09,91061896303808,27.9846
202607091959,e2e_trace_v3,216449962123199327,radar,radar_front,1783598412483993136,1.7836e+09,91061896421824,28.1034
202607091959,e2e_trace_v3,72334774047343467,lidar,velodyne64,1783598412583002756,1.7836e+09,91061995483840,28.1563
202607091959,e2e_trace_v3,216449962123199328,radar,radar_front,1783598412583002756,1.7836e+09,91061995570144,28.2433
202607091959,e2e_trace_v3,72334774047343468,lidar,velodyne64,1783598412683016294,1.7836e+09,91062096753440,29.4137
202607091959,e2e_trace_v3,216449962123199329,radar,radar_front,1783598412683016294,1.7836e+09,91062096910912,29.5718
202607091959,e2e_trace_v3,72334774047343469,lidar,velodyne64,1783598412783886255,1.7836e+09,91062198534688,30.3261
202607091959,e2e_trace_v3,216449962123199330,radar,radar_front,1783598412783886255,1.7836e+09,91062199653312,31.446
202607091959,e2e_trace_v3,72334774047343470,lidar,velodyne64,1783598412883483248,1.7836e+09,91062297119264,29.3152
202607091959,e2e_trace_v3,216449962123199331,radar,radar_front,1783598412883483248,1.7836e+09,91062297197728,29.3946
202607091959,e2e_trace_v3,72334774047343471,lidar,velodyne64,1783598412982974774,1.7836e+09,91062398433536,31.1396
202607091959,e2e_trace_v3,216449962123199332,radar,radar_front,1783598412982974774,1.7836e+09,91062398846272,31.553
202607091959,e2e_trace_v3,72334774047343472,lidar,velodyne64,1783598413083114816,1.7836e+09,91062496466880,29.0341
202607091959,e2e_trace_v3,216449962123199333,radar,radar_front,1783598413083114816,1.7836e+09,91062496537120,29.1047
202607091959,e2e_trace_v3,72334774047343473,lidar,velodyne64,1783598413183147790,1.7836e+09,91062595612224,28.1479
202607091959,e2e_trace_v3,216449962123199334,radar,radar_front,1783598413183147790,1.7836e+09,91062595734976,28.2714
202607091959,e2e_trace_v3,72334774047343474,lidar,velodyne64,1783598413282928363,1.7836e+09,91062696961760,29.7179
202607091959,e2e_trace_v3,216449962123199335,radar,radar_front,1783598413282928363,1.7836e+09,91062697039168,29.7964
202607091959,e2e_trace_v3,72334774047343475,lidar,velodyne64,1783598413383089325,1.7836e+09,91062796400672,28.9974
202607091959,e2e_trace_v3,216449962123199336,radar,radar_front,1783598413383089325,1.7836e+09,91062796515520,29.1131
202607091959,e2e_trace_v3,72334774047343476,lidar,velodyne64,1783598413483125905,1.7836e+09,91062896487840,29.0494
202607091959,e2e_trace_v3,216449962123199337,radar,radar_front,1783598413483125905,1.7836e+09,91062896590240,29.1526
202607091959,e2e_trace_v3,72334774047343477,lidar,velodyne64,1783598413583969130,1.7836e+09,91062997927008,29.6464
202607091959,e2e_trace_v3,216449962123199338,radar,radar_front,1783598413583969130,1.7836e+09,91062998005056,29.7251
202607091959,e2e_trace_v3,72334774047343478,lidar,velodyne64,1783598413683174879,1.7836e+09,91063102892576,35.408
202607091959,e2e_trace_v3,216449962123199339,radar,radar_front,1783598413683174879,1.7836e+09,91063102902560,35.4187
202607091959,e2e_trace_v3,72334774047343479,lidar,velodyne64,1783598413782921707,1.7836e+09,91063196537632,29.3074
202607091959,e2e_trace_v3,216449962123199340,radar,radar_front,1783598413782921707,1.7836e+09,91063196640576,29.4111
202607091959,e2e_trace_v3,216449962123199341,radar,radar_front,1783598413883015071,1.7836e+09,91063295418784,28.0986
202607091959,e2e_trace_v3,72334774047343480,lidar,velodyne64,1783598413883015071,1.7836e+09,91063295463008,28.1405
202607091959,e2e_trace_v3,72334774047343481,lidar,velodyne64,1783598413983373644,1.7836e+09,91063396013152,28.3337
202607091959,e2e_trace_v3,216449962123199342,radar,radar_front,1783598413983373644,1.7836e+09,91063396112768,28.4338
202607091959,e2e_trace_v3,72334774047343482,lidar,velodyne64,1783598414083086308,1.7836e+09,91063495455808,28.0652
202607091959,e2e_trace_v3,216449962123199343,radar,radar_front,1783598414083086308,1.7836e+09,91063496015584,28.626
202607091959,e2e_trace_v3,72334774047343483,lidar,velodyne64,1783598414182951475,1.7836e+09,91063595483904,28.229
202607091959,e2e_trace_v3,216449962123199344,radar,radar_front,1783598414182951475,1.7836e+09,91063595598688,28.3446
202607091959,e2e_trace_v3,72334774047343484,lidar,velodyne64,1783598414283102992,1.7836e+09,91063702636128,35.2311
202607091959,e2e_trace_v3,216449962123199345,radar,radar_front,1783598414283102992,1.7836e+09,91063703377248,35.9731
202607091959,e2e_trace_v3,72334774047343485,lidar,velodyne64,1783598414383054348,1.7836e+09,91063823455936,56.1016
202607091959,e2e_trace_v3,216449962123199346,radar,radar_front,1783598414383054348,1.7836e+09,91063823548448,56.1948
202607091959,e2e_trace_v3,72334774047343486,lidar,velodyne64,1783598414483084415,1.7836e+09,91063895029472,27.6461
202607091959,e2e_trace_v3,216449962123199347,radar,radar_front,1783598414483084415,1.7836e+09,91063895136640,27.7541
202607091959,e2e_trace_v3,72334774047343487,lidar,velodyne64,1783598414583140451,1.7836e+09,91063995274208,27.8358
202607091959,e2e_trace_v3,216449962123199348,radar,radar_front,1783598414583140451,1.7836e+09,91063995400000,27.9627
202607091959,e2e_trace_v3,72334774047343488,lidar,velodyne64,1783598414683068797,1.7836e+09,91064095787968,28.4228
202607091959,e2e_trace_v3,216449962123199349,radar,radar_front,1783598414683068797,1.7836e+09,91064095965120,28.6005
202607091959,e2e_trace_v3,72334774047343489,lidar,velodyne64,1783598414783074667,1.7836e+09,91064194922208,27.5524
202607091959,e2e_trace_v3,216449962123199350,radar,radar_front,1783598414783074667,1.7836e+09,91064194940992,27.5719
202607091959,e2e_trace_v3,72334774047343490,lidar,velodyne64,1783598414883098885,1.7836e+09,91064295328224,27.9355
202607091959,e2e_trace_v3,216449962123199351,radar,radar_front,1783598414883098885,1.7836e+09,91064295447040,28.0547
202607091959,e2e_trace_v3,72334774047343491,lidar,velodyne64,1783598414983683474,1.7836e+09,91064395675744,27.6997
202607091959,e2e_trace_v3,216449962123199352,radar,radar_front,1783598414983683474,1.7836e+09,91064395817728,27.843
202607091959,e2e_trace_v3,72334774047343492,lidar,velodyne64,1783598415083120098,1.7836e+09,91064496025088,28.6143
202607091959,e2e_trace_v3,216449962123199353,radar,radar_front,1783598415083120098,1.7836e+09,91064496217152,28.8069
202607091959,e2e_trace_v3,72334774047343493,lidar,velodyne64,1783598415183082369,1.7836e+09,91064598067456,30.6954
202607091959,e2e_trace_v3,216449962123199354,radar,radar_front,1783598415183082369,1.7836e+09,91064598237856,30.8669
202607091959,e2e_trace_v3,72334774047343494,lidar,velodyne64,1783598415283694208,1.7836e+09,91064696089536,28.1072
202607091959,e2e_trace_v3,216449962123199355,radar,radar_front,1783598415283694208,1.7836e+09,91064696269792,28.2891
202607091959,e2e_trace_v3,216449962123199356,radar,radar_front,1783598415383076106,1.7836e+09,91064795445056,28.0838
202607091959,e2e_trace_v3,72334774047343495,lidar,velodyne64,1783598415383076106,1.7836e+09,91064795513280,28.1501
202607091959,e2e_trace_v3,72334774047343496,lidar,velodyne64,1783598415483150816,1.7836e+09,91064895477984,28.0411
202607091959,e2e_trace_v3,216449962123199357,radar,radar_front,1783598415483150816,1.7836e+09,91064895574624,28.1384
202607091959,e2e_trace_v3,72334774047343497,lidar,velodyne64,1783598415583124076,1.7836e+09,91064995103680,27.6954
202607091959,e2e_trace_v3,216449962123199358,radar,radar_front,1783598415583124076,1.7836e+09,91064995663360,28.2564
202607091959,e2e_trace_v3,72334774047343498,lidar,velodyne64,1783598415683185848,1.7836e+09,91065095036800,27.5679
202607091959,e2e_trace_v3,216449962123199359,radar,radar_front,1783598415683185848,1.7836e+09,91065095284192,27.8161
202607091959,e2e_trace_v3,72334774047343499,lidar,velodyne64,1783598415783081485,1.7836e+09,91065196608160,29.2449
202607091959,e2e_trace_v3,216449962123199360,radar,radar_front,1783598415783081485,1.7836e+09,91065196721824,29.3601
202607091959,e2e_trace_v3,72334774047343500,lidar,velodyne64,1783598415883192248,1.7836e+09,91065325981952,58.5096
202607091959,e2e_trace_v3,216449962123199361,radar,radar_front,1783598415883192248,1.7836e+09,91065326113152,58.6421
202607091959,e2e_trace_v3,72334774047343501,lidar,velodyne64,1783598415982943959,1.7836e+09,91065395052640,27.8294
202607091959,e2e_trace_v3,216449962123199362,radar,radar_front,1783598415982943959,1.7836e+09,91065395607808,28.3866
202607091959,e2e_trace_v3,216449962123199363,radar,radar_front,1783598416082969022,1.7836e+09,91065497201792,29.9561
202607091959,e2e_trace_v3,72334774047343502,lidar,velodyne64,1783598416082969022,1.7836e+09,91065497274944,30.0283
202607091959,e2e_trace_v3,72334774047343503,lidar,velodyne64,1783598416183037658,1.7836e+09,91065596351360,29.0375
202607091959,e2e_trace_v3,216449962123199364,radar,radar_front,1783598416183037658,1.7836e+09,91065596477472,29.1646
202607091959,e2e_trace_v3,72334774047343504,lidar,velodyne64,1783598416282943778,1.7836e+09,91065694927008,27.7083
202607091959,e2e_trace_v3,216449962123199365,radar,radar_front,1783598416282943778,1.7836e+09,91065695124736,27.9069
202607091959,e2e_trace_v3,72334774047343505,lidar,velodyne64,1783598416383101814,1.7836e+09,91065800143392,32.7682
202607091959,e2e_trace_v3,216449962123199366,radar,radar_front,1783598416383101814,1.7836e+09,91065800257120,32.8827
202607091959,e2e_trace_v3,72334774047343506,lidar,velodyne64,1783598416483176998,1.7836e+09,91065895221248,27.7719
202607091959,e2e_trace_v3,216449962123199367,radar,radar_front,1783598416483176998,1.7836e+09,91065895334208,27.8859
202607091959,e2e_trace_v3,72334774047343507,lidar,velodyne64,1783598416583120288,1.7836e+09,91065996337632,28.9462
202607091959,e2e_trace_v3,216449962123199368,radar,radar_front,1783598416583120288,1.7836e+09,91065996433568,29.0427
202607091959,e2e_trace_v3,72334774047343508,lidar,velodyne64,1783598416682901653,1.7836e+09,91066094752032,27.5805
202607091959,e2e_trace_v3,216449962123199369,radar,radar_front,1783598416682901653,1.7836e+09,91066095046784,27.8761
202607091959,e2e_trace_v3,72334774047343509,lidar,velodyne64,1783598416782859738,1.7836e+09,91066197857504,30.7295
202607091959,e2e_trace_v3,216449962123199370,radar,radar_front,1783598416782859738,1.7836e+09,91066198112448,30.9851
202607091959,e2e_trace_v3,72334774047343510,lidar,velodyne64,1783598416882908620,1.7836e+09,91066294936352,27.761
202607091959,e2e_trace_v3,216449962123199371,radar,radar_front,1783598416882908620,1.7836e+09,91066295068192,27.8935
202607091959,e2e_trace_v3,72334774047343511,lidar,velodyne64,1783598416982890401,1.7836e+09,91066394506400,27.3502
202607091959,e2e_trace_v3,216449962123199372,radar,radar_front,1783598416982890401,1.7836e+09,91066394699136,27.5447
202607091959,e2e_trace_v3,72334774047343512,lidar,velodyne64,1783598417083066061,1.7836e+09,91066494855648,27.5252
202607091959,e2e_trace_v3,216449962123199373,radar,radar_front,1783598417083066061,1.7836e+09,91066494990016,27.6604
202607091959,e2e_trace_v3,72334774047343513,lidar,velodyne64,1783598417182939109,1.7836e+09,91066595585184,28.3833
202607091959,e2e_trace_v3,216449962123199374,radar,radar_front,1783598417182939109,1.7836e+09,91066595728096,28.5277
202607091959,e2e_trace_v3,216449962123199375,radar,radar_front,1783598417283015703,1.7836e+09,91066695921760,28.6455
202607091959,e2e_trace_v3,72334774047343514,lidar,velodyne64,1783598417283015703,1.7836e+09,91066696111456,28.8355
202607091959,e2e_trace_v3,72334774047343515,lidar,velodyne64,1783598417383257933,1.7836e+09,91066795708768,28.1906
202607091959,e2e_trace_v3,216449962123199376,radar,radar_front,1783598417383257933,1.7836e+09,91066795833472,28.3167
202607091959,e2e_trace_v3,72334774047343516,lidar,velodyne64,1783598417483286082,1.7836e+09,91066895635520,28.0907
202607091959,e2e_trace_v3,216449962123199377,radar,radar_front,1783598417483286082,1.7836e+09,91066895787584,28.2438
202607091959,e2e_trace_v3,72334774047343517,lidar,velodyne64,1783598417583707283,1.7836e+09,91066995584192,27.6194
202607091959,e2e_trace_v3,216449962123199378,radar,radar_front,1783598417583707283,1.7836e+09,91066995679456,27.7154
202607091959,e2e_trace_v3,72334774047343518,lidar,velodyne64,1783598417682948561,1.7836e+09,91067096382336,29.1777
202607091959,e2e_trace_v3,216449962123199379,radar,radar_front,1783598417682948561,1.7836e+09,91067096512096,29.3081
202607091959,e2e_trace_v3,72334774047343519,lidar,velodyne64,1783598417782974658,1.7836e+09,91067195001696,27.7724
202607091959,e2e_trace_v3,216449962123199380,radar,radar_front,1783598417782974658,1.7836e+09,91067195336640,28.1081
202607091959,e2e_trace_v3,72334774047343520,lidar,velodyne64,1783598417882954409,1.7836e+09,91067294961888,27.7538
202607091959,e2e_trace_v3,216449962123199381,radar,radar_front,1783598417882954409,1.7836e+09,91067295206624,27.9992
202607091959,e2e_trace_v3,72334774047343521,lidar,velodyne64,1783598417983278255,1.7836e+09,91067395096704,27.5662
202607091959,e2e_trace_v3,216449962123199382,radar,radar_front,1783598417983278255,1.7836e+09,91067395211840,27.6821
202607091959,e2e_trace_v3,72334774047343522,lidar,velodyne64,1783598418082929070,1.7836e+09,91067494570976,27.391
202607091959,e2e_trace_v3,216449962123199383,radar,radar_front,1783598418082929070,1.7836e+09,91067494726784,27.5478
202607091959,e2e_trace_v3,72334774047343523,lidar,velodyne64,1783598418183039803,1.7836e+09,91067594719840,27.4308
202607091959,e2e_trace_v3,216449962123199384,radar,radar_front,1783598418183039803,1.7836e+09,91067594881696,27.5936
202607091959,e2e_trace_v3,72334774047343524,lidar,velodyne64,1783598418282999146,1.7836e+09,91067695482784,28.2357
202607091959,e2e_trace_v3,216449962123199385,radar,radar_front,1783598418282999146,1.7836e+09,91067695651744,28.4054
202607091959,e2e_trace_v3,72334774047343525,lidar,velodyne64,1783598418382911780,1.7836e+09,91067794837280,27.679
202607091959,e2e_trace_v3,216449962123199386,radar,radar_front,1783598418382911780,1.7836e+09,91067795000576,27.8432
202607091959,e2e_trace_v3,72334774047343526,lidar,velodyne64,1783598418483345580,1.7836e+09,91067894646688,27.0555
202607091959,e2e_trace_v3,216449962123199387,radar,radar_front,1783598418483345580,1.7836e+09,91067894782976,27.1928
202607091959,e2e_trace_v3,72334774047343527,lidar,velodyne64,1783598418583086678,1.7836e+09,91068005902528,38.5721
202607091959,e2e_trace_v3,216449962123199388,radar,radar_front,1783598418583086678,1.7836e+09,91068005996832,38.6672
202607091959,e2e_trace_v3,72334774047343528,lidar,velodyne64,1783598418682999534,1.7836e+09,91068096620576,29.3782
202607091959,e2e_trace_v3,216449962123199389,radar,radar_front,1783598418682999534,1.7836e+09,91068096763072,29.5215
202607091959,e2e_trace_v3,72334774047343529,lidar,velodyne64,1783598418783110348,1.7836e+09,91068195387552,28.0359
202607091959,e2e_trace_v3,216449962123199390,radar,radar_front,1783598418783110348,1.7836e+09,91068195478592,28.1274
202607091959,e2e_trace_v3,72334774047343530,lidar,velodyne64,1783598418883007480,1.7836e+09,91068295577216,28.3296
202607091959,e2e_trace_v3,216449962123199391,radar,radar_front,1783598418883007480,1.7836e+09,91068295765824,28.5192
202607091959,e2e_trace_v3,72334774047343531,lidar,velodyne64,1783598418983026459,1.7836e+09,91068394219776,26.9547
202607091959,e2e_trace_v3,216449962123199392,radar,radar_front,1783598418983026459,1.7836e+09,91068395864192,28.6005
202607091959,e2e_trace_v3,72334774047343532,lidar,velodyne64,1783598419082957741,1.7836e+09,91068494462304,27.2672
202607091959,e2e_trace_v3,216449962123199393,radar,radar_front,1783598419082957741,1.7836e+09,91068494598304,27.4038
202607091959,e2e_trace_v3,72334774047343533,lidar,velodyne64,1783598419182937824,1.7836e+09,91068594131584,26.9575
202607091959,e2e_trace_v3,216449962123199394,radar,radar_front,1783598419182937824,1.7836e+09,91068594270528,27.0972
202607091959,e2e_trace_v3,72334774047343534,lidar,velodyne64,1783598419282968015,1.7836e+09,91068694562752,27.36
202607091959,e2e_trace_v3,216449962123199395,radar,radar_front,1783598419282968015,1.7836e+09,91068694675200,27.4734
202607091959,e2e_trace_v3,72334774047343535,lidar,velodyne64,1783598419383015515,1.7836e+09,91068794838880,27.5903
202607091959,e2e_trace_v3,216449962123199396,radar,radar_front,1783598419383015515,1.7836e+09,91068794951968,27.704
202607091959,e2e_trace_v3,72334774047343536,lidar,velodyne64,1783598419483114527,1.7836e+09,91068894183232,26.8366
202607091959,e2e_trace_v3,216449962123199397,radar,radar_front,1783598419483114527,1.7836e+09,91068894334144,26.9887
202607091959,e2e_trace_v3,72334774047343537,lidar,velodyne64,1783598419582878811,1.7836e+09,91068994865408,27.756
202607091959,e2e_trace_v3,216449962123199398,radar,radar_front,1783598419582878811,1.7836e+09,91068994997760,27.8888
202607091959,e2e_trace_v3,72334774047343538,lidar,velodyne64,1783598419683000728,1.7836e+09,91069095505728,28.2757
202607091959,e2e_trace_v3,216449962123199399,radar,radar_front,1783598419683000728,1.7836e+09,91069095661248,28.4321
202607091959,e2e_trace_v3,72334774047343539,lidar,velodyne64,1783598419783050394,1.7836e+09,91069194814400,27.5359
202607091959,e2e_trace_v3,216449962123199400,radar,radar_front,1783598419783050394,1.7836e+09,91069194958400,27.6809
202607091959,e2e_trace_v3,72334774047343540,lidar,velodyne64,1783598419883030311,1.7836e+09,91069297473344,30.2165
202607091959,e2e_trace_v3,216449962123199401,radar,radar_front,1783598419883030311,1.7836e+09,91069297634656,30.3793
202607091959,e2e_trace_v3,72334774047343541,lidar,velodyne64,1783598419982983497,1.7836e+09,91069417629568,50.4212
202607091959,e2e_trace_v3,216449962123199402,radar,radar_front,1783598419982983497,1.7836e+09,91069417809792,50.6032
202607091959,e2e_trace_v3,72334774047343542,lidar,velodyne64,1783598420082847374,1.7836e+09,91069495484192,28.4128
202607091959,e2e_trace_v3,216449962123199403,radar,radar_front,1783598420082847374,1.7836e+09,91069495691904,28.6214
202607091959,e2e_trace_v3,72334774047343543,lidar,velodyne64,1783598420183374505,1.7836e+09,91069594491584,26.8943
202607091959,e2e_trace_v3,216449962123199404,radar,radar_front,1783598420183374505,1.7836e+09,91069594638528,27.0422
202607091959,e2e_trace_v3,72334774047343544,lidar,velodyne64,1783598420283324994,1.7836e+09,91069706310336,38.7642
202607091959,e2e_trace_v3,216449962123199405,radar,radar_front,1783598420283324994,1.7836e+09,91069706494208,38.949
202607091959,e2e_trace_v3,72334774047343545,lidar,velodyne64,1783598420383311131,1.7836e+09,91069794385408,26.8545
202607091959,e2e_trace_v3,216449962123199406,radar,radar_front,1783598420383311131,1.7836e+09,91069794499840,26.9697
202607091959,e2e_trace_v3,72334774047343546,lidar,velodyne64,1783598420483029262,1.7836e+09,91069894973856,27.7259
202607091959,e2e_trace_v3,216449962123199407,radar,radar_front,1783598420483029262,1.7836e+09,91069895073088,27.8258
202607091959,e2e_trace_v3,72334774047343547,lidar,velodyne64,1783598420583040966,1.7836e+09,91069995072640,27.8144
202607091959,e2e_trace_v3,216449962123199408,radar,radar_front,1783598420583040966,1.7836e+09,91069995184800,27.9276
202607091959,e2e_trace_v3,72334774047343548,lidar,velodyne64,1783598420683091475,1.7836e+09,91070096007008,28.6996
202607091959,e2e_trace_v3,216449962123199409,radar,radar_front,1783598420683091475,1.7836e+09,91070096128256,28.8217
202607091959,e2e_trace_v3,72334774047343549,lidar,velodyne64,1783598420782969108,1.7836e+09,91070196712928,29.5293
202607091959,e2e_trace_v3,216449962123199410,radar,radar_front,1783598420782969108,1.7836e+09,91070196823776,29.6409
202607091959,e2e_trace_v3,72334774047343550,lidar,velodyne64,1783598420883071092,1.7836e+09,91070329739680,62.4561
202607091959,e2e_trace_v3,216449962123199411,radar,radar_front,1783598420883071092,1.7836e+09,91070329907840,62.6247
202607091959,e2e_trace_v3,72334774047343551,lidar,velodyne64,1783598420982979609,1.7836e+09,91070396465344,29.274
202607091959,e2e_trace_v3,216449962123199412,radar,radar_front,1783598420982979609,1.7836e+09,91070396695072,29.5048
202607091959,e2e_trace_v3,72334774047343552,lidar,velodyne64,1783598421083063039,1.7836e+09,91070494983040,27.7092
202607091959,e2e_trace_v3,216449962123199413,radar,radar_front,1783598421083063039,1.7836e+09,91070495117216,27.8444
202607091959,e2e_trace_v3,72334774047343553,lidar,velodyne64,1783598421182960806,1.7836e+09,91070601486400,34.3165
202607091959,e2e_trace_v3,216449962123199414,radar,radar_front,1783598421182960806,1.7836e+09,91070601591712,34.4226
202607091959,e2e_trace_v3,72334774047343554,lidar,velodyne64,1783598421283000010,1.7836e+09,91070696065120,28.8572
202607091959,e2e_trace_v3,216449962123199415,radar,radar_front,1783598421283000010,1.7836e+09,91070696244192,29.0372
202607091959,e2e_trace_v3,72334774047343555,lidar,velodyne64,1783598421382907531,1.7836e+09,91070795604928,28.4908
202607091959,e2e_trace_v3,216449962123199416,radar,radar_front,1783598421382907531,1.7836e+09,91070795792544,28.6789
202607091959,e2e_trace_v3,72334774047343556,lidar,velodyne64,1783598421482922540,1.7836e+09,91070904061696,36.9341
202607091959,e2e_trace_v3,216449962123199417,radar,radar_front,1783598421482922540,1.7836e+09,91070904204160,37.0772
202607091959,e2e_trace_v3,72334774047343557,lidar,velodyne64,1783598421583035143,1.7836e+09,91070995923616,28.6844
202607091959,e2e_trace_v3,216449962123199418,radar,radar_front,1783598421583035143,1.7836e+09,91070996906208,29.6686
202607091959,e2e_trace_v3,72334774047343558,lidar,velodyne64,1783598421683146604,1.7836e+09,91071096043744,28.6949
202607091959,e2e_trace_v3,216449962123199419,radar,radar_front,1783598421683146604,1.7836e+09,91071096258752,28.9109
202607091959,e2e_trace_v3,72334774047343559,lidar,velodyne64,1783598421783075570,1.7836e+09,91071196592224,29.3157
202607091959,e2e_trace_v3,216449962123199420,radar,radar_front,1783598421783075570,1.7836e+09,91071196693600,29.418
202607091959,e2e_trace_v3,72334774047343560,lidar,velodyne64,1783598421883107285,1.7836e+09,91071295567328,28.2602
202607091959,e2e_trace_v3,216449962123199421,radar,radar_front,1783598421883107285,1.7836e+09,91071295618208,28.3117
202607091959,e2e_trace_v3,72334774047343561,lidar,velodyne64,1783598421982985121,1.7836e+09,91071396220608,29.037
202607091959,e2e_trace_v3,216449962123199422,radar,radar_front,1783598421982985121,1.7836e+09,91071396376448,29.1934
202607091959,e2e_trace_v3,72334774047343562,lidar,velodyne64,1783598422082872159,1.7836e+09,91071507728032,40.659
202607091959,e2e_trace_v3,216449962123199423,radar,radar_front,1783598422082872159,1.7836e+09,91071507846240,40.7777
202607091959,e2e_trace_v3,72334774047343563,lidar,velodyne64,1783598422182903370,1.7836e+09,91071602269152,35.1701
202607091959,e2e_trace_v3,216449962123199424,radar,radar_front,1783598422182903370,1.7836e+09,91071602362048,35.2643
202607091959,e2e_trace_v3,72334774047343564,lidar,velodyne64,1783598422282911603,1.7836e+09,91071696171328,29.0654
202607091959,e2e_trace_v3,216449962123199425,radar,radar_front,1783598422282911603,1.7836e+09,91071696291968,29.187
202607091959,e2e_trace_v3,72334774047343565,lidar,velodyne64,1783598422382877466,1.7836e+09,91071795568256,28.4977
202607091959,e2e_trace_v3,216449962123199426,radar,radar_front,1783598422382877466,1.7836e+09,91071795689408,28.6195
202607091959,e2e_trace_v3,72334774047343566,lidar,velodyne64,1783598422482957356,1.7836e+09,91071896106560,28.9574
202607091959,e2e_trace_v3,216449962123199427,radar,radar_front,1783598422482957356,1.7836e+09,91071896195968,29.0477
202607091959,e2e_trace_v3,72334774047343567,lidar,velodyne64,1783598422583096195,1.7836e+09,91071995478592,28.192
202607091959,e2e_trace_v3,216449962123199428,radar,radar_front,1783598422583096195,1.7836e+09,91071995895904,28.61
202607091959,e2e_trace_v3,72334774047343568,lidar,velodyne64,1783598422682977938,1.7836e+09,91072095629184,28.4619
202607091959,e2e_trace_v3,216449962123199429,radar,radar_front,1783598422682977938,1.7836e+09,91072095798880,28.641
202607091959,e2e_trace_v3,72334774047343569,lidar,velodyne64,1783598422782933308,1.7836e+09,91072195846144,28.7251
202607091959,e2e_trace_v3,216449962123199430,radar,radar_front,1783598422782933308,1.7836e+09,91072195930784,28.8105
202607091959,e2e_trace_v3,72334774047343570,lidar,velodyne64,1783598422882933098,1.7836e+09,91072294837120,27.7181
202607091959,e2e_trace_v3,216449962123199431,radar,radar_front,1783598422882933098,1.7836e+09,91072294973088,27.8547
202607091959,e2e_trace_v3,72334774047343571,lidar,velodyne64,1783598422983016507,1.7836e+09,91072395782368,28.5809
202607091959,e2e_trace_v3,216449962123199432,radar,radar_front,1783598422983016507,1.7836e+09,91072395899424,28.6987
202607091959,e2e_trace_v3,72334774047343572,lidar,velodyne64,1783598423083117285,1.7836e+09,91072496047680,28.7468
202607091959,e2e_trace_v3,216449962123199433,radar,radar_front,1783598423083117285,1.7836e+09,91072496161696,28.8615
202607091959,e2e_trace_v3,72334774047343573,lidar,velodyne64,1783598423182912649,1.7836e+09,91072600656608,33.5615
202607091959,e2e_trace_v3,216449962123199434,radar,radar_front,1783598423182912649,1.7836e+09,91072601032064,33.9382
202607091959,e2e_trace_v3,72334774047343574,lidar,velodyne64,1783598423283338002,1.7836e+09,91072695804160,28.285
202607091959,e2e_trace_v3,216449962123199435,radar,radar_front,1783598423283338002,1.7836e+09,91072697339872,29.8223
202607091959,e2e_trace_v3,72334774047343575,lidar,velodyne64,1783598423383424468,1.7836e+09,91072796098912,28.4948
202607091959,e2e_trace_v3,216449962123199436,radar,radar_front,1783598423383424468,1.7836e+09,91072796226560,28.6233
202607091959,e2e_trace_v3,72334774047343576,lidar,velodyne64,1783598423483507205,1.7836e+09,91072896225792,28.5404
202607091959,e2e_trace_v3,216449962123199437,radar,radar_front,1783598423483507205,1.7836e+09,91072896344992,28.6605
202607091959,e2e_trace_v3,72334774047343577,lidar,velodyne64,1783598423583534764,1.7836e+09,91072995566464,27.8549
202607091959,e2e_trace_v3,216449962123199438,radar,radar_front,1783598423583534764,1.7836e+09,91072995691232,27.9801
202607091959,e2e_trace_v3,216449962123199439,radar,radar_front,1783598423683160179,1.7836e+09,91073096218336,28.8835
202607091959,e2e_trace_v3,72334774047343578,lidar,velodyne64,1783598423683160179,1.7836e+09,91073096220800,28.8854
202607091959,e2e_trace_v3,72334774047343579,lidar,velodyne64,1783598423783123772,1.7836e+09,91073195916096,28.6183
202607091959,e2e_trace_v3,216449962123199440,radar,radar_front,1783598423783123772,1.7836e+09,91073196165344,28.8684
202607091959,e2e_trace_v3,72334774047343580,lidar,velodyne64,1783598423882844804,1.7836e+09,91073301048032,34.0304
202607091959,e2e_trace_v3,216449962123199441,radar,radar_front,1783598423882844804,1.7836e+09,91073301148768,34.1318
202607091959,e2e_trace_v3,72334774047343581,lidar,velodyne64,1783598423982806455,1.7836e+09,91073395829952,28.852
202607091959,e2e_trace_v3,216449962123199442,radar,radar_front,1783598423982806455,1.7836e+09,91073395950592,28.9733
202607091959,e2e_trace_v3,72334774047343582,lidar,velodyne64,1783598424082809360,1.7836e+09,91073495840288,28.8606
202607091959,e2e_trace_v3,216449962123199443,radar,radar_front,1783598424082809360,1.7836e+09,91073495991520,29.0127
202607091959,e2e_trace_v3,72334774047343583,lidar,velodyne64,1783598424183281050,1.7836e+09,91073596128352,28.6784
202607091959,e2e_trace_v3,216449962123199444,radar,radar_front,1783598424183281050,1.7836e+09,91073596269120,28.82
202607091959,e2e_trace_v3,72334774047343584,lidar,velodyne64,1783598424284460836,1.7836e+09,91073710242528,41.6145
202607091959,e2e_trace_v3,216449962123199445,radar,radar_front,1783598424284460836,1.7836e+09,91073710313824,41.6863
202607091959,e2e_trace_v3,72334774047343585,lidar,velodyne64,1783598424383761518,1.7836e+09,91073807150688,39.2232
202607091959,e2e_trace_v3,216449962123199446,radar,radar_front,1783598424383761518,1.7836e+09,91073807288800,39.3627
202607091959,e2e_trace_v3,216449962123199447,radar,radar_front,1783598424483640941,1.7836e+09,91073896921056,29.1173
202607091959,e2e_trace_v3,72334774047343586,lidar,velodyne64,1783598424483640941,1.7836e+09,91073896948896,29.1433
202607091959,e2e_trace_v3,72334774047343587,lidar,velodyne64,1783598424583149461,1.7836e+09,91073997578304,30.2651
202607091959,e2e_trace_v3,216449962123199448,radar,radar_front,1783598424583149461,1.7836e+09,91073997716000,30.4034
202607091959,e2e_trace_v3,72334774047343588,lidar,velodyne64,1783598424683286433,1.7836e+09,91074095536160,28.0876
202607091959,e2e_trace_v3,216449962123199449,radar,radar_front,1783598424683286433,1.7836e+09,91074095653824,28.2061
202607091959,e2e_trace_v3,72334774047343589,lidar,velodyne64,1783598424783661471,1.7836e+09,91074204263744,36.4416
202607091959,e2e_trace_v3,216449962123199450,radar,radar_front,1783598424783661471,1.7836e+09,91074204394240,36.5727
202607091959,e2e_trace_v3,72334774047343590,lidar,velodyne64,1783598424883680919,1.7836e+09,91074296192160,28.3518
202607091959,e2e_trace_v3,216449962123199451,radar,radar_front,1783598424883680919,1.7836e+09,91074296326528,28.4872
202607091959,e2e_trace_v3,72334774047343591,lidar,velodyne64,1783598424983428059,1.7836e+09,91074396683680,29.0976
202607091959,e2e_trace_v3,216449962123199452,radar,radar_front,1783598424983428059,1.7836e+09,91074396892832,29.3078
202607091959,e2e_trace_v3,72334774047343592,lidar,velodyne64,1783598425083672160,1.7836e+09,91074496472512,28.6436
202607091959,e2e_trace_v3,216449962123199453,radar,radar_front,1783598425083672160,1.7836e+09,91074496606784,28.779
202607091959,e2e_trace_v3,72334774047343593,lidar,velodyne64,1783598425182881454,1.7836e+09,91074595700896,28.6636
202607091959,e2e_trace_v3,216449962123199454,radar,radar_front,1783598425182881454,1.7836e+09,91074595848960,28.8124
202607091959,e2e_trace_v3,72334774047343594,lidar,velodyne64,1783598425283482838,1.7836e+09,91074695914368,28.2774
202607091959,e2e_trace_v3,216449962123199455,radar,radar_front,1783598425283482838,1.7836e+09,91074696022496,28.3864
202607091959,e2e_trace_v3,72334774047343595,lidar,velodyne64,1783598425383331403,1.7836e+09,91074796583104,29.099
202607091959,e2e_trace_v3,216449962123199456,radar,radar_front,1783598425383331403,1.7836e+09,91074796732320,29.249
202607091959,e2e_trace_v3,72334774047343596,lidar,velodyne64,1783598425484046515,1.7836e+09,91074895869792,27.6718
202607091959,e2e_trace_v3,216449962123199457,radar,radar_front,1783598425484046515,1.7836e+09,91074895995360,27.7982
202607091959,e2e_trace_v3,72334774047343597,lidar,velodyne64,1783598425583906465,1.7836e+09,91074996734624,28.6777
202607091959,e2e_trace_v3,216449962123199458,radar,radar_front,1783598425583906465,1.7836e+09,91074996857216,28.8012
202607091959,e2e_trace_v3,72334774047343598,lidar,velodyne64,1783598425683454468,1.7836e+09,91075095830304,28.2271
202607091959,e2e_trace_v3,216449962123199459,radar,radar_front,1783598425683454468,1.7836e+09,91075095935808,28.3334
