record_file,record_time_ns,record_time_sec,channel,data_type,header_timestamp_sec,header_sequence_num,header_module_name,header_lidar_timestamp,header_camera_timestamp,header_radar_timestamp,gear_location,driving_mode,turn_signal,horn,high_beam,low_beam,emergency_light,chassis_error_mask
/apollo_workspace/records/202607092002_MkzExample_CarlaTown01.00000.20260709200220.record,1783598540620980042,1783598540.62098,/apollo/canbus/chassis,apollo.canbus.Chassis,1783598540.6185155,0,carla_bridge,0,0,0,GEAR_DRIVE,COMPLETE_AUTO_DRIVE,TURN_NONE,0,0,0,0,0
/apollo_workspace/records/202607092002_MkzExample_CarlaTown01.00000.20260709200220.record,1783598540721054254,1783598540.7210543,/apollo/canbus/chassis,apollo.canbus.Chassis,1783598540.7185135,0,carla_bridge,0,0,0,GEAR_DRIVE,COMPLETE_AUTO_DRIVE,TURN_NONE,0,0,0,0,0
/apollo_workspace/records/202607092002_MkzExample_CarlaTown01.00000.20260709200220.record,1783598540820875602,1783598540.8208754,/apollo/canbus/chassis,apollo.canbus.Chassis,1783598540.8184028,0,carla_bridge,0,0,0,GEAR_DRIVE,COMPLETE_AUTO_DRIVE,TURN_NONE,0,0,0,0,0
/apollo_workspace/records/202607092002_MkzExample_CarlaTown01.00000.20260709200220.record,1783598540920960662,1783598540.9209607,/apollo/canbus/chassis,apollo.canbus.Chassis,1783598540.9187262,0,carla_bridge,0,0,0,GEAR_DRIVE,COMPLETE_AUTO_DRIVE,TURN_NONE,0,0,0,0,0
/apollo_workspace/records/202607092002_MkzExample_CarlaTown01.00000.20260709200220.record,1783598541020895802,1783598541.0208957,/apollo/canbus/chassis,apollo.canbus.Chassis,1783598541.0186172,0,carla_bridge,0,0,0,GEAR_DRIVE,COMPLETE_AUTO_DRIVE,TURN_NONE,0,0,0,0,0
/apollo_workspace/records/202607092002_MkzExample_CarlaTown01.00000.20260709200220.record,1783598541120980125,1783598541.1209803,/apollo/canbus/chassis,apollo.canbus.Chassis,1783598541.1187027,0,carla_bridge,0,0,0,GEAR_DRIVE,COMPLETE_AUTO_DRIVE,TURN_NONE,0,0,0,0,0
/apollo_workspace/records/202607092002_MkzExample_CarlaTown01.00000.20260709200220.record,1783598541221035617,1783598541.2210355,/apollo/canbus/chassis,apollo.canbus.Chassis,1783598541.2184472,0,carla_bridge,0,0,0,GEAR_DRIVE,COMPLETE_AUTO_DRIVE,TURN_NONE,0,0,0,0,0
/apollo_workspace/records/202607092002_MkzExample_CarlaTown01.00000.20260709200220.record,1783598541321343447,1783598541.3213434,/apollo/canbus/chassis,apollo.canbus.Chassis,1783598541.3191264,0,carla_bridge,0,0,0,GEAR_DRIVE,COMPLETE_AUTO_DRIVE,TURN_NONE,0,0,0,0,0
/apollo_workspace/records/202607092002_MkzExample_CarlaTown01.00000.20260709200220.record,1783598541421013716,1783598541.4210138,/apollo/canbus/chassis,apollo.canbus.Chassis,1783598541.4186049,0,carla_bridge,0,0,0,GEAR_DRIVE,COMPLETE_AUTO_DRIVE,TURN_NONE,0,0,0,0,0
/apollo_workspace/records/202607092002_MkzExample_CarlaTown01.00000.20260709200220.record,1783598541520813810,1783598541.520814,/apollo/canbus/chassis,apollo.canbus.Chassis,1783598541.5183773,0,carla_bridge,0,0,0,GEAR_DRIVE,COMPLETE_AUTO_DRIVE,TURN_NONE,0,0,0,0,0
/apollo_workspace/records/202607092002_MkzExample_CarlaTown01.00000.20260709200220.record,1783598541621327930,1783598541.6213279,/apollo/canbus/chassis,apollo.canbus.Chassis,1783598541.6185322,0,carla_bridge,0,0,0,GEAR_DRIVE,COMPLETE_AUTO_DRIVE,TURN_NONE,0,0,0,0,0
/apollo_workspace/records/202607092002_MkzExample_CarlaTown01.00000.20260709200220.record,1783598541720692755,1783598541.7206926,/apollo/canbus/chassis,apollo.canbus.Chassis,1783598541.7184472,0,carla_bridge,0,0,0,GEAR_DRIVE,COMPLETE_AUTO_DRIVE,TURN_NONE,0,0,0,0,0
/apollo_workspace/records/202607092002_MkzExample_CarlaTown01.00000.20260709200220.record,1783598541821153594,1783598541.8211536,/apollo/canbus/chassis,apollo.canbus.Chassis,1783598541.818326,0,carla_bridge,0,0,0,GEAR_DRIVE,COMPLETE_AUTO_DRIVE,TURN_NONE,0,0,0,0,0
/apollo_workspace/records/202607092002_MkzExample_CarlaTown01.00000.20260709200220.record,1783598541923009715,1783598541.9230099,/apollo/canbus/chassis,apollo.canbus.Chassis,1783598541.918539,0,carla_bridge,0,0,0,GEAR_DRIVE,COMPLETE_AUTO_DRIVE,TURN_NONE,0,0,0,0,0
/apollo_workspace/records/202607092002_MkzExample_CarlaTown01.00000.20260709200220.record,1783598542022027496,1783598542.0220275,/apollo/canbus/chassis,apollo.canbus.Chassis,1783598542.0186584,0,carla_bridge,0,0,0,GEAR_DRIVE,COMPLETE_AUTO_DRIVE,TURN_NONE,0,0,0,0,0
/apollo_workspace/records/202607092002_MkzExample_CarlaTown01.00000.20260709200220.record,1783598542121462786,1783598542.1214628,/apollo/canbus/chassis,apollo.canbus.Chassis,1783598542.1192424,0,carla_bridge,0,0,0,GEAR_DRIVE,COMPLETE_AUTO_DRIVE,TURN_NONE,0,0,0,0,0
/apollo_workspace/records/202607092002_MkzExample_CarlaTown01.00000.20260709200220.record,1783598542221650565,1783598542.2216506,/apollo/canbus/chassis,apollo.canbus.Chassis,1783598542.218345,0,carla_bridge,0,0,0,GEAR_DRIVE,COMPLETE_AUTO_DRIVE,TURN_NONE,0,0,0,0,0
/apollo_workspace/records/202607092002_MkzExample_CarlaTown01.00000.20260709200220.record,1783598542321141568,1783598542.3211415,/apollo/canbus/chassis,apollo.canbus.Chassis,1783598542.318808,0,carla_bridge,0,0,0,GEAR_DRIVE,COMPLETE_AUTO_DRIVE,TURN_NONE,0,0,0,0,0
/apollo_workspace/records/202607092002_MkzExample_CarlaTown01.00000.20260709200220.record,1783598542420732892,1783598542.420733,/apollo/canbus/chassis,apollo.canbus.Chassis,1783598542.418509,0,carla_bridge,0,0,0,GEAR_DRIVE,COMPLETE_AUTO_DRIVE,TURN_NONE,0,0,0,0,0
/apollo_workspace/records/202607092002_MkzExample_CarlaTown01.00000.20260709200220.record,1783598542520662044,1783598542.520662,/apollo/canbus/chassis,apollo.canbus.Chassis,1783598542.518449,0,carla_bridge,0,0,0,GEAR_DRIVE,COMPLETE_AUTO_DRIVE,TURN_NONE,0,0,0,0,0
/apollo_workspace/records/202607092002_MkzExample_CarlaTown01.00000.20260709200220.record,1783598542620940769,1783598542.6209407,/apollo/canbus/chassis,apollo.canbus.Chassis,1783598542.6183357,0,carla_bridge,0,0,0,GEAR_DRIVE,COMPLETE_AUTO_DRIVE,TURN_NONE,0,0,0,0,0
/apollo_workspace/records/202607092002_MkzExample_CarlaTown01.00000.20260709200220.record,1783598542720802336,1783598542.7208023,/apollo/canbus/chassis,apollo.canbus.Chassis,1783598542.718217,0,carla_bridge,0,0,0,GEAR_DRIVE,COMPLETE_AUTO_DRIVE,TURN_NONE,0,0,0,0,0
/apollo_workspace/records/202607092002_MkzExample_CarlaTown01.00000.20260709200220.record,1783598542821237831,1783598542.8212378,/apollo/canbus/chassis,apollo.canbus.Chassis,1783598542.8182967,0,carla_bridge,0,0,0,GEAR_DRIVE,COMPLETE_AUTO_DRIVE,TURN_NONE,0,0,0,0,0
/apollo_workspace/records/202607092002_MkzExample_CarlaTown01.00000.20260709200220.record,1783598542921319913,1783598542.92132,/apollo/canbus/chassis,apollo.canbus.Chassis,1783598542.9184582,0,carla_bridge,0,0,0,GEAR_DRIVE,COMPLETE_AUTO_DRIVE,TURN_NONE,0,0,0,0,0
/apollo_workspace/records/202607092002_MkzExample_CarlaTown01.00000.20260709200220.record,1783598543021160776,1783598543.0211606,/apollo/canbus/chassis,apollo.canbus.Chassis,1783598543.0183778,0,carla_bridge,0,0,0,GEAR_DRIVE,COMPLETE_AUTO_DRIVE,TURN_NONE,0,0,0,0,0
/apollo_workspace/records/202607092002_MkzExample_CarlaTown01.00000.20260709200220.record,1783598543121248619,1783598543.1212485,/apollo/canbus/chassis,apollo.canbus.Chassis,1783598543.1186907,0,carla_bridge,0,0,0,GEAR_DRIVE,COMPLETE_AUTO_DRIVE,TURN_NONE,0,0,0,0,0
/apollo_workspace/records/202607092002_MkzExample_CarlaTown01.00000.20260709200220.record,1783598543221096362,1783598543.2210965,/apollo/canbus/chassis,apollo.canbus.Chassis,1783598543.2183132,0,carla_bridge,0,0,0,GEAR_DRIVE,COMPLETE_AUTO_DRIVE,TURN_NONE,0,0,0,0,0
/apollo_workspace/records/202607092002_MkzExample_CarlaTown01.00000.20260709200220.record,1783598543321356110,1783598543.321356,/apollo/canbus/chassis,apollo.canbus.Chassis,1783598543.3184505,0,carla_bridge,0,0,0,GEAR_DRIVE,COMPLETE_AUTO_DRIVE,TURN_NONE,0,0,0,0,0
/apollo_workspace/records/202607092002_MkzExample_CarlaTown01.00000.20260709200220.record,1783598543421312623,1783598543.4213126,/apollo/canbus/chassis,apollo.canbus.Chassis,1783598543.4185436,0,carla_bridge,0,0,0,GEAR_DRIVE,COMPLETE_AUTO_DRIVE,TURN_NONE,0,0,0,0,0
/apollo_workspace/records/202607092002_MkzExample_CarlaTown01.00000.20260709200220.record,1783598543520065216,1783598543.5200653,/apollo/canbus/chassis,apollo.canbus.Chassis,1783598543.518495,0,carla_bridge,0,0,0,GEAR_DRIVE,COMPLETE_AUTO_DRIVE,TURN_NONE,0,0,0,0,0
/apollo_workspace/records/202607092002_MkzExample_CarlaTown01.00000.20260709200220.record,1783598543620468583,1783598543.6204684,/apollo/canbus/chassis,apollo.canbus.Chassis,1783598543.6184475,0,carla_bridge,0,0,0,GEAR_DRIVE,COMPLETE_AUTO_DRIVE,TURN_NONE,0,0,0,0,0
/apollo_workspace/records/202607092002_MkzExample_CarlaTown01.00000.20260709200220.record,1783598543721359059,1783598543.721359,/apollo/canbus/chassis,apollo.canbus.Chassis,1783598543.7191901,0,carla_bridge,0,0,0,GEAR_DRIVE,COMPLETE_AUTO_DRIVE,TURN_NONE,0,0,0,0,0
/apollo_workspace/records/202607092002_MkzExample_CarlaTown01.00000.20260709200220.record,1783598543820090852,1783598543.8200908,/apollo/canbus/chassis,apollo.canbus.Chassis,1783598543.8184688,0,carla_bridge,0,0,0,GEAR_DRIVE,COMPLETE_AUTO_DRIVE,TURN_NONE,0,0,0,0,0
/apollo_workspace/records/202607092002_MkzExample_CarlaTown01.00000.20260709200220.record,1783598543920948880,1783598543.920949,/apollo/canbus/chassis,apollo.canbus.Chassis,1783598543.9185793,0,carla_bridge,0,0,0,GEAR_DRIVE,COMPLETE_AUTO_DRIVE,TURN_NONE,0,0,0,0,0
/apollo_workspace/records/202607092002_MkzExample_CarlaTown01.00000.20260709200220.record,1783598544021266070,1783598544.0212662,/apollo/canbus/chassis,apollo.canbus.Chassis,1783598544.0184104,0,carla_bridge,0,0,0,GEAR_DRIVE,COMPLETE_AUTO_DRIVE,TURN_NONE,0,0,0,0,0
/apollo_workspace/records/202607092002_MkzExample_CarlaTown01.00000.20260709200220.record,1783598544120242634,1783598544.1202426,/apollo/canbus/chassis,apollo.canbus.Chassis,1783598544.1184175,0,carla_bridge,0,0,0,GEAR_DRIVE,COMPLETE_AUTO_DRIVE,TURN_NONE,0,0,0,0,0
/apollo_workspace/records/202607092002_MkzExample_CarlaTown01.00000.20260709200220.record,1783598544221434746,1783598544.2214346,/apollo/canbus/chassis,apollo.canbus.Chassis,1783598544.218444,0,carla_bridge,0,0,0,GEAR_DRIVE,COMPLETE_AUTO_DRIVE,TURN_NONE,0,0,0,0,0
/apollo_workspace/records/202607092002_MkzExample_CarlaTown01.00000.20260709200220.record,1783598544321589437,1783598544.3215895,/apollo/canbus/chassis,apollo.canbus.Chassis,1783598544.3184896,0,carla_bridge,0,0,0,GEAR_DRIVE,COMPLETE_AUTO_DRIVE,TURN_NONE,0,0,0,0,0
/apollo_workspace/records/202607092002_MkzExample_CarlaTown01.00000.20260709200220.record,1783598544420874709,1783598544.4208748,/apollo/canbus/chassis,apollo.canbus.Chassis,1783598544.4187143,0,carla_bridge,0,0,0,GEAR_DRIVE,COMPLETE_AUTO_DRIVE,TURN_NONE,0,0,0,0,0
/apollo_workspace/records/202607092002_MkzExample_CarlaTown01.00000.20260709200220.record,1783598544520749301,1783598544.5207493,/apollo/canbus/chassis,apollo.canbus.Chassis,1783598544.518407,0,carla_bridge,0,0,0,GEAR_DRIVE,COMPLETE_AUTO_DRIVE,TURN_NONE,0,0,0,0,0
/apollo_workspace/records/202607092002_MkzExample_CarlaTown01.00000.20260709200220.record,1783598544620727478,1783598544.6207275,/apollo/canbus/chassis,apollo.canbus.Chassis,1783598544.6183429,0,carla_bridge,0,0,0,GEAR_DRIVE,COMPLETE_AUTO_DRIVE,TURN_NONE,0,0,0,0,0
/apollo_workspace/records/202607092002_MkzExample_CarlaTown01.00000.20260709200220.record,1783598544720362546,1783598544.7203624,/apollo/canbus/chassis,apollo.canbus.Chassis,1783598544.7183988,0,carla_bridge,0,0,0,GEAR_DRIVE,COMPLETE_AUTO_DRIVE,TURN_NONE,0,0,0,0,0
/apollo_workspace/records/202607092002_MkzExample_CarlaTown01.00000.20260709200220.record,1783598544820823449,1783598544.8208237,/apollo/canbus/chassis,apollo.canbus.Chassis,1783598544.8184445,0,carla_bridge,0,0,0,GEAR_DRIVE,COMPLETE_AUTO_DRIVE,TURN_NONE,0,0,0,0,0
/apollo_workspace/records/202607092002_MkzExample_CarlaTown01.00000.20260709200220.record,1783598544922144043,1783598544.922144,/apollo/canbus/chassis,apollo.canbus.Chassis,1783598544.9193687,0,carla_bridge,0,0,0,GEAR_DRIVE,COMPLETE_AUTO_DRIVE,TURN_NONE,0,0,0,0,0
/apollo_workspace/records/202607092002_MkzExample_CarlaTown01.00000.20260709200220.record,1783598545020388982,1783598545.0203888,/apollo/canbus/chassis,apollo.canbus.Chassis,1783598545.018448,0,carla_bridge,0,0,0,GEAR_DRIVE,COMPLETE_AUTO_DRIVE,TURN_NONE,0,0,0,0,0
/apollo_workspace/records/202607092002_MkzExample_CarlaTown01.00000.20260709200220.record,1783598545121673480,1783598545.1216736,/apollo/canbus/chassis,apollo.canbus.Chassis,1783598545.11856,0,carla_bridge,0,0,0,GEAR_DRIVE,COMPLETE_AUTO_DRIVE,TURN_NONE,0,0,0,0,0
/apollo_workspace/records/202607092002_MkzExample_CarlaTown01.00000.20260709200220.record,1783598545221354405,1783598545.2213545,/apollo/canbus/chassis,apollo.canbus.Chassis,1783598545.2186494,0,carla_bridge,0,0,0,GEAR_DRIVE,COMPLETE_AUTO_DRIVE,TURN_NONE,0,0,0,0,0
/apollo_workspace/records/202607092002_MkzExample_CarlaTown01.00000.20260709200220.record,1783598545320928801,1783598545.3209288,/apollo/canbus/chassis,apollo.canbus.Chassis,1783598545.3184683,0,carla_bridge,0,0,0,GEAR_DRIVE,COMPLETE_AUTO_DRIVE,TURN_NONE,0,0,0,0,0
/apollo_workspace/records/202607092002_MkzExample_CarlaTown01.00000.20260709200220.record,1783598545420889633,1783598545.4208896,/apollo/canbus/chassis,apollo.canbus.Chassis,1783598545.4184644,0,carla_bridge,0,0,0,GEAR_DRIVE,COMPLETE_AUTO_DRIVE,TURN_NONE,0,0,0,0,0
/apollo_workspace/records/202607092002_MkzExample_CarlaTown01.00000.20260709200220.record,1783598545520634079,1783598545.5206342,/apollo/canbus/chassis,apollo.canbus.Chassis,1783598545.5185268,0,carla_bridge,0,0,0,GEAR_DRIVE,COMPLETE_AUTO_DRIVE,TURN_NONE,0,0,0,0,0
/apollo_workspace/records/202607092002_MkzExample_CarlaTown01.00000.20260709200220.record,1783598545620336413,1783598545.6203363,/apollo/canbus/chassis,apollo.canbus.Chassis,1783598545.6188679,0,carla_bridge,0,0,0,GEAR_DRIVE,COMPLETE_AUTO_DRIVE,TURN_NONE,0,0,0,0,0
/apollo_workspace/records/202607092002_MkzExample_CarlaTown01.00000.20260709200220.record,1783598545721065031,1783598545.721065,/apollo/canbus/chassis,apollo.canbus.Chassis,1783598545.718609,0,carla_bridge,0,0,0,GEAR_DRIVE,COMPLETE_AUTO_DRIVE,TURN_NONE,0,0,0,0,0
/apollo_workspace/records/202607092002_MkzExample_CarlaTown01.00000.20260709200220.record,1783598545821015752,1783598545.8210158,/apollo/canbus/chassis,apollo.canbus.Chassis,1783598545.818686,0,carla_bridge,0,0,0,GEAR_DRIVE,COMPLETE_AUTO_DRIVE,TURN_NONE,0,0,0,0,0
/apollo_workspace/records/202607092002_MkzExample_CarlaTown01.00000.20260709200220.record,1783598545920664388,1783598545.9206643,/apollo/canbus/chassis,apollo.canbus.Chassis,1783598545.9185808,0,carla_bridge,0,0,0,GEAR_DRIVE,COMPLETE_AUTO_DRIVE,TURN_NONE,0,0,0,0,0
/apollo_workspace/records/202607092002_MkzExample_CarlaTown01.00000.20260709200220.record,1783598546020614373,1783598546.0206144,/apollo/canbus/chassis,apollo.canbus.Chassis,1783598546.01853,0,carla_bridge,0,0,0,GEAR_DRIVE,COMPLETE_AUTO_DRIVE,TURN_NONE,0,0,0,0,0
/apollo_workspace/records/202607092002_MkzExample_CarlaTown01.00000.20260709200220.record,1783598546120712679,1783598546.1207128,/apollo/canbus/chassis,apollo.canbus.Chassis,1783598546.1183748,0,carla_bridge,0,0,0,GEAR_DRIVE,COMPLETE_AUTO_DRIVE,TURN_NONE,0,0,0,0,0
/apollo_workspace/records/202607092002_MkzExample_CarlaTown01.00000.20260709200220.record,1783598546221704725,1783598546.2217047,/apollo/canbus/chassis,apollo.canbus.Chassis,1783598546.2186513,0,carla_bridge,0,0,0,GEAR_DRIVE,COMPLETE_AUTO_DRIVE,TURN_NONE,0,0,0,0,0
/apollo_workspace/records/202607092002_MkzExample_CarlaTown01.00000.20260709200220.record,1783598546320564520,1783598546.3205645,/apollo/canbus/chassis,apollo.canbus.Chassis,1783598546.3184743,0,carla_bridge,0,0,0,GEAR_DRIVE,COMPLETE_AUTO_DRIVE,TURN_NONE,0,0,0,0,0
/apollo_workspace/records/202607092002_MkzExample_CarlaTown01.00000.20260709200220.record,1783598546421218065,1783598546.4212182,/apollo/canbus/chassis,apollo.canbus.Chassis,1783598546.4185603,0,carla_bridge,0,0,0,GEAR_DRIVE,COMPLETE_AUTO_DRIVE,TURN_NONE,0,0,0,0,0
/apollo_workspace/records/202607092002_MkzExample_CarlaTown01.00000.20260709200220.record,1783598546520823950,1783598546.520824,/apollo/canbus/chassis,apollo.canbus.Chassis,1783598546.518466,0,carla_bridge,0,0,0,GEAR_DRIVE,COMPLETE_AUTO_DRIVE,TURN_NONE,0,0,0,0,0
/apollo_workspace/records/202607092002_MkzExample_CarlaTown01.00000.20260709200220.record,1783598546620862351,1783598546.6208625,/apollo/canbus/chassis,apollo.canbus.Chassis,1783598546.6185308,0,carla_bridge,0,0,0,GEAR_DRIVE,COMPLETE_AUTO_DRIVE,TURN_NONE,0,0,0,0,0
/apollo_workspace/records/202607092002_MkzExample_CarlaTown01.00000.20260709200220.record,1783598546720916177,1783598546.7209163,/apollo/canbus/chassis,apollo.canbus.Chassis,1783598546.7184527,0,carla_bridge,0,0,0,GEAR_DRIVE,COMPLETE_AUTO_DRIVE,TURN_NONE,0,0,0,0,0
/apollo_workspace/records/202607092002_MkzExample_CarlaTown01.00000.20260709200220.record,1783598546821138357,1783598546.8211384,/apollo/canbus/chassis,apollo.canbus.Chassis,1783598546.8185596,0,carla_bridge,0,0,0,GEAR_DRIVE,COMPLETE_AUTO_DRIVE,TURN_NONE,0,0,0,0,0
/apollo_workspace/records/202607092002_MkzExample_CarlaTown01.00000.20260709200220.record,1783598546920937524,1783598546.9209375,/apollo/canbus/chassis,apollo.canbus.Chassis,1783598546.918401,0,carla_bridge,0,0,0,GEAR_DRIVE,COMPLETE_AUTO_DRIVE,TURN_NONE,0,0,0,0,0
/apollo_workspace/records/202607092002_MkzExample_CarlaTown01.00000.20260709200220.record,1783598547020871668,1783598547.0208716,/apollo/canbus/chassis,apollo.canbus.Chassis,1783598547.0184305,0,carla_bridge,0,0,0,GEAR_DRIVE,COMPLETE_AUTO_DRIVE,TURN_NONE,0,0,0,0,0
/apollo_workspace/records/202607092002_MkzExample_CarlaTown01.00000.20260709200220.record,1783598547120999127,1783598547.120999,/apollo/canbus/chassis,apollo.canbus.Chassis,1783598547.1186008,0,carla_bridge,0,0,0,GEAR_DRIVE,COMPLETE_AUTO_DRIVE,TURN_NONE,0,0,0,0,0
/apollo_workspace/records/202607092002_MkzExample_CarlaTown01.00000.20260709200220.record,1783598547221102105,1783598547.221102,/apollo/canbus/chassis,apollo.canbus.Chassis,1783598547.2185166,0,carla_bridge,0,0,0,GEAR_DRIVE,COMPLETE_AUTO_DRIVE,TURN_NONE,0,0,0,0,0
/apollo_workspace/records/202607092002_MkzExample_CarlaTown01.00000.20260709200220.record,1783598547321209788,1783598547.32121,/apollo/canbus/chassis,apollo.canbus.Chassis,1783598547.318582,0,carla_bridge,0,0,0,GEAR_DRIVE,COMPLETE_AUTO_DRIVE,TURN_NONE,0,0,0,0,0
/apollo_workspace/records/202607092002_MkzExample_CarlaTown01.00000.20260709200220.record,1783598547420686870,1783598547.420687,/apollo/canbus/chassis,apollo.canbus.Chassis,1783598547.4184692,0,carla_bridge,0,0,0,GEAR_DRIVE,COMPLETE_AUTO_DRIVE,TURN_NONE,0,0,0,0,0
/apollo_workspace/records/202607092002_MkzExample_CarlaTown01.00000.20260709200220.record,1783598547521506242,1783598547.5215063,/apollo/canbus/chassis,apollo.canbus.Chassis,1783598547.5185108,0,carla_bridge,0,0,0,GEAR_DRIVE,COMPLETE_AUTO_DRIVE,TURN_NONE,0,0,0,0,0
/apollo_workspace/records/202607092002_MkzExample_CarlaTown01.00000.20260709200220.record,1783598547620899803,1783598547.6209,/apollo/canbus/chassis,apollo.canbus.Chassis,1783598547.618503,0,carla_bridge,0,0,0,GEAR_DRIVE,COMPLETE_AUTO_DRIVE,TURN_NONE,0,0,0,0,0
/apollo_workspace/records/202607092002_MkzExample_CarlaTown01.00000.20260709200220.record,1783598547720611705,1783598547.7206116,/apollo/canbus/chassis,apollo.canbus.Chassis,1783598547.718469,0,carla_bridge,0,0,0,GEAR_DRIVE,COMPLETE_AUTO_DRIVE,TURN_NONE,0,0,0,0,0
/apollo_workspace/records/202607092002_MkzExample_CarlaTown01.00000.20260709200220.record,1783598547820887806,1783598547.8208878,/apollo/canbus/chassis,apollo.canbus.Chassis,1783598547.8185754,0,carla_bridge,0,0,0,GEAR_DRIVE,COMPLETE_AUTO_DRIVE,TURN_NONE,0,0,0,0,0
/apollo_workspace/records/202607092002_MkzExample_CarlaTown01.00000.20260709200220.record,1783598547920497626,1783598547.9204977,/apollo/canbus/chassis,apollo.canbus.Chassis,1783598547.9184206,0,carla_bridge,0,0,0,GEAR_DRIVE,COMPLETE_AUTO_DRIVE,TURN_NONE,0,0,0,0,0
/apollo_workspace/records/202607092002_MkzExample_CarlaTown01.00000.20260709200220.record,1783598548021404039,1783598548.0214043,/apollo/canbus/chassis,apollo.canbus.Chassis,1783598548.018539,0,carla_bridge,0,0,0,GEAR_DRIVE,COMPLETE_AUTO_DRIVE,TURN_NONE,0,0,0,0,0
/apollo_workspace/records/202607092002_MkzExample_CarlaTown01.00000.20260709200220.record,1783598548120792832,1783598548.1207929,/apollo/canbus/chassis,apollo.canbus.Chassis,1783598548.11846,0,carla_bridge,0,0,0,GEAR_DRIVE,COMPLETE_AUTO_DRIVE,TURN_NONE,0,0,0,0,0
/apollo_workspace/records/202607092002_MkzExample_CarlaTown01.00000.20260709200220.record,1783598548221115557,1783598548.2211156,/apollo/canbus/chassis,apollo.canbus.Chassis,1783598548.2186003,0,carla_bridge,0,0,0,GEAR_DRIVE,COMPLETE_AUTO_DRIVE,TURN_NONE,0,0,0,0,0
/apollo_workspace/records/202607092002_MkzExample_CarlaTown01.00000.20260709200220.record,1783598548320967269,1783598548.3209672,/apollo/canbus/chassis,apollo.canbus.Chassis,1783598548.318459,0,carla_bridge,0,0,0,GEAR_DRIVE,COMPLETE_AUTO_DRIVE,TURN_NONE,0,0,0,0,0
/apollo_workspace/records/202607092002_MkzExample_CarlaTown01.00000.20260709200220.record,1783598548421056743,1783598548.4210567,/apollo/canbus/chassis,apollo.canbus.Chassis,1783598548.418883,0,carla_bridge,0,0,0,GEAR_DRIVE,COMPLETE_AUTO_DRIVE,TURN_NONE,0,0,0,0,0
/apollo_workspace/records/202607092002_MkzExample_CarlaTown01.00000.20260709200220.record,1783598548521632528,1783598548.5216324,/apollo/canbus/chassis,apollo.canbus.Chassis,1783598548.5185194,0,carla_bridge,0,0,0,GEAR_DRIVE,COMPLETE_AUTO_DRIVE,TURN_NONE,0,0,0,0,0
/apollo_workspace/records/202607092002_MkzExample_CarlaTown01.00000.20260709200220.record,1783598548620886503,1783598548.6208866,/apollo/canbus/chassis,apollo.canbus.Chassis,1783598548.6185224,0,carla_bridge,0,0,0,GEAR_DRIVE,COMPLETE_AUTO_DRIVE,TURN_NONE,0,0,0,0,0
/apollo_workspace/records/202607092002_MkzExample_CarlaTown01.00000.20260709200220.record,1783598548721509552,1783598548.7215097,/apollo/canbus/chassis,apollo.canbus.Chassis,1783598548.7190125,0,carla_bridge,0,0,0,GEAR_DRIVE,COMPLETE_AUTO_DRIVE,TURN_NONE,0,0,0,0,0
/apollo_workspace/records/202607092002_MkzExample_CarlaTown01.00000.20260709200220.record,1783598548821341455,1783598548.8213415,/apollo/canbus/chassis,apollo.canbus.Chassis,1783598548.8188305,0,carla_bridge,0,0,0,GEAR_DRIVE,COMPLETE_AUTO_DRIVE,TURN_NONE,0,0,0,0,0
/apollo_workspace/records/202607092002_MkzExample_CarlaTown01.00000.20260709200220.record,1783598548921418578,1783598548.9214184,/apollo/canbus/chassis,apollo.canbus.Chassis,1783598548.918426,0,carla_bridge,0,0,0,GEAR_DRIVE,COMPLETE_AUTO_DRIVE,TURN_NONE,0,0,0,0,0
/apollo_workspace/records/202607092002_MkzExample_CarlaTown01.00000.20260709200220.record,1783598549020849643,1783598549.0208497,/apollo/canbus/chassis,apollo.canbus.Chassis,1783598549.0184946,0,carla_bridge,0,0,0,GEAR_DRIVE,COMPLETE_AUTO_DRIVE,TURN_NONE,0,0,0,0,0
/apollo_workspace/records/202607092002_MkzExample_CarlaTown01.00000.20260709200220.record,1783598549121138608,1783598549.1211386,/apollo/canbus/chassis,apollo.canbus.Chassis,1783598549.1187906,0,carla_bridge,0,0,0,GEAR_DRIVE,COMPLETE_AUTO_DRIVE,TURN_NONE,0,0,0,0,0
/apollo_workspace/records/202607092002_MkzExample_CarlaTown01.00000.20260709200220.record,1783598549220956783,1783598549.2209566,/apollo/canbus/chassis,apollo.canbus.Chassis,1783598549.2185886,0,carla_bridge,0,0,0,GEAR_DRIVE,COMPLETE_AUTO_DRIVE,TURN_NONE,0,0,0,0,0
/apollo_workspace/records/202607092002_MkzExample_CarlaTown01.00000.20260709200220.record,1783598549320947760,1783598549.3209476,/apollo/canbus/chassis,apollo.canbus.Chassis,1783598549.3186803,0,carla_bridge,0,0,0,GEAR_DRIVE,COMPLETE_AUTO_DRIVE,TURN_NONE,0,0,0,0,0
/apollo_workspace/records/202607092002_MkzExample_CarlaTown01.00000.20260709200220.record,1783598549421570841,1783598549.4215708,/apollo/canbus/chassis,apollo.canbus.Chassis,1783598549.4193313,0,carla_bridge,0,0,0,GEAR_DRIVE,COMPLETE_AUTO_DRIVE,TURN_NONE,0,0,0,0,0
/apollo_workspace/records/202607092002_MkzExample_CarlaTown01.00000.20260709200220.record,1783598549520832529,1783598549.5208325,/apollo/canbus/chassis,apollo.canbus.Chassis,1783598549.5184693,0,carla_bridge,0,0,0,GEAR_DRIVE,COMPLETE_AUTO_DRIVE,TURN_NONE,0,0,0,0,0
/apollo_workspace/records/202607092002_MkzExample_CarlaTown01.00000.20260709200220.record,1783598549620443181,1783598549.620443,/apollo/canbus/chassis,apollo.canbus.Chassis,1783598549.6183488,0,carla_bridge,0,0,0,GEAR_DRIVE,COMPLETE_AUTO_DRIVE,TURN_NONE,0,0,0,0,0
/apollo_workspace/records/202607092002_MkzExample_CarlaTown01.00000.20260709200220.record,1783598549720572368,1783598549.7205725,/apollo/canbus/chassis,apollo.canbus.Chassis,1783598549.7183611,0,carla_bridge,0,0,0,GEAR_DRIVE,COMPLETE_AUTO_DRIVE,TURN_NONE,0,0,0,0,0
/apollo_workspace/records/202607092002_MkzExample_CarlaTown01.00000.20260709200220.record,1783598549820371759,1783598549.8203716,/apollo/canbus/chassis,apollo.canbus.Chassis,1783598549.818429,0,carla_bridge,0,0,0,GEAR_DRIVE,COMPLETE_AUTO_DRIVE,TURN_NONE,0,0,0,0,0
/apollo_workspace/records/202607092002_MkzExample_CarlaTown01.00000.20260709200220.record,1783598549921448062,1783598549.921448,/apollo/canbus/chassis,apollo.canbus.Chassis,1783598549.9189286,0,carla_bridge,0,0,0,GEAR_DRIVE,COMPLETE_AUTO_DRIVE,TURN_NONE,0,0,0,0,0
/apollo_workspace/records/202607092002_MkzExample_CarlaTown01.00000.20260709200220.record,1783598550020968313,1783598550.0209682,/apollo/canbus/chassis,apollo.canbus.Chassis,1783598550.0184796,0,carla_bridge,0,0,0,GEAR_DRIVE,COMPLETE_AUTO_DRIVE,TURN_NONE,0,0,0,0,0
/apollo_workspace/records/202607092002_MkzExample_CarlaTown01.00000.20260709200220.record,1783598550120639094,1783598550.120639,/apollo/canbus/chassis,apollo.canbus.Chassis,1783598550.1186135,0,carla_bridge,0,0,0,GEAR_DRIVE,COMPLETE_AUTO_DRIVE,TURN_NONE,0,0,0,0,0
/apollo_workspace/records/202607092002_MkzExample_CarlaTown01.00000.20260709200220.record,1783598550221213278,1783598550.221213,/apollo/canbus/chassis,apollo.canbus.Chassis,1783598550.2184994,0,carla_bridge,0,0,0,GEAR_DRIVE,COMPLETE_AUTO_DRIVE,TURN_NONE,0,0,0,0,0
/apollo_workspace/records/202607092002_MkzExample_CarlaTown01.00000.20260709200220.record,1783598550320801882,1783598550.3208017,/apollo/canbus/chassis,apollo.canbus.Chassis,1783598550.3184252,0,carla_bridge,0,0,0,GEAR_DRIVE,COMPLETE_AUTO_DRIVE,TURN_NONE,0,0,0,0,0
/apollo_workspace/records/202607092002_MkzExample_CarlaTown01.00000.20260709200220.record,1783598550421384227,1783598550.421384,/apollo/canbus/chassis,apollo.canbus.Chassis,1783598550.418474,0,carla_bridge,0,0,0,GEAR_DRIVE,COMPLETE_AUTO_DRIVE,TURN_NONE,0,0,0,0,0
/apollo_workspace/records/202607092002_MkzExample_CarlaTown01.00000.20260709200220.record,1783598550520432056,1783598550.5204322,/apollo/canbus/chassis,apollo.canbus.Chassis,1783598550.5185006,0,carla_bridge,0,0,0,GEAR_DRIVE,COMPLETE_AUTO_DRIVE,TURN_NONE,0,0,0,0,0
/apollo_workspace/records/202607092002_MkzExample_CarlaTown01.00000.20260709200220.record,1783598550621162658,1783598550.6211627,/apollo/canbus/chassis,apollo.canbus.Chassis,1783598550.618614,0,carla_bridge,0,0,0,GEAR_DRIVE,COMPLETE_AUTO_DRIVE,TURN_NONE,0,0,0,0,0
/apollo_workspace/records/202607092002_MkzExample_CarlaTown01.00000.20260709200220.record,1783598550720313113,1783598550.720313,/apollo/canbus/chassis,apollo.canbus.Chassis,1783598550.7182434,0,carla_bridge,0,0,0,GEAR_DRIVE,COMPLETE_AUTO_DRIVE,TURN_NONE,0,0,0,0,0
/apollo_workspace/records/202607092002_MkzExample_CarlaTown01.00000.20260709200220.record,1783598550821055779,1783598550.8210557,/apollo/canbus/chassis,apollo.canbus.Chassis,1783598550.8184419,0,carla_bridge,0,0,0,GEAR_DRIVE,COMPLETE_AUTO_DRIVE,TURN_NONE,0,0,0,0,0
/apollo_workspace/records/202607092002_MkzExample_CarlaTown01.00000.20260709200220.record,1783598550920580126,1783598550.9205801,/apollo/canbus/chassis,apollo.canbus.Chassis,1783598550.91854,0,carla_bridge,0,0,0,GEAR_DRIVE,COMPLETE_AUTO_DRIVE,TURN_NONE,0,0,0,0,0
/apollo_workspace/records/202607092002_MkzExample_CarlaTown01.00000.20260709200220.record,1783598551021500491,1783598551.0215003,/apollo/canbus/chassis,apollo.canbus.Chassis,1783598551.0184402,0,carla_bridge,0,0,0,GEAR_DRIVE,COMPLETE_AUTO_DRIVE,TURN_NONE,0,0,0,0,0
/apollo_workspace/records/202607092002_MkzExample_CarlaTown01.00000.20260709200220.record,1783598551120763779,1783598551.120764,/apollo/canbus/chassis,apollo.canbus.Chassis,1783598551.1184514,0,carla_bridge,0,0,0,GEAR_DRIVE,COMPLETE_AUTO_DRIVE,TURN_NONE,0,0,0,0,0
/apollo_workspace/records/202607092002_MkzExample_CarlaTown01.00000.20260709200220.record,1783598551221260811,1783598551.2212608,/apollo/canbus/chassis,apollo.canbus.Chassis,1783598551.2184196,0,carla_bridge,0,0,0,GEAR_DRIVE,COMPLETE_AUTO_DRIVE,TURN_NONE,0,0,0,0,0
/apollo_workspace/records/202607092002_MkzExample_CarlaTown01.00000.20260709200220.record,1783598551321232524,1783598551.3212326,/apollo/canbus/chassis,apollo.canbus.Chassis,1783598551.3190346,0,carla_bridge,0,0,0,GEAR_DRIVE,COMPLETE_AUTO_DRIVE,TURN_NONE,0,0,0,0,0
/apollo_workspace/records/202607092002_MkzExample_CarlaTown01.00000.20260709200220.record,1783598551421057162,1783598551.4210572,/apollo/canbus/chassis,apollo.canbus.Chassis,1783598551.4184854,0,carla_bridge,0,0,0,GEAR_DRIVE,COMPLETE_AUTO_DRIVE,TURN_NONE,0,0,0,0,0
/apollo_workspace/records/202607092002_MkzExample_CarlaTown01.00000.20260709200220.record,1783598551521177101,1783598551.521177,/apollo/canbus/chassis,apollo.canbus.Chassis,1783598551.5184166,0,carla_bridge,0,0,0,GEAR_DRIVE,COMPLETE_AUTO_DRIVE,TURN_NONE,0,0,0,0,0
/apollo_workspace/records/202607092002_MkzExample_CarlaTown01.00000.20260709200220.record,1783598551620841674,1783598551.6208417,/apollo/canbus/chassis,apollo.canbus.Chassis,1783598551.6183321,0,carla_bridge,0,0,0,GEAR_DRIVE,COMPLETE_AUTO_DRIVE,TURN_NONE,0,0,0,0,0
/apollo_workspace/records/202607092002_MkzExample_CarlaTown01.00000.20260709200220.record,1783598551720721738,1783598551.7207217,/apollo/canbus/chassis,apollo.canbus.Chassis,1783598551.7184615,0,carla_bridge,0,0,0,GEAR_DRIVE,COMPLETE_AUTO_DRIVE,TURN_NONE,0,0,0,0,0
/apollo_workspace/records/202607092002_MkzExample_CarlaTown01.00000.20260709200220.record,1783598551820559977,1783598551.82056,/apollo/canbus/chassis,apollo.canbus.Chassis,1783598551.8185012,0,carla_bridge,0,0,0,GEAR_DRIVE,COMPLETE_AUTO_DRIVE,TURN_NONE,0,0,0,0,0
/apollo_workspace/records/202607092002_MkzExample_CarlaTown01.00000.20260709200220.record,1783598551920594026,1783598551.920594,/apollo/canbus/chassis,apollo.canbus.Chassis,1783598551.9185011,0,carla_bridge,0,0,0,GEAR_DRIVE,COMPLETE_AUTO_DRIVE,TURN_NONE,0,0,0,0,0
/apollo_workspace/records/202607092002_MkzExample_CarlaTown01.00000.20260709200220.record,1783598552021189587,1783598552.0211897,/apollo/canbus/chassis,apollo.canbus.Chassis,1783598552.0184293,0,carla_bridge,0,0,0,GEAR_DRIVE,COMPLETE_AUTO_DRIVE,TURN_NONE,0,0,0,0,0
/apollo_workspace/records/202607092002_MkzExample_CarlaTown01.00000.20260709200220.record,1783598552120722634,1783598552.1207228,/apollo/canbus/chassis,apollo.canbus.Chassis,1783598552.118441,0,carla_bridge,0,0,0,GEAR_DRIVE,COMPLETE_AUTO_DRIVE,TURN_NONE,0,0,0,0,0
/apollo_workspace/records/202607092002_MkzExample_CarlaTown01.00000.20260709200220.record,1783598552220799902,1783598552.2208,/apollo/canbus/chassis,apollo.canbus.Chassis,1783598552.218349,0,carla_bridge,0,0,0,GEAR_DRIVE,COMPLETE_AUTO_DRIVE,TURN_NONE,0,0,0,0,0
/apollo_workspace/records/202607092002_MkzExample_CarlaTown01.00000.20260709200220.record,1783598552320932243,1783598552.3209324,/apollo/canbus/chassis,apollo.canbus.Chassis,1783598552.3184953,0,carla_bridge,0,0,0,GEAR_DRIVE,COMPLETE_AUTO_DRIVE,TURN_NONE,0,0,0,0,0
/apollo_workspace/records/202607092002_MkzExample_CarlaTown01.00000.20260709200220.record,1783598552420723072,1783598552.4207232,/apollo/canbus/chassis,apollo.canbus.Chassis,1783598552.4183273,0,carla_bridge,0,0,0,GEAR_DRIVE,COMPLETE_AUTO_DRIVE,TURN_NONE,0,0,0,0,0
/apollo_workspace/records/202607092002_MkzExample_CarlaTown01.00000.20260709200220.record,1783598552521335713,1783598552.5213358,/apollo/canbus/chassis,apollo.canbus.Chassis,1783598552.518381,0,carla_bridge,0,0,0,GEAR_DRIVE,COMPLETE_AUTO_DRIVE,TURN_NONE,0,0,0,0,0
/apollo_workspace/records/202607092002_MkzExample_CarlaTown01.00000.20260709200220.record,1783598552620481471,1783598552.6204815,/apollo/canbus/chassis,apollo.canbus.Chassis,1783598552.6183515,0,carla_bridge,0,0,0,GEAR_DRIVE,COMPLETE_AUTO_DRIVE,TURN_NONE,0,0,0,0,0
/apollo_workspace/records/202607092002_MkzExample_CarlaTown01.00000.20260709200220.record,1783598552720913211,1783598552.7209132,/apollo/canbus/chassis,apollo.canbus.Chassis,1783598552.7185042,0,carla_bridge,0,0,0,GEAR_DRIVE,COMPLETE_AUTO_DRIVE,TURN_NONE,0,0,0,0,0
/apollo_workspace/records/202607092002_MkzExample_CarlaTown01.00000.20260709200220.record,1783598552821237269,1783598552.8212373,/apollo/canbus/chassis,apollo.canbus.Chassis,1783598552.8183465,0,carla_bridge,0,0,0,GEAR_DRIVE,COMPLETE_AUTO_DRIVE,TURN_NONE,0,0,0,0,0
/apollo_workspace/records/202607092002_MkzExample_CarlaTown01.00000.20260709200220.record,1783598552921479917,1783598552.92148,/apollo/canbus/chassis,apollo.canbus.Chassis,1783598552.9190857,0,carla_bridge,0,0,0,GEAR_DRIVE,COMPLETE_AUTO_DRIVE,TURN_NONE,0,0,0,0,0
/apollo_workspace/records/202607092002_MkzExample_CarlaTown01.00000.20260709200220.record,1783598553021247866,1783598553.0212476,/apollo/canbus/chassis,apollo.canbus.Chassis,1783598553.0188866,0,carla_bridge,0,0,0,GEAR_DRIVE,COMPLETE_AUTO_DRIVE,TURN_NONE,0,0,0,0,0
/apollo_workspace/records/202607092002_MkzExample_CarlaTown01.00000.20260709200220.record,1783598553121163434,1783598553.1211636,/apollo/canbus/chassis,apollo.canbus.Chassis,1783598553.118591,0,carla_bridge,0,0,0,GEAR_DRIVE,COMPLETE_AUTO_DRIVE,TURN_NONE,0,0,0,0,0
/apollo_workspace/records/202607092002_MkzExample_CarlaTown01.00000.20260709200220.record,1783598553221423426,1783598553.2214234,/apollo/canbus/chassis,apollo.canbus.Chassis,1783598553.2187388,0,carla_bridge,0,0,0,GEAR_DRIVE,COMPLETE_AUTO_DRIVE,TURN_NONE,0,0,0,0,0
/apollo_workspace/records/202607092002_MkzExample_CarlaTown01.00000.20260709200220.record,1783598553321371091,1783598553.321371,/apollo/canbus/chassis,apollo.canbus.Chassis,1783598553.3190145,0,carla_bridge,0,0,0,GEAR_DRIVE,COMPLETE_AUTO_DRIVE,TURN_NONE,0,0,0,0,0
/apollo_workspace/records/202607092002_MkzExample_CarlaTown01.00000.20260709200220.record,1783598553420989948,1783598553.42099,/apollo/canbus/chassis,apollo.canbus.Chassis,1783598553.4184096,0,carla_bridge,0,0,0,GEAR_DRIVE,COMPLETE_AUTO_DRIVE,TURN_NONE,0,0,0,0,0
/apollo_workspace/records/202607092002_MkzExample_CarlaTown01.00000.20260709200220.record,1783598553521684031,1783598553.521684,/apollo/canbus/chassis,apollo.canbus.Chassis,1783598553.5185952,0,carla_bridge,0,0,0,GEAR_DRIVE,COMPLETE_AUTO_DRIVE,TURN_NONE,0,0,0,0,0
/apollo_workspace/records/202607092002_MkzExample_CarlaTown01.00000.20260709200220.record,1783598553620770107,1783598553.62077,/apollo/canbus/chassis,apollo.canbus.Chassis,1783598553.6184373,0,carla_bridge,0,0,0,GEAR_DRIVE,COMPLETE_AUTO_DRIVE,TURN_NONE,0,0,0,0,0
/apollo_workspace/records/202607092002_MkzExample_CarlaTown01.00000.20260709200220.record,1783598553721529471,1783598553.7215292,/apollo/canbus/chassis,apollo.canbus.Chassis,1783598553.71852,0,carla_bridge,0,0,0,GEAR_DRIVE,COMPLETE_AUTO_DRIVE,TURN_NONE,0,0,0,0,0
/apollo_workspace/records/202607092002_MkzExample_CarlaTown01.00000.20260709200220.record,1783598553820836481,1783598553.8208365,/apollo/canbus/chassis,apollo.canbus.Chassis,1783598553.8184366,0,carla_bridge,0,0,0,GEAR_DRIVE,COMPLETE_AUTO_DRIVE,TURN_NONE,0,0,0,0,0
/apollo_workspace/records/202607092002_MkzExample_CarlaTown01.00000.20260709200220.record,1783598553920896629,1783598553.9208965,/apollo/canbus/chassis,apollo.canbus.Chassis,1783598553.9188008,0,carla_bridge,0,0,0,GEAR_DRIVE,COMPLETE_AUTO_DRIVE,TURN_NONE,0,0,0,0,0
/apollo_workspace/records/202607092002_MkzExample_CarlaTown01.00000.20260709200220.record,1783598554020538687,1783598554.0205386,/apollo/canbus/chassis,apollo.canbus.Chassis,1783598554.0184207,0,carla_bridge,0,0,0,GEAR_DRIVE,COMPLETE_AUTO_DRIVE,TURN_NONE,0,0,0,0,0
/apollo_workspace/records/202607092002_MkzExample_CarlaTown01.00000.20260709200220.record,1783598554120733685,1783598554.1207337,/apollo/canbus/chassis,apollo.canbus.Chassis,1783598554.1185465,0,carla_bridge,0,0,0,GEAR_DRIVE,COMPLETE_AUTO_DRIVE,TURN_NONE,0,0,0,0,0
/apollo_workspace/records/202607092002_MkzExample_CarlaTown01.00000.20260709200220.record,1783598554220930412,1783598554.2209303,/apollo/canbus/chassis,apollo.canbus.Chassis,1783598554.218522,0,carla_bridge,0,0,0,GEAR_DRIVE,COMPLETE_AUTO_DRIVE,TURN_NONE,0,0,0,0,0
/apollo_workspace/records/202607092002_MkzExample_CarlaTown01.00000.20260709200220.record,1783598554320812668,1783598554.3208125,/apollo/canbus/chassis,apollo.canbus.Chassis,1783598554.3184717,0,carla_bridge,0,0,0,GEAR_DRIVE,COMPLETE_AUTO_DRIVE,TURN_NONE,0,0,0,0,0
/apollo_workspace/records/202607092002_MkzExample_CarlaTown01.00000.20260709200220.record,1783598554421138869,1783598554.421139,/apollo/canbus/chassis,apollo.canbus.Chassis,1783598554.4185169,0,carla_bridge,0,0,0,GEAR_DRIVE,COMPLETE_AUTO_DRIVE,TURN_NONE,0,0,0,0,0
/apollo_workspace/records/202607092002_MkzExample_CarlaTown01.00000.20260709200220.record,1783598554520869441,1783598554.5208695,/apollo/canbus/chassis,apollo.canbus.Chassis,1783598554.518357,0,carla_bridge,0,0,0,GEAR_DRIVE,COMPLETE_AUTO_DRIVE,TURN_NONE,0,0,0,0,0
/apollo_workspace/records/202607092002_MkzExample_CarlaTown01.00000.20260709200220.record,1783598554621238076,1783598554.621238,/apollo/canbus/chassis,apollo.canbus.Chassis,1783598554.6182754,0,carla_bridge,0,0,0,GEAR_DRIVE,COMPLETE_AUTO_DRIVE,TURN_NONE,0,0,0,0,0
/apollo_workspace/records/202607092002_MkzExample_CarlaTown01.00000.20260709200220.record,1783598554720916807,1783598554.7209167,/apollo/canbus/chassis,apollo.canbus.Chassis,1783598554.7182808,0,carla_bridge,0,0,0,GEAR_DRIVE,COMPLETE_AUTO_DRIVE,TURN_NONE,0,0,0,0,0
/apollo_workspace/records/202607092002_MkzExample_CarlaTown01.00000.20260709200220.record,1783598554820803382,1783598554.8208034,/apollo/canbus/chassis,apollo.canbus.Chassis,1783598554.8183382,0,carla_bridge,0,0,0,GEAR_DRIVE,COMPLETE_AUTO_DRIVE,TURN_NONE,0,0,0,0,0
/apollo_workspace/records/202607092002_MkzExample_CarlaTown01.00000.20260709200220.record,1783598554920757159,1783598554.9207573,/apollo/canbus/chassis,apollo.canbus.Chassis,1783598554.9184349,0,carla_bridge,0,0,0,GEAR_DRIVE,COMPLETE_AUTO_DRIVE,TURN_NONE,0,0,0,0,0
/apollo_workspace/records/202607092002_MkzExample_CarlaTown01.00000.20260709200220.record,1783598555021124674,1783598555.0211246,/apollo/canbus/chassis,apollo.canbus.Chassis,1783598555.018772,0,carla_bridge,0,0,0,GEAR_DRIVE,COMPLETE_AUTO_DRIVE,TURN_NONE,0,0,0,0,0
/apollo_workspace/records/202607092002_MkzExample_CarlaTown01.00000.20260709200220.record,1783598555120784268,1783598555.1207843,/apollo/canbus/chassis,apollo.canbus.Chassis,1783598555.118606,0,carla_bridge,0,0,0,GEAR_DRIVE,COMPLETE_AUTO_DRIVE,TURN_NONE,0,0,0,0,0
/apollo_workspace/records/202607092002_MkzExample_CarlaTown01.00000.20260709200220.record,1783598555220679580,1783598555.2206798,/apollo/canbus/chassis,apollo.canbus.Chassis,1783598555.218432,0,carla_bridge,0,0,0,GEAR_DRIVE,COMPLETE_AUTO_DRIVE,TURN_NONE,0,0,0,0,0
/apollo_workspace/records/202607092002_MkzExample_CarlaTown01.00000.20260709200220.record,1783598555320591916,1783598555.320592,/apollo/canbus/chassis,apollo.canbus.Chassis,1783598555.318534,0,carla_bridge,0,0,0,GEAR_DRIVE,COMPLETE_AUTO_DRIVE,TURN_NONE,0,0,0,0,0
/apollo_workspace/records/202607092002_MkzExample_CarlaTown01.00000.20260709200220.record,1783598555421047145,1783598555.421047,/apollo/canbus/chassis,apollo.canbus.Chassis,1783598555.4187052,0,carla_bridge,0,0,0,GEAR_DRIVE,COMPLETE_AUTO_DRIVE,TURN_NONE,0,0,0,0,0
/apollo_workspace/records/202607092002_MkzExample_CarlaTown01.00000.20260709200220.record,1783598555521615208,1783598555.521615,/apollo/canbus/chassis,apollo.canbus.Chassis,1783598555.5185285,0,carla_bridge,0,0,0,GEAR_DRIVE,COMPLETE_AUTO_DRIVE,TURN_NONE,0,0,0,0,0
/apollo_workspace/records/202607092002_MkzExample_CarlaTown01.00000.20260709200220.record,1783598555620887529,1783598555.6208875,/apollo/canbus/chassis,apollo.canbus.Chassis,1783598555.6185298,0,carla_bridge,0,0,0,GEAR_DRIVE,COMPLETE_AUTO_DRIVE,TURN_NONE,0,0,0,0,0
/apollo_workspace/records/202607092002_MkzExample_CarlaTown01.00000.20260709200220.record,1783598555720804666,1783598555.7208047,/apollo/canbus/chassis,apollo.canbus.Chassis,1783598555.7184484,0,carla_bridge,0,0,0,GEAR_DRIVE,COMPLETE_AUTO_DRIVE,TURN_NONE,0,0,0,0,0
/apollo_workspace/records/202607092002_MkzExample_CarlaTown01.00000.20260709200220.record,1783598555821087026,1783598555.821087,/apollo/canbus/chassis,apollo.canbus.Chassis,1783598555.8184116,0,carla_bridge,0,0,0,GEAR_DRIVE,COMPLETE_AUTO_DRIVE,TURN_NONE,0,0,0,0,0
/apollo_workspace/records/202607092002_MkzExample_CarlaTown01.00000.20260709200220.record,1783598555920624378,1783598555.9206245,/apollo/canbus/chassis,apollo.canbus.Chassis,1783598555.918443,0,carla_bridge,0,0,0,GEAR_DRIVE,COMPLETE_AUTO_DRIVE,TURN_NONE,0,0,0,0,0
/apollo_workspace/records/202607092002_MkzExample_CarlaTown01.00000.20260709200220.record,1783598556021107767,1783598556.0211077,/apollo/canbus/chassis,apollo.canbus.Chassis,1783598556.0185585,0,carla_bridge,0,0,0,GEAR_DRIVE,COMPLETE_AUTO_DRIVE,TURN_NONE,0,0,0,0,0
/apollo_workspace/records/202607092002_MkzExample_CarlaTown01.00000.20260709200220.record,1783598556121212556,1783598556.1212127,/apollo/canbus/chassis,apollo.canbus.Chassis,1783598556.1184201,0,carla_bridge,0,0,0,GEAR_DRIVE,COMPLETE_AUTO_DRIVE,TURN_NONE,0,0,0,0,0
/apollo_workspace/records/202607092002_MkzExample_CarlaTown01.00000.20260709200220.record,1783598556220635249,1783598556.2206352,/apollo/canbus/chassis,apollo.canbus.Chassis,1783598556.218424,0,carla_bridge,0,0,0,GEAR_DRIVE,COMPLETE_AUTO_DRIVE,TURN_NONE,0,0,0,0,0
/apollo_workspace/records/202607092002_MkzExample_CarlaTown01.00000.20260709200220.record,1783598556320541537,1783598556.3205414,/apollo/canbus/chassis,apollo.canbus.Chassis,1783598556.3184638,0,carla_bridge,0,0,0,GEAR_DRIVE,COMPLETE_AUTO_DRIVE,TURN_NONE,0,0,0,0,0
/apollo_workspace/records/202607092002_MkzExample_CarlaTown01.00000.20260709200220.record,1783598556420761048,1783598556.420761,/apollo/canbus/chassis,apollo.canbus.Chassis,1783598556.4184728,0,carla_bridge,0,0,0,GEAR_DRIVE,COMPLETE_AUTO_DRIVE,TURN_NONE,0,0,0,0,0
/apollo_workspace/records/202607092002_MkzExample_CarlaTown01.00000.20260709200220.record,1783598556521460058,1783598556.52146,/apollo/canbus/chassis,apollo.canbus.Chassis,1783598556.518592,0,carla_bridge,0,0,0,GEAR_DRIVE,COMPLETE_AUTO_DRIVE,TURN_NONE,0,0,0,0,0
/apollo_workspace/records/202607092002_MkzExample_CarlaTown01.00000.20260709200220.record,1783598556620483926,1783598556.6204839,/apollo/canbus/chassis,apollo.canbus.Chassis,1783598556.6182861,0,carla_bridge,0,0,0,GEAR_DRIVE,COMPLETE_AUTO_DRIVE,TURN_NONE,0,0,0,0,0
/apollo_workspace/records/202607092002_MkzExample_CarlaTown01.00000.20260709200220.record,1783598556721665699,1783598556.7216659,/apollo/canbus/chassis,apollo.canbus.Chassis,1783598556.7185335,0,carla_bridge,0,0,0,GEAR_DRIVE,COMPLETE_AUTO_DRIVE,TURN_NONE,0,0,0,0,0
/apollo_workspace/records/202607092002_MkzExample_CarlaTown01.00000.20260709200220.record,1783598556820729568,1783598556.8207295,/apollo/canbus/chassis,apollo.canbus.Chassis,1783598556.8184474,0,carla_bridge,0,0,0,GEAR_DRIVE,COMPLETE_AUTO_DRIVE,TURN_NONE,0,0,0,0,0
/apollo_workspace/records/202607092002_MkzExample_CarlaTown01.00000.20260709200220.record,1783598556920497037,1783598556.9204972,/apollo/canbus/chassis,apollo.canbus.Chassis,1783598556.918321,0,carla_bridge,0,0,0,GEAR_DRIVE,COMPLETE_AUTO_DRIVE,TURN_NONE,0,0,0,0,0
/apollo_workspace/records/202607092002_MkzExample_CarlaTown01.00000.20260709200220.record,1783598557020781029,1783598557.020781,/apollo/canbus/chassis,apollo.canbus.Chassis,1783598557.0184174,0,carla_bridge,0,0,0,GEAR_DRIVE,COMPLETE_AUTO_DRIVE,TURN_NONE,0,0,0,0,0
/apollo_workspace/records/202607092002_MkzExample_CarlaTown01.00000.20260709200220.record,1783598557120891386,1783598557.1208913,/apollo/canbus/chassis,apollo.canbus.Chassis,1783598557.1183429,0,carla_bridge,0,0,0,GEAR_DRIVE,COMPLETE_AUTO_DRIVE,TURN_NONE,0,0,0,0,0
/apollo_workspace/records/202607092002_MkzExample_CarlaTown01.00000.20260709200220.record,1783598557220849899,1783598557.22085,/apollo/canbus/chassis,apollo.canbus.Chassis,1783598557.2183294,0,carla_bridge,0,0,0,GEAR_DRIVE,COMPLETE_AUTO_DRIVE,TURN_NONE,0,0,0,0,0
/apollo_workspace/records/202607092002_MkzExample_CarlaTown01.00000.20260709200220.record,1783598557320692218,1783598557.3206923,/apollo/canbus/chassis,apollo.canbus.Chassis,1783598557.3185198,0,carla_bridge,0,0,0,GEAR_DRIVE,COMPLETE_AUTO_DRIVE,TURN_NONE,0,0,0,0,0
/apollo_workspace/records/202607092002_MkzExample_CarlaTown01.00000.20260709200220.record,1783598557421634722,1783598557.421635,/apollo/canbus/chassis,apollo.canbus.Chassis,1783598557.4193904,0,carla_bridge,0,0,0,GEAR_DRIVE,COMPLETE_AUTO_DRIVE,TURN_NONE,0,0,0,0,0
/apollo_workspace/records/202607092002_MkzExample_CarlaTown01.00000.20260709200220.record,1783598557521269259,1783598557.5212693,/apollo/canbus/chassis,apollo.canbus.Chassis,1783598557.5186965,0,carla_bridge,0,0,0,GEAR_DRIVE,COMPLETE_AUTO_DRIVE,TURN_NONE,0,0,0,0,0
/apollo_workspace/records/202607092002_MkzExample_CarlaTown01.00000.20260709200220.record,1783598557621126234,1783598557.6211262,/apollo/canbus/chassis,apollo.canbus.Chassis,1783598557.6184733,0,carla_bridge,0,0,0,GEAR_DRIVE,COMPLETE_AUTO_DRIVE,TURN_NONE,0,0,0,0,0
/apollo_workspace/records/202607092002_MkzExample_CarlaTown01.00000.20260709200220.record,1783598557720834342,1783598557.7208343,/apollo/canbus/chassis,apollo.canbus.Chassis,1783598557.718276,0,carla_bridge,0,0,0,GEAR_DRIVE,COMPLETE_AUTO_DRIVE,TURN_NONE,0,0,0,0,0
/apollo_workspace/records/202607092002_MkzExample_CarlaTown01.00000.20260709200220.record,1783598557820767862,1783598557.8207676,/apollo/canbus/chassis,apollo.canbus.Chassis,1783598557.8184144,0,carla_bridge,0,0,0,GEAR_DRIVE,COMPLETE_AUTO_DRIVE,TURN_NONE,0,0,0,0,0
/apollo_workspace/records/202607092002_MkzExample_CarlaTown01.00000.20260709200220.record,1783598557921091717,1783598557.9210918,/apollo/canbus/chassis,apollo.canbus.Chassis,1783598557.9183137,0,carla_bridge,0,0,0,GEAR_DRIVE,COMPLETE_AUTO_DRIVE,TURN_NONE,0,0,0,0,0
/apollo_workspace/records/202607092002_MkzExample_CarlaTown01.00000.20260709200220.record,1783598558020915078,1783598558.0209153,/apollo/canbus/chassis,apollo.canbus.Chassis,1783598558.0183418,0,carla_bridge,0,0,0,GEAR_DRIVE,COMPLETE_AUTO_DRIVE,TURN_NONE,0,0,0,0,0
/apollo_workspace/records/202607092002_MkzExample_CarlaTown01.00000.20260709200220.record,1783598558120585188,1783598558.1205852,/apollo/canbus/chassis,apollo.canbus.Chassis,1783598558.1182652,0,carla_bridge,0,0,0,GEAR_DRIVE,COMPLETE_AUTO_DRIVE,TURN_NONE,0,0,0,0,0
/apollo_workspace/records/202607092002_MkzExample_CarlaTown01.00000.20260709200220.record,1783598558221091789,1783598558.2210917,/apollo/canbus/chassis,apollo.canbus.Chassis,1783598558.2184615,0,carla_bridge,0,0,0,GEAR_DRIVE,COMPLETE_AUTO_DRIVE,TURN_NONE,0,0,0,0,0
/apollo_workspace/records/202607092002_MkzExample_CarlaTown01.00000.20260709200220.record,1783598558321518070,1783598558.3215182,/apollo/canbus/chassis,apollo.canbus.Chassis,1783598558.3186424,0,carla_bridge,0,0,0,GEAR_DRIVE,COMPLETE_AUTO_DRIVE,TURN_NONE,0,0,0,0,0
/apollo_workspace/records/202607092002_MkzExample_CarlaTown01.00000.20260709200220.record,1783598558422340132,1783598558.4223402,/apollo/canbus/chassis,apollo.canbus.Chassis,1783598558.4185114,0,carla_bridge,0,0,0,GEAR_DRIVE,COMPLETE_AUTO_DRIVE,TURN_NONE,0,0,0,0,0
/apollo_workspace/records/202607092002_MkzExample_CarlaTown01.00000.20260709200220.record,1783598558521225271,1783598558.5212252,/apollo/canbus/chassis,apollo.canbus.Chassis,1783598558.5188007,0,carla_bridge,0,0,0,GEAR_DRIVE,COMPLETE_AUTO_DRIVE,TURN_NONE,0,0,0,0,0
/apollo_workspace/records/202607092002_MkzExample_CarlaTown01.00000.20260709200220.record,1783598558620676819,1783598558.6206768,/apollo/canbus/chassis,apollo.canbus.Chassis,1783598558.61821,0,carla_bridge,0,0,0,GEAR_DRIVE,COMPLETE_AUTO_DRIVE,TURN_NONE,0,0,0,0,0
/apollo_workspace/records/202607092002_MkzExample_CarlaTown01.00000.20260709200220.record,1783598558721361343,1783598558.7213614,/apollo/canbus/chassis,apollo.canbus.Chassis,1783598558.718257,0,carla_bridge,0,0,0,GEAR_DRIVE,COMPLETE_AUTO_DRIVE,TURN_NONE,0,0,0,0,0
/apollo_workspace/records/202607092002_MkzExample_CarlaTown01.00000.20260709200220.record,1783598558820632567,1783598558.8206325,/apollo/canbus/chassis,apollo.canbus.Chassis,1783598558.8184888,0,carla_bridge,0,0,0,GEAR_DRIVE,COMPLETE_AUTO_DRIVE,TURN_NONE,0,0,0,0,0
/apollo_workspace/records/202607092002_MkzExample_CarlaTown01.00000.20260709200220.record,1783598558920857149,1783598558.9208572,/apollo/canbus/chassis,apollo.canbus.Chassis,1783598558.9184358,0,carla_bridge,0,0,0,GEAR_DRIVE,COMPLETE_AUTO_DRIVE,TURN_NONE,0,0,0,0,0
/apollo_workspace/records/202607092002_MkzExample_CarlaTown01.00000.20260709200220.record,1783598559021253541,1783598559.0212536,/apollo/canbus/chassis,apollo.canbus.Chassis,1783598559.01869,0,carla_bridge,0,0,0,GEAR_DRIVE,COMPLETE_AUTO_DRIVE,TURN_NONE,0,0,0,0,0
/apollo_workspace/records/202607092002_MkzExample_CarlaTown01.00000.20260709200220.record,1783598559120927876,1783598559.120928,/apollo/canbus/chassis,apollo.canbus.Chassis,1783598559.1184523,0,carla_bridge,0,0,0,GEAR_DRIVE,COMPLETE_AUTO_DRIVE,TURN_NONE,0,0,0,0,0
/apollo_workspace/records/202607092002_MkzExample_CarlaTown01.00000.20260709200220.record,1783598559221336652,1783598559.2213366,/apollo/canbus/chassis,apollo.canbus.Chassis,1783598559.2184315,0,carla_bridge,0,0,0,GEAR_DRIVE,COMPLETE_AUTO_DRIVE,TURN_NONE,0,0,0,0,0
/apollo_workspace/records/202607092002_MkzExample_CarlaTown01.00000.20260709200220.record,1783598559320830792,1783598559.3208308,/apollo/canbus/chassis,apollo.canbus.Chassis,1783598559.3185174,0,carla_bridge,0,0,0,GEAR_DRIVE,COMPLETE_AUTO_DRIVE,TURN_NONE,0,0,0,0,0
/apollo_workspace/records/202607092002_MkzExample_CarlaTown01.00000.20260709200220.record,1783598559421336017,1783598559.4213362,/apollo/canbus/chassis,apollo.canbus.Chassis,1783598559.4186509,0,carla_bridge,0,0,0,GEAR_DRIVE,COMPLETE_AUTO_DRIVE,TURN_NONE,0,0,0,0,0
/apollo_workspace/records/202607092002_MkzExample_CarlaTown01.00000.20260709200220.record,1783598559521707161,1783598559.5217073,/apollo/canbus/chassis,apollo.canbus.Chassis,1783598559.5191982,0,carla_bridge,0,0,0,GEAR_DRIVE,COMPLETE_AUTO_DRIVE,TURN_NONE,0,0,0,0,0
/apollo_workspace/records/202607092002_MkzExample_CarlaTown01.00000.20260709200220.record,1783598559620870289,1783598559.6208704,/apollo/canbus/chassis,apollo.canbus.Chassis,1783598559.6185288,0,carla_bridge,0,0,0,GEAR_DRIVE,COMPLETE_AUTO_DRIVE,TURN_NONE,0,0,0,0,0
/apollo_workspace/records/202607092002_MkzExample_CarlaTown01.00000.20260709200220.record,1783598559721231992,1783598559.721232,/apollo/canbus/chassis,apollo.canbus.Chassis,1783598559.7183995,0,carla_bridge,0,0,0,GEAR_DRIVE,COMPLETE_AUTO_DRIVE,TURN_NONE,0,0,0,0,0
/apollo_workspace/records/202607092002_MkzExample_CarlaTown01.00000.20260709200220.record,1783598559820899510,1783598559.8208995,/apollo/canbus/chassis,apollo.canbus.Chassis,1783598559.8184621,0,carla_bridge,0,0,0,GEAR_DRIVE,COMPLETE_AUTO_DRIVE,TURN_NONE,0,0,0,0,0
/apollo_workspace/records/202607092002_MkzExample_CarlaTown01.00000.20260709200220.record,1783598559921306047,1783598559.9213061,/apollo/canbus/chassis,apollo.canbus.Chassis,1783598559.918365,0,carla_bridge,0,0,0,GEAR_DRIVE,COMPLETE_AUTO_DRIVE,TURN_NONE,0,0,0,0,0
/apollo_workspace/records/202607092002_MkzExample_CarlaTown01.00000.20260709200220.record,1783598560021234880,1783598560.021235,/apollo/canbus/chassis,apollo.canbus.Chassis,1783598560.0184586,0,carla_bridge,0,0,0,GEAR_DRIVE,COMPLETE_AUTO_DRIVE,TURN_NONE,0,0,0,0,0
/apollo_workspace/records/202607092002_MkzExample_CarlaTown01.00000.20260709200220.record,1783598560120731228,1783598560.120731,/apollo/canbus/chassis,apollo.canbus.Chassis,1783598560.1182804,0,carla_bridge,0,0,0,GEAR_DRIVE,COMPLETE_AUTO_DRIVE,TURN_NONE,0,0,0,0,0
/apollo_workspace/records/202607092002_MkzExample_CarlaTown01.00000.20260709200220.record,1783598560220795712,1783598560.2207956,/apollo/canbus/chassis,apollo.canbus.Chassis,1783598560.2183423,0,carla_bridge,0,0,0,GEAR_DRIVE,COMPLETE_AUTO_DRIVE,TURN_NONE,0,0,0,0,0
/apollo_workspace/records/202607092002_MkzExample_CarlaTown01.00000.20260709200220.record,1783598560320880708,1783598560.3208807,/apollo/canbus/chassis,apollo.canbus.Chassis,1783598560.318487,0,carla_bridge,0,0,0,GEAR_DRIVE,COMPLETE_AUTO_DRIVE,TURN_NONE,0,0,0,0,0
/apollo_workspace/records/202607092002_MkzExample_CarlaTown01.00000.20260709200220.record,1783598560421575920,1783598560.421576,/apollo/canbus/chassis,apollo.canbus.Chassis,1783598560.4192004,0,carla_bridge,0,0,0,GEAR_DRIVE,COMPLETE_AUTO_DRIVE,TURN_NONE,0,0,0,0,0
/apollo_workspace/records/202607092002_MkzExample_CarlaTown01.00000.20260709200220.record,1783598560521083756,1783598560.5210836,/apollo/canbus/chassis,apollo.canbus.Chassis,1783598560.518713,0,carla_bridge,0,0,0,GEAR_DRIVE,COMPLETE_AUTO_DRIVE,TURN_NONE,0,0,0,0,0
/apollo_workspace/records/202607092002_MkzExample_CarlaTown01.00000.20260709200220.record,1783598560620541991,1783598560.620542,/apollo/canbus/chassis,apollo.canbus.Chassis,1783598560.6183493,0,carla_bridge,0,0,0,GEAR_DRIVE,COMPLETE_AUTO_DRIVE,TURN_NONE,0,0,0,0,0
/apollo_workspace/records/202607092002_MkzExample_CarlaTown01.00000.20260709200220.record,1783598560720470537,1783598560.7204704,/apollo/canbus/chassis,apollo.canbus.Chassis,1783598560.7183285,0,carla_bridge,0,0,0,GEAR_DRIVE,COMPLETE_AUTO_DRIVE,TURN_NONE,0,0,0,0,0
/apollo_workspace/records/202607092002_MkzExample_CarlaTown01.00000.20260709200220.record,1783598560820471660,1783598560.8204715,/apollo/canbus/chassis,apollo.canbus.Chassis,1783598560.8184035,0,carla_bridge,0,0,0,GEAR_DRIVE,COMPLETE_AUTO_DRIVE,TURN_NONE,0,0,0,0,0
/apollo_workspace/records/202607092002_MkzExample_CarlaTown01.00000.20260709200220.record,1783598560920853876,1783598560.9208539,/apollo/canbus/chassis,apollo.canbus.Chassis,1783598560.9186957,0,carla_bridge,0,0,0,GEAR_DRIVE,COMPLETE_AUTO_DRIVE,TURN_NONE,0,0,0,0,0
/apollo_workspace/records/202607092002_MkzExample_CarlaTown01.00000.20260709200220.record,1783598561020663988,1783598561.020664,/apollo/canbus/chassis,apollo.canbus.Chassis,1783598561.0182905,0,carla_bridge,0,0,0,GEAR_DRIVE,COMPLETE_AUTO_DRIVE,TURN_NONE,0,0,0,0,0
/apollo_workspace/records/202607092002_MkzExample_CarlaTown01.00000.20260709200220.record,1783598561120894778,1783598561.1208947,/apollo/canbus/chassis,apollo.canbus.Chassis,1783598561.118343,0,carla_bridge,0,0,0,GEAR_DRIVE,COMPLETE_AUTO_DRIVE,TURN_NONE,0,0,0,0,0
/apollo_workspace/records/202607092002_MkzExample_CarlaTown01.00000.20260709200220.record,1783598561221284866,1783598561.2212849,/apollo/canbus/chassis,apollo.canbus.Chassis,1783598561.2190983,0,carla_bridge,0,0,0,GEAR_DRIVE,COMPLETE_AUTO_DRIVE,TURN_NONE,0,0,0,0,0
/apollo_workspace/records/202607092002_MkzExample_CarlaTown01.00000.20260709200220.record,1783598561321492807,1783598561.3214927,/apollo/canbus/chassis,apollo.canbus.Chassis,1783598561.3187351,0,carla_bridge,0,0,0,GEAR_DRIVE,COMPLETE_AUTO_DRIVE,TURN_NONE,0,0,0,0,0
/apollo_workspace/records/202607092002_MkzExample_CarlaTown01.00000.20260709200220.record,1783598561420825377,1783598561.4208252,/apollo/canbus/chassis,apollo.canbus.Chassis,1783598561.4184084,0,carla_bridge,0,0,0,GEAR_DRIVE,COMPLETE_AUTO_DRIVE,TURN_NONE,0,0,0,0,0
/apollo_workspace/records/202607092002_MkzExample_CarlaTown01.00000.20260709200220.record,1783598561520454175,1783598561.5204542,/apollo/canbus/chassis,apollo.canbus.Chassis,1783598561.5184753,0,carla_bridge,0,0,0,GEAR_DRIVE,COMPLETE_AUTO_DRIVE,TURN_NONE,0,0,0,0,0
/apollo_workspace/records/202607092002_MkzExample_CarlaTown01.00000.20260709200220.record,1783598561621076234,1783598561.621076,/apollo/canbus/chassis,apollo.canbus.Chassis,1783598561.618447,0,carla_bridge,0,0,0,GEAR_DRIVE,COMPLETE_AUTO_DRIVE,TURN_NONE,0,0,0,0,0
/apollo_workspace/records/202607092002_MkzExample_CarlaTown01.00000.20260709200220.record,1783598561720892042,1783598561.7208922,/apollo/canbus/chassis,apollo.canbus.Chassis,1783598561.7183733,0,carla_bridge,0,0,0,GEAR_DRIVE,COMPLETE_AUTO_DRIVE,TURN_NONE,0,0,0,0,0
/apollo_workspace/records/202607092002_MkzExample_CarlaTown01.00000.20260709200220.record,1783598561821713912,1783598561.821714,/apollo/canbus/chassis,apollo.canbus.Chassis,1783598561.8185272,0,carla_bridge,0,0,0,GEAR_DRIVE,COMPLETE_AUTO_DRIVE,TURN_NONE,0,0,0,0,0
/apollo_workspace/records/202607092002_MkzExample_CarlaTown01.00000.20260709200220.record,1783598561920671436,1783598561.9206715,/apollo/canbus/chassis,apollo.canbus.Chassis,1783598561.918341,0,carla_bridge,0,0,0,GEAR_DRIVE,COMPLETE_AUTO_DRIVE,TURN_NONE,0,0,0,0,0
/apollo_workspace/records/202607092002_MkzExample_CarlaTown01.00000.20260709200220.record,1783598562021092597,1783598562.0210927,/apollo/canbus/chassis,apollo.canbus.Chassis,1783598562.0183253,0,carla_bridge,0,0,0,GEAR_DRIVE,COMPLETE_AUTO_DRIVE,TURN_NONE,0,0,0,0,0
/apollo_workspace/records/202607092002_MkzExample_CarlaTown01.00000.20260709200220.record,1783598562121110936,1783598562.1211112,/apollo/canbus/chassis,apollo.canbus.Chassis,1783598562.1184347,0,carla_bridge,0,0,0,GEAR_DRIVE,COMPLETE_AUTO_DRIVE,TURN_NONE,0,0,0,0,0
/apollo_workspace/records/202607092002_MkzExample_CarlaTown01.00000.20260709200220.record,1783598562220605140,1783598562.2206051,/apollo/canbus/chassis,apollo.canbus.Chassis,1783598562.2181804,0,carla_bridge,0,0,0,GEAR_DRIVE,COMPLETE_AUTO_DRIVE,TURN_NONE,0,0,0,0,0
/apollo_workspace/records/202607092002_MkzExample_CarlaTown01.00000.20260709200220.record,1783598562321303328,1783598562.3213034,/apollo/canbus/chassis,apollo.canbus.Chassis,1783598562.31865,0,carla_bridge,0,0,0,GEAR_DRIVE,COMPLETE_AUTO_DRIVE,TURN_NONE,0,0,0,0,0
/apollo_workspace/records/202607092002_MkzExample_CarlaTown01.00000.20260709200220.record,1783598562420797180,1783598562.420797,/apollo/canbus/chassis,apollo.canbus.Chassis,1783598562.4183562,0,carla_bridge,0,0,0,GEAR_DRIVE,COMPLETE_AUTO_DRIVE,TURN_NONE,0,0,0,0,0
/apollo_workspace/records/202607092002_MkzExample_CarlaTown01.00000.20260709200220.record,1783598562521101763,1783598562.5211017,/apollo/canbus/chassis,apollo.canbus.Chassis,1783598562.518449,0,carla_bridge,0,0,0,GEAR_DRIVE,COMPLETE_AUTO_DRIVE,TURN_NONE,0,0,0,0,0
/apollo_workspace/records/202607092002_MkzExample_CarlaTown01.00000.20260709200220.record,1783598562629248374,1783598562.6292481,/apollo/canbus/chassis,apollo.canbus.Chassis,1783598562.6192074,0,carla_bridge,0,0,0,GEAR_DRIVE,COMPLETE_AUTO_DRIVE,TURN_NONE,0,0,0,0,0
/apollo_workspace/records/202607092002_MkzExample_CarlaTown01.00000.20260709200220.record,1783598562720803684,1783598562.7208035,/apollo/canbus/chassis,apollo.canbus.Chassis,1783598562.7184112,0,carla_bridge,0,0,0,GEAR_DRIVE,COMPLETE_AUTO_DRIVE,TURN_NONE,0,0,0,0,0
/apollo_workspace/records/202607092002_MkzExample_CarlaTown01.00000.20260709200220.record,1783598562820640805,1783598562.8206408,/apollo/canbus/chassis,apollo.canbus.Chassis,1783598562.8182578,0,carla_bridge,0,0,0,GEAR_DRIVE,COMPLETE_AUTO_DRIVE,TURN_NONE,0,0,0,0,0
/apollo_workspace/records/202607092002_MkzExample_CarlaTown01.00000.20260709200220.record,1783598562920521254,1783598562.9205213,/apollo/canbus/chassis,apollo.canbus.Chassis,1783598562.9183812,0,carla_bridge,0,0,0,GEAR_DRIVE,COMPLETE_AUTO_DRIVE,TURN_NONE,0,0,0,0,0
/apollo_workspace/records/202607092002_MkzExample_CarlaTown01.00000.20260709200220.record,1783598563021633656,1783598563.0216336,/apollo/canbus/chassis,apollo.canbus.Chassis,1783598563.0190706,0,carla_bridge,0,0,0,GEAR_DRIVE,COMPLETE_AUTO_DRIVE,TURN_NONE,0,0,0,0,0
/apollo_workspace/records/202607092002_MkzExample_CarlaTown01.00000.20260709200220.record,1783598563121111187,1783598563.1211114,/apollo/canbus/chassis,apollo.canbus.Chassis,1783598563.1186066,0,carla_bridge,0,0,0,GEAR_DRIVE,COMPLETE_AUTO_DRIVE,TURN_NONE,0,0,0,0,0
/apollo_workspace/records/202607092002_MkzExample_CarlaTown01.00000.20260709200220.record,1783598563222425960,1783598563.222426,/apollo/canbus/chassis,apollo.canbus.Chassis,1783598563.2195086,0,carla_bridge,0,0,0,GEAR_DRIVE,COMPLETE_AUTO_DRIVE,TURN_NONE,0,0,0,0,0
/apollo_workspace/records/202607092002_MkzExample_CarlaTown01.00000.20260709200220.record,1783598563320873173,1783598563.3208733,/apollo/canbus/chassis,apollo.canbus.Chassis,1783598563.318304,0,carla_bridge,0,0,0,GEAR_DRIVE,COMPLETE_AUTO_DRIVE,TURN_NONE,0,0,0,0,0
/apollo_workspace/records/202607092002_MkzExample_CarlaTown01.00000.20260709200220.record,1783598563420614709,1783598563.4206147,/apollo/canbus/chassis,apollo.canbus.Chassis,1783598563.4183946,0,carla_bridge,0,0,0,GEAR_DRIVE,COMPLETE_AUTO_DRIVE,TURN_NONE,0,0,0,0,0
/apollo_workspace/records/202607092002_MkzExample_CarlaTown01.00000.20260709200220.record,1783598563521429059,1783598563.521429,/apollo/canbus/chassis,apollo.canbus.Chassis,1783598563.519125,0,carla_bridge,0,0,0,GEAR_DRIVE,COMPLETE_AUTO_DRIVE,TURN_NONE,0,0,0,0,0
/apollo_workspace/records/202607092002_MkzExample_CarlaTown01.00000.20260709200220.record,1783598563621298788,1783598563.6212988,/apollo/canbus/chassis,apollo.canbus.Chassis,1783598563.6184058,0,carla_bridge,0,0,0,GEAR_DRIVE,COMPLETE_AUTO_DRIVE,TURN_NONE,0,0,0,0,0
/apollo_workspace/records/202607092002_MkzExample_CarlaTown01.00000.20260709200220.record,1783598563720975330,1783598563.7209754,/apollo/canbus/chassis,apollo.canbus.Chassis,1783598563.718222,0,carla_bridge,0,0,0,GEAR_DRIVE,COMPLETE_AUTO_DRIVE,TURN_NONE,0,0,0,0,0
/apollo_workspace/records/202607092002_MkzExample_CarlaTown01.00000.20260709200220.record,1783598563821220328,1783598563.8212204,/apollo/canbus/chassis,apollo.canbus.Chassis,1783598563.8183453,0,carla_bridge,0,0,0,GEAR_DRIVE,COMPLETE_AUTO_DRIVE,TURN_NONE,0,0,0,0,0
/apollo_workspace/records/202607092002_MkzExample_CarlaTown01.00000.20260709200220.record,1783598563921226827,1783598563.9212267,/apollo/canbus/chassis,apollo.canbus.Chassis,1783598563.918349,0,carla_bridge,0,0,0,GEAR_DRIVE,COMPLETE_AUTO_DRIVE,TURN_NONE,0,0,0,0,0
/apollo_workspace/records/202607092002_MkzExample_CarlaTown01.00000.20260709200220.record,1783598564021234062,1783598564.0212343,/apollo/canbus/chassis,apollo.canbus.Chassis,1783598564.018427,0,carla_bridge,0,0,0,GEAR_DRIVE,COMPLETE_AUTO_DRIVE,TURN_NONE,0,0,0,0,0
/apollo_workspace/records/202607092002_MkzExample_CarlaTown01.00000.20260709200220.record,1783598564120485414,1783598564.1204853,/apollo/canbus/chassis,apollo.canbus.Chassis,1783598564.1182806,0,carla_bridge,0,0,0,GEAR_DRIVE,COMPLETE_AUTO_DRIVE,TURN_NONE,0,0,0,0,0
/apollo_workspace/records/202607092002_MkzExample_CarlaTown01.00000.20260709200220.record,1783598564220930447,1783598564.2209306,/apollo/canbus/chassis,apollo.canbus.Chassis,1783598564.2183256,0,carla_bridge,0,0,0,GEAR_DRIVE,COMPLETE_AUTO_DRIVE,TURN_NONE,0,0,0,0,0
/apollo_workspace/records/202607092002_MkzExample_CarlaTown01.00000.20260709200220.record,1783598564320783663,1783598564.3207836,/apollo/canbus/chassis,apollo.canbus.Chassis,1783598564.318361,0,carla_bridge,0,0,0,GEAR_DRIVE,COMPLETE_AUTO_DRIVE,TURN_NONE,0,0,0,0,0
/apollo_workspace/records/202607092002_MkzExample_CarlaTown01.00000.20260709200220.record,1783598564421043030,1783598564.421043,/apollo/canbus/chassis,apollo.canbus.Chassis,1783598564.4184964,0,carla_bridge,0,0,0,GEAR_DRIVE,COMPLETE_AUTO_DRIVE,TURN_NONE,0,0,0,0,0
/apollo_workspace/records/202607092002_MkzExample_CarlaTown01.00000.20260709200220.record,1783598564520752277,1783598564.5207524,/apollo/canbus/chassis,apollo.canbus.Chassis,1783598564.5182993,0,carla_bridge,0,0,0,GEAR_DRIVE,COMPLETE_AUTO_DRIVE,TURN_NONE,0,0,0,0,0
/apollo_workspace/records/202607092002_MkzExample_CarlaTown01.00000.20260709200220.record,1783598564621017211,1783598564.621017,/apollo/canbus/chassis,apollo.canbus.Chassis,1783598564.6184645,0,carla_bridge,0,0,0,GEAR_DRIVE,COMPLETE_AUTO_DRIVE,TURN_NONE,0,0,0,0,0
/apollo_workspace/records/202607092002_MkzExample_CarlaTown01.00000.20260709200220.record,1783598564720023920,1783598564.7200239,/apollo/canbus/chassis,apollo.canbus.Chassis,1783598564.7183685,0,carla_bridge,0,0,0,GEAR_DRIVE,COMPLETE_AUTO_DRIVE,TURN_NONE,0,0,0,0,0
/apollo_workspace/records/202607092002_MkzExample_CarlaTown01.00000.20260709200220.record,1783598564821079809,1783598564.8210797,/apollo/canbus/chassis,apollo.canbus.Chassis,1783598564.8182688,0,carla_bridge,0,0,0,GEAR_DRIVE,COMPLETE_AUTO_DRIVE,TURN_NONE,0,0,0,0,0
/apollo_workspace/records/202607092002_MkzExample_CarlaTown01.00000.20260709200220.record,1783598564920938498,1783598564.9209385,/apollo/canbus/chassis,apollo.canbus.Chassis,1783598564.9183273,0,carla_bridge,0,0,0,GEAR_DRIVE,COMPLETE_AUTO_DRIVE,TURN_NONE,0,0,0,0,0
/apollo_workspace/records/202607092002_MkzExample_CarlaTown01.00000.20260709200220.record,1783598565020439198,1783598565.0204394,/apollo/canbus/chassis,apollo.canbus.Chassis,1783598565.0183053,0,carla_bridge,0,0,0,GEAR_DRIVE,COMPLETE_AUTO_DRIVE,TURN_NONE,0,0,0,0,0
/apollo_workspace/records/202607092002_MkzExample_CarlaTown01.00000.20260709200220.record,1783598565120985544,1783598565.1209855,/apollo/canbus/chassis,apollo.canbus.Chassis,1783598565.1184008,0,carla_bridge,0,0,0,GEAR_DRIVE,COMPLETE_AUTO_DRIVE,TURN_NONE,0,0,0,0,0
/apollo_workspace/records/202607092002_MkzExample_CarlaTown01.00000.20260709200220.record,1783598565220701543,1783598565.2207015,/apollo/canbus/chassis,apollo.canbus.Chassis,1783598565.2182395,0,carla_bridge,0,0,0,GEAR_DRIVE,COMPLETE_AUTO_DRIVE,TURN_NONE,0,0,0,0,0
/apollo_workspace/records/202607092002_MkzExample_CarlaTown01.00000.20260709200220.record,1783598565320671785,1783598565.3206718,/apollo/canbus/chassis,apollo.canbus.Chassis,1783598565.3182566,0,carla_bridge,0,0,0,GEAR_DRIVE,COMPLETE_AUTO_DRIVE,TURN_NONE,0,0,0,0,0
/apollo_workspace/records/202607092002_MkzExample_CarlaTown01.00000.20260709200220.record,1783598565420798414,1783598565.4207985,/apollo/canbus/chassis,apollo.canbus.Chassis,1783598565.4183953,0,carla_bridge,0,0,0,GEAR_DRIVE,COMPLETE_AUTO_DRIVE,TURN_NONE,0,0,0,0,0
/apollo_workspace/records/202607092002_MkzExample_CarlaTown01.00000.20260709200220.record,1783598565521159925,1783598565.52116,/apollo/canbus/chassis,apollo.canbus.Chassis,1783598565.5184095,0,carla_bridge,0,0,0,GEAR_DRIVE,COMPLETE_AUTO_DRIVE,TURN_NONE,0,0,0,0,0
/apollo_workspace/records/202607092002_MkzExample_CarlaTown01.00000.20260709200220.record,1783598565620624337,1783598565.6206243,/apollo/canbus/chassis,apollo.canbus.Chassis,1783598565.6184177,0,carla_bridge,0,0,0,GEAR_DRIVE,COMPLETE_AUTO_DRIVE,TURN_NONE,0,0,0,0,0
/apollo_workspace/records/202607092002_MkzExample_CarlaTown01.00000.20260709200220.record,1783598565720908631,1783598565.7209086,/apollo/canbus/chassis,apollo.canbus.Chassis,1783598565.7184887,0,carla_bridge,0,0,0,GEAR_DRIVE,COMPLETE_AUTO_DRIVE,TURN_NONE,0,0,0,0,0
/apollo_workspace/records/202607092002_MkzExample_CarlaTown01.00000.20260709200220.record,1783598565821350112,1783598565.82135,/apollo/canbus/chassis,apollo.canbus.Chassis,1783598565.8182821,0,carla_bridge,0,0,0,GEAR_DRIVE,COMPLETE_AUTO_DRIVE,TURN_NONE,0,0,0,0,0
/apollo_workspace/records/202607092002_MkzExample_CarlaTown01.00000.20260709200220.record,1783598565920250004,1783598565.9202502,/apollo/canbus/chassis,apollo.canbus.Chassis,1783598565.9182863,0,carla_bridge,0,0,0,GEAR_DRIVE,COMPLETE_AUTO_DRIVE,TURN_NONE,0,0,0,0,0
/apollo_workspace/records/202607092002_MkzExample_CarlaTown01.00000.20260709200220.record,1783598566020894655,1783598566.0208948,/apollo/canbus/chassis,apollo.canbus.Chassis,1783598566.0183735,0,carla_bridge,0,0,0,GEAR_DRIVE,COMPLETE_AUTO_DRIVE,TURN_NONE,0,0,0,0,0
/apollo_workspace/records/202607092002_MkzExample_CarlaTown01.00000.20260709200220.record,1783598566121358505,1783598566.1213586,/apollo/canbus/chassis,apollo.canbus.Chassis,1783598566.1183786,0,carla_bridge,0,0,0,GEAR_DRIVE,COMPLETE_AUTO_DRIVE,TURN_NONE,0,0,0,0,0
/apollo_workspace/records/202607092002_MkzExample_CarlaTown01.00000.20260709200220.record,1783598566220637921,1783598566.220638,/apollo/canbus/chassis,apollo.canbus.Chassis,1783598566.2183783,0,carla_bridge,0,0,0,GEAR_DRIVE,COMPLETE_AUTO_DRIVE,TURN_NONE,0,0,0,0,0
/apollo_workspace/records/202607092002_MkzExample_CarlaTown01.00000.20260709200220.record,1783598566320512546,1783598566.3205125,/apollo/canbus/chassis,apollo.canbus.Chassis,1783598566.3184009,0,carla_bridge,0,0,0,GEAR_DRIVE,COMPLETE_AUTO_DRIVE,TURN_NONE,0,0,0,0,0
/apollo_workspace/records/202607092002_MkzExample_CarlaTown01.00000.20260709200220.record,1783598566421159278,1783598566.4211593,/apollo/canbus/chassis,apollo.canbus.Chassis,1783598566.4186926,0,carla_bridge,0,0,0,GEAR_DRIVE,COMPLETE_AUTO_DRIVE,TURN_NONE,0,0,0,0,0
/apollo_workspace/records/202607092002_MkzExample_CarlaTown01.00000.20260709200220.record,1783598566521130672,1783598566.5211308,/apollo/canbus/chassis,apollo.canbus.Chassis,1783598566.5184364,0,carla_bridge,0,0,0,GEAR_DRIVE,COMPLETE_AUTO_DRIVE,TURN_NONE,0,0,0,0,0
/apollo_workspace/records/202607092002_MkzExample_CarlaTown01.00000.20260709200220.record,1783598566621423511,1783598566.6214237,/apollo/canbus/chassis,apollo.canbus.Chassis,1783598566.6183786,0,carla_bridge,0,0,0,GEAR_DRIVE,COMPLETE_AUTO_DRIVE,TURN_NONE,0,0,0,0,0
/apollo_workspace/records/202607092002_MkzExample_CarlaTown01.00000.20260709200220.record,1783598566720396428,1783598566.7203965,/apollo/canbus/chassis,apollo.canbus.Chassis,1783598566.7183087,0,carla_bridge,0,0,0,GEAR_DRIVE,COMPLETE_AUTO_DRIVE,TURN_NONE,0,0,0,0,0
/apollo_workspace/records/202607092002_MkzExample_CarlaTown01.00000.20260709200220.record,1783598566821485309,1783598566.8214853,/apollo/canbus/chassis,apollo.canbus.Chassis,1783598566.8183153,0,carla_bridge,0,0,0,GEAR_DRIVE,COMPLETE_AUTO_DRIVE,TURN_NONE,0,0,0,0,0
/apollo_workspace/records/202607092002_MkzExample_CarlaTown01.00000.20260709200220.record,1783598566920698421,1783598566.9206984,/apollo/canbus/chassis,apollo.canbus.Chassis,1783598566.9182122,0,carla_bridge,0,0,0,GEAR_DRIVE,COMPLETE_AUTO_DRIVE,TURN_NONE,0,0,0,0,0
/apollo_workspace/records/202607092002_MkzExample_CarlaTown01.00000.20260709200220.record,1783598567021241311,1783598567.0212414,/apollo/canbus/chassis,apollo.canbus.Chassis,1783598567.0182624,0,carla_bridge,0,0,0,GEAR_DRIVE,COMPLETE_AUTO_DRIVE,TURN_NONE,0,0,0,0,0
/apollo_workspace/records/202607092002_MkzExample_CarlaTown01.00000.20260709200220.record,1783598567121247202,1783598567.1212473,/apollo/canbus/chassis,apollo.canbus.Chassis,1783598567.1182895,0,carla_bridge,0,0,0,GEAR_DRIVE,COMPLETE_AUTO_DRIVE,TURN_NONE,0,0,0,0,0
/apollo_workspace/records/202607092002_MkzExample_CarlaTown01.00000.20260709200220.record,1783598567221083235,1783598567.2210832,/apollo/canbus/chassis,apollo.canbus.Chassis,1783598567.2183447,0,carla_bridge,0,0,0,GEAR_DRIVE,COMPLETE_AUTO_DRIVE,TURN_NONE,0,0,0,0,0
/apollo_workspace/records/202607092002_MkzExample_CarlaTown01.00000.20260709200220.record,1783598567320871747,1783598567.3208716,/apollo/canbus/chassis,apollo.canbus.Chassis,1783598567.318392,0,carla_bridge,0,0,0,GEAR_DRIVE,COMPLETE_AUTO_DRIVE,TURN_NONE,0,0,0,0,0
/apollo_workspace/records/202607092002_MkzExample_CarlaTown01.00000.20260709200220.record,1783598567420678563,1783598567.4206786,/apollo/canbus/chassis,apollo.canbus.Chassis,1783598567.418304,0,carla_bridge,0,0,0,GEAR_DRIVE,COMPLETE_AUTO_DRIVE,TURN_NONE,0,0,0,0,0
/apollo_workspace/records/202607092002_MkzExample_CarlaTown01.00000.20260709200220.record,1783598567521130188,1783598567.5211303,/apollo/canbus/chassis,apollo.canbus.Chassis,1783598567.518314,0,carla_bridge,0,0,0,GEAR_DRIVE,COMPLETE_AUTO_DRIVE,TURN_NONE,0,0,0,0,0
/apollo_workspace/records/202607092002_MkzExample_CarlaTown01.00000.20260709200220.record,1783598567620452933,1783598567.620453,/apollo/canbus/chassis,apollo.canbus.Chassis,1783598567.6182704,0,carla_bridge,0,0,0,GEAR_DRIVE,COMPLETE_AUTO_DRIVE,TURN_NONE,0,0,0,0,0
/apollo_workspace/records/202607092002_MkzExample_CarlaTown01.00000.20260709200220.record,1783598567720295173,1783598567.7202952,/apollo/canbus/chassis,apollo.canbus.Chassis,1783598567.7182827,0,carla_bridge,0,0,0,GEAR_DRIVE,COMPLETE_AUTO_DRIVE,TURN_NONE,0,0,0,0,0
/apollo_workspace/records/202607092002_MkzExample_CarlaTown01.00000.20260709200220.record,1783598567821307062,1783598567.8213072,/apollo/canbus/chassis,apollo.canbus.Chassis,1783598567.8183396,0,carla_bridge,0,0,0,GEAR_DRIVE,COMPLETE_AUTO_DRIVE,TURN_NONE,0,0,0,0,0
/apollo_workspace/records/202607092002_MkzExample_CarlaTown01.00000.20260709200220.record,1783598567920921652,1783598567.9209216,/apollo/canbus/chassis,apollo.canbus.Chassis,1783598567.9182174,0,carla_bridge,0,0,0,GEAR_DRIVE,COMPLETE_AUTO_DRIVE,TURN_NONE,0,0,0,0,0
/apollo_workspace/records/202607092002_MkzExample_CarlaTown01.00000.20260709200220.record,1783598568021336604,1783598568.0213366,/apollo/canbus/chassis,apollo.canbus.Chassis,1783598568.018306,0,carla_bridge,0,0,0,GEAR_DRIVE,COMPLETE_AUTO_DRIVE,TURN_NONE,0,0,0,0,0
/apollo_workspace/records/202607092002_MkzExample_CarlaTown01.00000.20260709200220.record,1783598568121828166,1783598568.121828,/apollo/canbus/chassis,apollo.canbus.Chassis,1783598568.1192486,0,carla_bridge,0,0,0,GEAR_DRIVE,COMPLETE_AUTO_DRIVE,TURN_NONE,0,0,0,0,0
/apollo_workspace/records/202607092002_MkzExample_CarlaTown01.00000.20260709200220.record,1783598568220993976,1783598568.220994,/apollo/canbus/chassis,apollo.canbus.Chassis,1783598568.2183337,0,carla_bridge,0,0,0,GEAR_DRIVE,COMPLETE_AUTO_DRIVE,TURN_NONE,0,0,0,0,0
/apollo_workspace/records/202607092002_MkzExample_CarlaTown01.00000.20260709200220.record,1783598568321441298,1783598568.3214412,/apollo/canbus/chassis,apollo.canbus.Chassis,1783598568.3183541,0,carla_bridge,0,0,0,GEAR_DRIVE,COMPLETE_AUTO_DRIVE,TURN_NONE,0,0,0,0,0
/apollo_workspace/records/202607092002_MkzExample_CarlaTown01.00000.20260709200220.record,1783598568420525525,1783598568.4205256,/apollo/canbus/chassis,apollo.canbus.Chassis,1783598568.4184496,0,carla_bridge,0,0,0,GEAR_DRIVE,COMPLETE_AUTO_DRIVE,TURN_NONE,0,0,0,0,0
/apollo_workspace/records/202607092002_MkzExample_CarlaTown01.00000.20260709200220.record,1783598568521244948,1783598568.521245,/apollo/canbus/chassis,apollo.canbus.Chassis,1783598568.518445,0,carla_bridge,0,0,0,GEAR_DRIVE,COMPLETE_AUTO_DRIVE,TURN_NONE,0,0,0,0,0
/apollo_workspace/records/202607092002_MkzExample_CarlaTown01.00000.20260709200220.record,1783598568620494906,1783598568.6204948,/apollo/canbus/chassis,apollo.canbus.Chassis,1783598568.61843,0,carla_bridge,0,0,0,GEAR_DRIVE,COMPLETE_AUTO_DRIVE,TURN_NONE,0,0,0,0,0
/apollo_workspace/records/202607092002_MkzExample_CarlaTown01.00000.20260709200220.record,1783598568720565294,1783598568.7205653,/apollo/canbus/chassis,apollo.canbus.Chassis,1783598568.7184486,0,carla_bridge,0,0,0,GEAR_DRIVE,COMPLETE_AUTO_DRIVE,TURN_NONE,0,0,0,0,0
/apollo_workspace/records/202607092002_MkzExample_CarlaTown01.00000.20260709200220.record,1783598568820489823,1783598568.8204896,/apollo/canbus/chassis,apollo.canbus.Chassis,1783598568.818353,0,carla_bridge,0,0,0,GEAR_DRIVE,COMPLETE_AUTO_DRIVE,TURN_NONE,0,0,0,0,0
/apollo_workspace/records/202607092002_MkzExample_CarlaTown01.00000.20260709200220.record,1783598568921117276,1783598568.921117,/apollo/canbus/chassis,apollo.canbus.Chassis,1783598568.9187875,0,carla_bridge,0,0,0,GEAR_DRIVE,COMPLETE_AUTO_DRIVE,TURN_NONE,0,0,0,0,0
/apollo_workspace/records/202607092002_MkzExample_CarlaTown01.00000.20260709200220.record,1783598569020151231,1783598569.0201514,/apollo/canbus/chassis,apollo.canbus.Chassis,1783598569.018473,0,carla_bridge,0,0,0,GEAR_DRIVE,COMPLETE_AUTO_DRIVE,TURN_NONE,0,0,0,0,0
/apollo_workspace/records/202607092002_MkzExample_CarlaTown01.00000.20260709200220.record,1783598569121850957,1783598569.121851,/apollo/canbus/chassis,apollo.canbus.Chassis,1783598569.1183994,0,carla_bridge,0,0,0,GEAR_DRIVE,COMPLETE_AUTO_DRIVE,TURN_NONE,0,0,0,0,0
/apollo_workspace/records/202607092002_MkzExample_CarlaTown01.00000.20260709200220.record,1783598569220846287,1783598569.2208464,/apollo/canbus/chassis,apollo.canbus.Chassis,1783598569.2183604,0,carla_bridge,0,0,0,GEAR_DRIVE,COMPLETE_AUTO_DRIVE,TURN_NONE,0,0,0,0,0
/apollo_workspace/records/202607092002_MkzExample_CarlaTown01.00000.20260709200220.record,1783598569321798674,1783598569.3217986,/apollo/canbus/chassis,apollo.canbus.Chassis,1783598569.318259,0,carla_bridge,0,0,0,GEAR_DRIVE,COMPLETE_AUTO_DRIVE,TURN_NONE,0,0,0,0,0
/apollo_workspace/records/202607092002_MkzExample_CarlaTown01.00000.20260709200220.record,1783598569421488511,1783598569.4214883,/apollo/canbus/chassis,apollo.canbus.Chassis,1783598569.4183488,0,carla_bridge,0,0,0,GEAR_DRIVE,COMPLETE_AUTO_DRIVE,TURN_NONE,0,0,0,0,0
/apollo_workspace/records/202607092002_MkzExample_CarlaTown01.00000.20260709200220.record,1783598569520723813,1783598569.5207238,/apollo/canbus/chassis,apollo.canbus.Chassis,1783598569.5183883,0,carla_bridge,0,0,0,GEAR_DRIVE,COMPLETE_AUTO_DRIVE,TURN_NONE,0,0,0,0,0
/apollo_workspace/records/202607092002_MkzExample_CarlaTown01.00000.20260709200220.record,1783598569620769881,1783598569.6207697,/apollo/canbus/chassis,apollo.canbus.Chassis,1783598569.6183968,0,carla_bridge,0,0,0,GEAR_DRIVE,COMPLETE_AUTO_DRIVE,TURN_NONE,0,0,0,0,0
/apollo_workspace/records/202607092002_MkzExample_CarlaTown01.00000.20260709200220.record,1783598569720715562,1783598569.7207155,/apollo/canbus/chassis,apollo.canbus.Chassis,1783598569.7186267,0,carla_bridge,0,0,0,GEAR_DRIVE,COMPLETE_AUTO_DRIVE,TURN_NONE,0,0,0,0,0
/apollo_workspace/records/202607092002_MkzExample_CarlaTown01.00000.20260709200220.record,1783598569821133508,1783598569.8211336,/apollo/canbus/chassis,apollo.canbus.Chassis,1783598569.81869,0,carla_bridge,0,0,0,GEAR_DRIVE,COMPLETE_AUTO_DRIVE,TURN_NONE,0,0,0,0,0
/apollo_workspace/records/202607092002_MkzExample_CarlaTown01.00000.20260709200220.record,1783598569921759233,1783598569.9217591,/apollo/canbus/chassis,apollo.canbus.Chassis,1783598569.9183257,0,carla_bridge,0,0,0,GEAR_DRIVE,COMPLETE_AUTO_DRIVE,TURN_NONE,0,0,0,0,0
/apollo_workspace/records/202607092002_MkzExample_CarlaTown01.00000.20260709200220.record,1783598570021182602,1783598570.0211828,/apollo/canbus/chassis,apollo.canbus.Chassis,1783598570.0183928,0,carla_bridge,0,0,0,GEAR_DRIVE,COMPLETE_AUTO_DRIVE,TURN_NONE,0,0,0,0,0
/apollo_workspace/records/202607092002_MkzExample_CarlaTown01.00000.20260709200220.record,1783598570121039162,1783598570.1210392,/apollo/canbus/chassis,apollo.canbus.Chassis,1783598570.118324,0,carla_bridge,0,0,0,GEAR_DRIVE,COMPLETE_AUTO_DRIVE,TURN_NONE,0,0,0,0,0
/apollo_workspace/records/202607092002_MkzExample_CarlaTown01.00000.20260709200220.record,1783598570221430739,1783598570.2214308,/apollo/canbus/chassis,apollo.canbus.Chassis,1783598570.2182815,0,carla_bridge,0,0,0,GEAR_DRIVE,COMPLETE_AUTO_DRIVE,TURN_NONE,0,0,0,0,0
/apollo_workspace/records/202607092002_MkzExample_CarlaTown01.00000.20260709200220.record,1783598570321022367,1783598570.3210225,/apollo/canbus/chassis,apollo.canbus.Chassis,1783598570.318422,0,carla_bridge,0,0,0,GEAR_DRIVE,COMPLETE_AUTO_DRIVE,TURN_NONE,0,0,0,0,0
/apollo_workspace/records/202607092002_MkzExample_CarlaTown01.00000.20260709200220.record,1783598570420598891,1783598570.4205987,/apollo/canbus/chassis,apollo.canbus.Chassis,1783598570.4184325,0,carla_bridge,0,0,0,GEAR_DRIVE,COMPLETE_AUTO_DRIVE,TURN_NONE,0,0,0,0,0
/apollo_workspace/records/202607092002_MkzExample_CarlaTown01.00000.20260709200220.record,1783598570520581309,1783598570.5205815,/apollo/canbus/chassis,apollo.canbus.Chassis,1783598570.5183291,0,carla_bridge,0,0,0,GEAR_DRIVE,COMPLETE_AUTO_DRIVE,TURN_NONE,0,0,0,0,0
/apollo_workspace/records/202607092002_MkzExample_CarlaTown01.00000.20260709200220.record,1783598570620419725,1783598570.6204197,/apollo/canbus/chassis,apollo.canbus.Chassis,1783598570.6183205,0,carla_bridge,0,0,0,GEAR_DRIVE,COMPLETE_AUTO_DRIVE,TURN_NONE,0,0,0,0,0
/apollo_workspace/records/202607092002_MkzExample_CarlaTown01.00000.20260709200220.record,1783598570720490721,1783598570.7204907,/apollo/canbus/chassis,apollo.canbus.Chassis,1783598570.7183309,0,carla_bridge,0,0,0,GEAR_DRIVE,COMPLETE_AUTO_DRIVE,TURN_NONE,0,0,0,0,0
/apollo_workspace/records/202607092002_MkzExample_CarlaTown01.00000.20260709200220.record,1783598570820518708,1783598570.8205187,/apollo/canbus/chassis,apollo.canbus.Chassis,1783598570.8184037,0,carla_bridge,0,0,0,GEAR_DRIVE,COMPLETE_AUTO_DRIVE,TURN_NONE,0,0,0,0,0
/apollo_workspace/records/202607092002_MkzExample_CarlaTown01.00000.20260709200220.record,1783598570920977390,1783598570.9209774,/apollo/canbus/chassis,apollo.canbus.Chassis,1783598570.9182732,0,carla_bridge,0,0,0,GEAR_DRIVE,COMPLETE_AUTO_DRIVE,TURN_NONE,0,0,0,0,0
/apollo_workspace/records/202607092002_MkzExample_CarlaTown01.00000.20260709200220.record,1783598571020686780,1783598571.0206869,/apollo/canbus/chassis,apollo.canbus.Chassis,1783598571.018359,0,carla_bridge,0,0,0,GEAR_DRIVE,COMPLETE_AUTO_DRIVE,TURN_NONE,0,0,0,0,0
/apollo_workspace/records/202607092002_MkzExample_CarlaTown01.00000.20260709200220.record,1783598571120596429,1783598571.1205964,/apollo/canbus/chassis,apollo.canbus.Chassis,1783598571.118434,0,carla_bridge,0,0,0,GEAR_DRIVE,COMPLETE_AUTO_DRIVE,TURN_NONE,0,0,0,0,0
/apollo_workspace/records/202607092002_MkzExample_CarlaTown01.00000.20260709200220.record,1783598571220940549,1783598571.2209406,/apollo/canbus/chassis,apollo.canbus.Chassis,1783598571.2188723,0,carla_bridge,0,0,0,GEAR_DRIVE,COMPLETE_AUTO_DRIVE,TURN_NONE,0,0,0,0,0
/apollo_workspace/records/202607092002_MkzExample_CarlaTown01.00000.20260709200220.record,1783598571321060378,1783598571.3210604,/apollo/canbus/chassis,apollo.canbus.Chassis,1783598571.318305,0,carla_bridge,0,0,0,GEAR_DRIVE,COMPLETE_AUTO_DRIVE,TURN_NONE,0,0,0,0,0
/apollo_workspace/records/202607092002_MkzExample_CarlaTown01.00000.20260709200220.record,1783598571421187727,1783598571.4211879,/apollo/canbus/chassis,apollo.canbus.Chassis,1783598571.4183502,0,carla_bridge,0,0,0,GEAR_DRIVE,COMPLETE_AUTO_DRIVE,TURN_NONE,0,0,0,0,0
/apollo_workspace/records/202607092002_MkzExample_CarlaTown01.00000.20260709200220.record,1783598571520949661,1783598571.5209498,/apollo/canbus/chassis,apollo.canbus.Chassis,1783598571.5183153,0,carla_bridge,0,0,0,GEAR_DRIVE,COMPLETE_AUTO_DRIVE,TURN_NONE,0,0,0,0,0
/apollo_workspace/records/202607092002_MkzExample_CarlaTown01.00000.20260709200220.record,1783598571621293558,1783598571.6212935,/apollo/canbus/chassis,apollo.canbus.Chassis,1783598571.618441,0,carla_bridge,0,0,0,GEAR_DRIVE,COMPLETE_AUTO_DRIVE,TURN_NONE,0,0,0,0,0
/apollo_workspace/records/202607092002_MkzExample_CarlaTown01.00000.20260709200220.record,1783598571720593085,1783598571.7205932,/apollo/canbus/chassis,apollo.canbus.Chassis,1783598571.718387,0,carla_bridge,0,0,0,GEAR_DRIVE,COMPLETE_AUTO_DRIVE,TURN_NONE,0,0,0,0,0
/apollo_workspace/records/202607092002_MkzExample_CarlaTown01.00000.20260709200220.record,1783598571821137432,1783598571.8211374,/apollo/canbus/chassis,apollo.canbus.Chassis,1783598571.8182914,0,carla_bridge,0,0,0,GEAR_DRIVE,COMPLETE_AUTO_DRIVE,TURN_NONE,0,0,0,0,0
/apollo_workspace/records/202607092002_MkzExample_CarlaTown01.00000.20260709200220.record,1783598571920497408,1783598571.9204974,/apollo/canbus/chassis,apollo.canbus.Chassis,1783598571.9182906,0,carla_bridge,0,0,0,GEAR_DRIVE,COMPLETE_AUTO_DRIVE,TURN_NONE,0,0,0,0,0
/apollo_workspace/records/202607092002_MkzExample_CarlaTown01.00000.20260709200220.record,1783598572020495443,1783598572.0204954,/apollo/canbus/chassis,apollo.canbus.Chassis,1783598572.0182788,0,carla_bridge,0,0,0,GEAR_DRIVE,COMPLETE_AUTO_DRIVE,TURN_NONE,0,0,0,0,0
/apollo_workspace/records/202607092002_MkzExample_CarlaTown01.00000.20260709200220.record,1783598572121354836,1783598572.1213548,/apollo/canbus/chassis,apollo.canbus.Chassis,1783598572.118395,0,carla_bridge,0,0,0,GEAR_DRIVE,COMPLETE_AUTO_DRIVE,TURN_NONE,0,0,0,0,0
/apollo_workspace/records/202607092002_MkzExample_CarlaTown01.00000.20260709200220.record,1783598572221095330,1783598572.2210953,/apollo/canbus/chassis,apollo.canbus.Chassis,1783598572.2183564,0,carla_bridge,0,0,0,GEAR_DRIVE,COMPLETE_AUTO_DRIVE,TURN_NONE,0,0,0,0,0
/apollo_workspace/records/202607092002_MkzExample_CarlaTown01.00000.20260709200220.record,1783598572321163894,1783598572.321164,/apollo/canbus/chassis,apollo.canbus.Chassis,1783598572.3184834,0,carla_bridge,0,0,0,GEAR_DRIVE,COMPLETE_AUTO_DRIVE,TURN_NONE,0,0,0,0,0
/apollo_workspace/records/202607092002_MkzExample_CarlaTown01.00000.20260709200220.record,1783598572421419661,1783598572.4214199,/apollo/canbus/chassis,apollo.canbus.Chassis,1783598572.4184825,0,carla_bridge,0,0,0,GEAR_DRIVE,COMPLETE_AUTO_DRIVE,TURN_NONE,0,0,0,0,0
/apollo_workspace/records/202607092002_MkzExample_CarlaTown01.00000.20260709200220.record,1783598572520719220,1783598572.520719,/apollo/canbus/chassis,apollo.canbus.Chassis,1783598572.518485,0,carla_bridge,0,0,0,GEAR_DRIVE,COMPLETE_AUTO_DRIVE,TURN_NONE,0,0,0,0,0
/apollo_workspace/records/202607092002_MkzExample_CarlaTown01.00000.20260709200220.record,1783598572621502739,1783598572.6215026,/apollo/canbus/chassis,apollo.canbus.Chassis,1783598572.6190367,0,carla_bridge,0,0,0,GEAR_DRIVE,COMPLETE_AUTO_DRIVE,TURN_NONE,0,0,0,0,0
/apollo_workspace/records/202607092002_MkzExample_CarlaTown01.00000.20260709200220.record,1783598572720556790,1783598572.7205567,/apollo/canbus/chassis,apollo.canbus.Chassis,1783598572.7183785,0,carla_bridge,0,0,0,GEAR_DRIVE,COMPLETE_AUTO_DRIVE,TURN_NONE,0,0,0,0,0
/apollo_workspace/records/202607092002_MkzExample_CarlaTown01.00000.20260709200220.record,1783598572822750349,1783598572.8227506,/apollo/canbus/chassis,apollo.canbus.Chassis,1783598572.8185203,0,carla_bridge,0,0,0,GEAR_DRIVE,COMPLETE_AUTO_DRIVE,TURN_NONE,0,0,0,0,0
/apollo_workspace/records/202607092002_MkzExample_CarlaTown01.00000.20260709200220.record,1783598572920681821,1783598572.9206817,/apollo/canbus/chassis,apollo.canbus.Chassis,1783598572.918423,0,carla_bridge,0,0,0,GEAR_DRIVE,COMPLETE_AUTO_DRIVE,TURN_NONE,0,0,0,0,0
/apollo_workspace/records/202607092002_MkzExample_CarlaTown01.00000.20260709200220.record,1783598573021422940,1783598573.0214229,/apollo/canbus/chassis,apollo.canbus.Chassis,1783598573.018562,0,carla_bridge,0,0,0,GEAR_DRIVE,COMPLETE_AUTO_DRIVE,TURN_NONE,0,0,0,0,0
/apollo_workspace/records/202607092002_MkzExample_CarlaTown01.00000.20260709200220.record,1783598573121806197,1783598573.1218061,/apollo/canbus/chassis,apollo.canbus.Chassis,1783598573.1195738,0,carla_bridge,0,0,0,GEAR_DRIVE,COMPLETE_AUTO_DRIVE,TURN_NONE,0,0,0,0,0
/apollo_workspace/records/202607092002_MkzExample_CarlaTown01.00000.20260709200220.record,1783598573220852312,1783598573.2208521,/apollo/canbus/chassis,apollo.canbus.Chassis,1783598573.2186632,0,carla_bridge,0,0,0,GEAR_DRIVE,COMPLETE_AUTO_DRIVE,TURN_NONE,0,0,0,0,0
