run_id,schema_version,event_id,trace_id,proc_id,module,edge,mono_ns,trace_valid,channel,input_seq,output_seq,data_ts_ns,object_count,primary_parent_trace_id,parent_trace_count,pid,tid
202607181958,e2e_trace_v3,9,72132356533650136,0,perception.lidar_detection,out,5536350301344,1,/perception/lidar/detection,0,0,1784375890736172324,0,0,0,214015,214203
202607181958,e2e_trace_v3,11,72132356533650137,0,perception.lidar_detection,in,5536350633408,1,/perception/lidar/pointcloud_ground_detection,0,0,1784375890852146236,0,0,0,214015,214203
202607181958,e2e_trace_v3,25,72132356533650137,0,perception.lidar_detection,out,5536437372448,1,/perception/lidar/detection,0,0,1784375890852146236,0,0,0,214015,214203
202607181958,e2e_trace_v3,27,72132356533650138,0,perception.lidar_detection,in,5536437441248,1,/perception/lidar/pointcloud_ground_detection,0,0,1784375890966761461,0,0,0,214015,214203
202607181958,e2e_trace_v3,34,72132356533650138,0,perception.lidar_detection,out,5536521180448,1,/perception/lidar/detection,0,0,1784375890966761461,0,0,0,214015,214203
202607181958,e2e_trace_v3,35,72132356533650139,0,perception.lidar_detection,in,5536521250112,1,/perception/lidar/pointcloud_ground_detection,0,0,1784375891078752975,0,0,0,214015,214203
202607181958,e2e_trace_v3,51,72132356533650139,0,perception.lidar_detection,out,5536603942528,1,/perception/lidar/detection,0,0,1784375891078752975,0,0,0,214015,214203
202607181958,e2e_trace_v3,53,72132356533650140,0,perception.lidar_detection,in,5536604022848,1,/perception/lidar/pointcloud_ground_detection,0,0,1784375891192676521,0,0,0,214015,214203
202607181958,e2e_trace_v3,68,72132356533650140,0,perception.lidar_detection,out,5536689338016,1,/perception/lidar/detection,0,0,1784375891192676521,0,0,0,214015,214203
202607181958,e2e_trace_v3,70,72132356533650141,0,perception.lidar_detection,in,5536689406784,1,/perception/lidar/pointcloud_ground_detection,0,0,1784375891300803293,0,0,0,214015,214203
202607181958,e2e_trace_v3,84,72132356533650141,0,perception.lidar_detection,out,5536773413280,1,/perception/lidar/detection,0,0,1784375891300803293,0,0,0,214015,214203
202607181958,e2e_trace_v3,86,72132356533650142,0,perception.lidar_detection,in,5536773476608,1,/perception/lidar/pointcloud_ground_detection,0,0,1784375891408734172,0,0,0,214015,214203
202607181958,e2e_trace_v3,93,72132356533650142,0,perception.lidar_detection,out,5536858887008,1,/perception/lidar/detection,0,0,1784375891408734172,0,0,0,214015,214203
202607181958,e2e_trace_v3,95,72132356533650143,0,perception.lidar_detection,in,5536858965440,1,/perception/lidar/pointcloud_ground_detection,0,0,1784375891535604957,0,0,0,214015,214203
202607181958,e2e_trace_v3,110,72132356533650143,0,perception.lidar_detection,out,5536941722176,1,/perception/lidar/detection,0,0,1784375891535604957,0,0,0,214015,214203
202607181958,e2e_trace_v3,112,72132356533650144,0,perception.lidar_detection,in,5536941856576,1,/perception/lidar/pointcloud_ground_detection,0,0,1784375891645155727,0,0,0,214015,214203
202607181958,e2e_trace_v3,127,72132356533650144,0,perception.lidar_detection,out,5537025162656,1,/perception/lidar/detection,0,0,1784375891645155727,0,0,0,214015,214203
202607181958,e2e_trace_v3,129,72132356533650145,0,perception.lidar_detection,in,5537025229088,1,/perception/lidar/pointcloud_ground_detection,0,0,1784375891755341534,0,0,0,214015,214203
202607181958,e2e_trace_v3,143,72132356533650145,0,perception.lidar_detection,out,5537108762656,1,/perception/lidar/detection,0,0,1784375891755341534,0,0,0,214015,214203
202607181958,e2e_trace_v3,144,72132356533650146,0,perception.lidar_detection,in,5537108832000,1,/perception/lidar/pointcloud_ground_detection,0,0,1784375891864848363,0,0,0,214015,214203
202607181958,e2e_trace_v3,154,72132356533650146,0,perception.lidar_detection,out,5537194380416,1,/perception/lidar/detection,0,0,1784375891864848363,0,0,0,214015,214203
202607181958,e2e_trace_v3,156,72132356533650147,0,perception.lidar_detection,in,5537194441792,1,/perception/lidar/pointcloud_ground_detection,0,0,1784375891998773624,0,0,0,214015,214203
202607181958,e2e_trace_v3,169,72132356533650147,0,perception.lidar_detection,out,5537277383904,1,/perception/lidar/detection,0,0,1784375891998773624,0,0,0,214015,214203
202607181958,e2e_trace_v3,171,72132356533650148,0,perception.lidar_detection,in,5537277458208,1,/perception/lidar/pointcloud_ground_detection,0,0,1784375892108840045,0,0,0,214015,214203
202607181958,e2e_trace_v3,186,72132356533650148,0,perception.lidar_detection,out,5537361738880,1,/perception/lidar/detection,0,0,1784375892108840045,0,0,0,214015,214203
202607181958,e2e_trace_v3,187,72132356533650149,0,perception.lidar_detection,in,5537361808256,1,/perception/lidar/pointcloud_ground_detection,0,0,1784375892218420774,0,0,0,214015,214203
202607181958,e2e_trace_v3,203,72132356533650149,0,perception.lidar_detection,out,5537445690624,1,/perception/lidar/detection,0,0,1784375892218420774,0,0,0,214015,214203
202607181958,e2e_trace_v3,205,72132356533650150,0,perception.lidar_detection,in,5537445757536,1,/perception/lidar/pointcloud_ground_detection,0,0,1784375892334416458,0,0,0,214015,214203
202607181958,e2e_trace_v3,219,72132356533650150,0,perception.lidar_detection,out,5537530320672,1,/perception/lidar/detection,0,0,1784375892334416458,0,0,0,214015,214203
202607181958,e2e_trace_v3,221,72132356533650151,0,perception.lidar_detection,in,5537530394112,1,/perception/lidar/pointcloud_ground_detection,0,0,1784375892441788981,0,0,0,214015,214203
202607181958,e2e_trace_v3,228,72132356533650151,0,perception.lidar_detection,out,5537616606304,1,/perception/lidar/detection,0,0,1784375892441788981,0,0,0,214015,214203
202607181958,e2e_trace_v3,229,72132356533650152,0,perception.lidar_detection,in,5537616685664,1,/perception/lidar/pointcloud_ground_detection,0,0,1784375892549787445,0,0,0,214015,214202
202607181958,e2e_trace_v3,245,72132356533650152,0,perception.lidar_detection,out,5537713498880,1,/perception/lidar/detection,0,0,1784375892549787445,0,0,0,214015,214202
202607181958,e2e_trace_v3,247,72132356533650153,0,perception.lidar_detection,in,5537713584896,1,/perception/lidar/pointcloud_ground_detection,0,0,1784375892659897672,0,0,0,214015,214202
202607181958,e2e_trace_v3,262,72132356533650153,0,perception.lidar_detection,out,5537800668064,1,/perception/lidar/detection,0,0,1784375892659897672,0,0,0,214015,214202
202607181958,e2e_trace_v3,264,72132356533650154,0,perception.lidar_detection,in,5537800745728,1,/perception/lidar/pointcloud_ground_detection,0,0,1784375892770751746,0,0,0,214015,214202
202607181958,e2e_trace_v3,276,72132356533650154,0,perception.lidar_detection,out,5537886278080,1,/perception/lidar/detection,0,0,1784375892770751746,0,0,0,214015,214202
202607181958,e2e_trace_v3,278,72132356533650155,0,perception.lidar_detection,in,5537886357856,1,/perception/lidar/pointcloud_ground_detection,0,0,1784375892876451992,0,0,0,214015,214202
202607181958,e2e_trace_v3,285,72132356533650155,0,perception.lidar_detection,out,5537969024608,1,/perception/lidar/detection,0,0,1784375892876451992,0,0,0,214015,214202
202607181958,e2e_trace_v3,286,72132356533650156,0,perception.lidar_detection,in,5537969095328,1,/perception/lidar/pointcloud_ground_detection,0,0,1784375892983195719,0,0,0,214015,214202
202607181958,e2e_trace_v3,301,72132356533650156,0,perception.lidar_detection,out,5538053090336,1,/perception/lidar/detection,0,0,1784375892983195719,0,0,0,214015,214202
202607181958,e2e_trace_v3,303,72132356533650157,0,perception.lidar_detection,in,5538053164160,1,/perception/lidar/pointcloud_ground_detection,0,0,1784375893091875792,0,0,0,214015,214202
202607181958,e2e_trace_v3,315,72132356533650157,0,perception.lidar_detection,out,5538142152704,1,/perception/lidar/detection,0,0,1784375893091875792,0,0,0,214015,214202
202607181958,e2e_trace_v3,317,72132356533650158,0,perception.lidar_detection,in,5538142233920,1,/perception/lidar/pointcloud_ground_detection,0,0,1784375893204759433,0,0,0,214015,214202
202607181958,e2e_trace_v3,332,72132356533650158,0,perception.lidar_detection,out,5538225988192,1,/perception/lidar/detection,0,0,1784375893204759433,0,0,0,214015,214202
202607181958,e2e_trace_v3,334,72132356533650159,0,perception.lidar_detection,in,5538226056704,1,/perception/lidar/pointcloud_ground_detection,0,0,1784375893314324582,0,0,0,214015,214202
202607181958,e2e_trace_v3,342,72132356533650159,0,perception.lidar_detection,out,5538310706368,1,/perception/lidar/detection,0,0,1784375893314324582,0,0,0,214015,214202
202607181958,e2e_trace_v3,344,72132356533650160,0,perception.lidar_detection,in,5538310841024,1,/perception/lidar/pointcloud_ground_detection,0,0,1784375893428256445,0,0,0,214015,214202
202607181958,e2e_trace_v3,357,72132356533650160,0,perception.lidar_detection,out,5538393544224,1,/perception/lidar/detection,0,0,1784375893428256445,0,0,0,214015,214202
202607181958,e2e_trace_v3,359,72132356533650161,0,perception.lidar_detection,in,5538393614208,1,/perception/lidar/pointcloud_ground_detection,0,0,1784375893539007985,0,0,0,214015,214202
202607181958,e2e_trace_v3,374,72132356533650161,0,perception.lidar_detection,out,5538480356704,1,/perception/lidar/detection,0,0,1784375893539007985,0,0,0,214015,214202
202607181958,e2e_trace_v3,376,72132356533650162,0,perception.lidar_detection,in,5538480442368,1,/perception/lidar/pointcloud_ground_detection,0,0,1784375893653609249,0,0,0,214015,214202
202607181958,e2e_trace_v3,390,72132356533650162,0,perception.lidar_detection,out,5538566247008,1,/perception/lidar/detection,0,0,1784375893653609249,0,0,0,214015,214202
202607181958,e2e_trace_v3,392,72132356533650163,0,perception.lidar_detection,in,5538566322144,1,/perception/lidar/pointcloud_ground_detection,0,0,1784375893767985244,0,0,0,214015,214214
202607181958,e2e_trace_v3,405,72132356533650163,0,perception.lidar_detection,out,5538665110048,1,/perception/lidar/detection,0,0,1784375893767985244,0,0,0,214015,214214
202607181958,e2e_trace_v3,406,72132356533650164,0,perception.lidar_detection,in,5538665187680,1,/perception/lidar/pointcloud_ground_detection,0,0,1784375893886763218,0,0,0,214015,214214
202607181958,e2e_trace_v3,417,72132356533650164,0,perception.lidar_detection,out,5538752220224,1,/perception/lidar/detection,0,0,1784375893886763218,0,0,0,214015,214214
202607181958,e2e_trace_v3,418,72132356533650165,0,perception.lidar_detection,in,5538752461408,1,/perception/lidar/pointcloud_ground_detection,0,0,1784375893996639120,0,0,0,214015,214214
202607181958,e2e_trace_v3,433,72132356533650165,0,perception.lidar_detection,out,5538839186304,1,/perception/lidar/detection,0,0,1784375893996639120,0,0,0,214015,214214
202607181958,e2e_trace_v3,435,72132356533650166,0,perception.lidar_detection,in,5538839264896,1,/perception/lidar/pointcloud_ground_detection,0,0,1784375894107807193,0,0,0,214015,214214
202607181958,e2e_trace_v3,450,72132356533650166,0,perception.lidar_detection,out,5538924413152,1,/perception/lidar/detection,0,0,1784375894107807193,0,0,0,214015,214214
202607181958,e2e_trace_v3,452,72132356533650167,0,perception.lidar_detection,in,5538924482976,1,/perception/lidar/pointcloud_ground_detection,0,0,1784375894231904019,0,0,0,214015,214214
202607181958,e2e_trace_v3,467,72132356533650167,0,perception.lidar_detection,out,5539009536864,1,/perception/lidar/detection,0,0,1784375894231904019,0,0,0,214015,214214
202607181958,e2e_trace_v3,468,72132356533650168,0,perception.lidar_detection,in,5539009597472,1,/perception/lidar/pointcloud_ground_detection,0,0,1784375894341464230,0,0,0,214015,214214
202607181958,e2e_trace_v3,475,72132356533650168,0,perception.lidar_detection,out,5539095171104,1,/perception/lidar/detection,0,0,1784375894341464230,0,0,0,214015,214214
202607181958,e2e_trace_v3,479,72132356533650169,0,perception.lidar_detection,in,5539096124320,1,/perception/lidar/pointcloud_ground_detection,0,0,1784375894453737806,0,0,0,214015,214214
202607181958,e2e_trace_v3,492,72132356533650169,0,perception.lidar_detection,out,5539184539488,1,/perception/lidar/detection,0,0,1784375894453737806,0,0,0,214015,214214
202607181958,e2e_trace_v3,494,72132356533650170,0,perception.lidar_detection,in,5539184614624,1,/perception/lidar/pointcloud_ground_detection,0,0,1784375894566606889,0,0,0,214015,214214
202607181958,e2e_trace_v3,509,72132356533650170,0,perception.lidar_detection,out,5539270091616,1,/perception/lidar/detection,0,0,1784375894566606889,0,0,0,214015,214214
202607181958,e2e_trace_v3,511,72132356533650171,0,perception.lidar_detection,in,5539270165792,1,/perception/lidar/pointcloud_ground_detection,0,0,1784375894676639540,0,0,0,214015,214214
202607181958,e2e_trace_v3,526,72132356533650171,0,perception.lidar_detection,out,5539354024768,1,/perception/lidar/detection,0,0,1784375894676639540,0,0,0,214015,214214
202607181958,e2e_trace_v3,528,72132356533650172,0,perception.lidar_detection,in,5539354164960,1,/perception/lidar/pointcloud_ground_detection,0,0,1784375894783839479,0,0,0,214015,214214
202607181958,e2e_trace_v3,540,72132356533650172,0,perception.lidar_detection,out,5539439052576,1,/perception/lidar/detection,0,0,1784375894783839479,0,0,0,214015,214214
202607181958,e2e_trace_v3,550,72132356533650173,0,perception.lidar_detection,in,5539458948256,1,/perception/lidar/pointcloud_ground_detection,0,0,1784375894894892059,0,0,0,214015,214222
202607181958,e2e_trace_v3,559,72132356533650173,0,perception.lidar_detection,out,5539551830016,1,/perception/lidar/detection,0,0,1784375894894892059,0,0,0,214015,214222
202607181958,e2e_trace_v3,567,72132356533650174,0,perception.lidar_detection,in,5539562011520,1,/perception/lidar/pointcloud_ground_detection,0,0,1784375895006054286,0,0,0,214015,214190
202607181958,e2e_trace_v3,573,72132356533650174,0,perception.lidar_detection,out,5539658373056,1,/perception/lidar/detection,0,0,1784375895006054286,0,0,0,214015,214190
202607181958,e2e_trace_v3,582,72132356533650175,0,perception.lidar_detection,in,5539674641536,1,/perception/lidar/pointcloud_ground_detection,0,0,1784375895113629096,0,0,0,214015,214193
202607181958,e2e_trace_v3,591,72132356533650175,0,perception.lidar_detection,out,5539777106912,1,/perception/lidar/detection,0,0,1784375895113629096,0,0,0,214015,214193
202607181958,e2e_trace_v3,601,72132356533650176,0,perception.lidar_detection,in,5539785441664,1,/perception/lidar/pointcloud_ground_detection,0,0,1784375895222307401,0,0,0,214015,214203
202607181958,e2e_trace_v3,610,72132356533650176,0,perception.lidar_detection,out,5539882428480,1,/perception/lidar/detection,0,0,1784375895222307401,0,0,0,214015,214203
202607181958,e2e_trace_v3,618,72132356533650177,0,perception.lidar_detection,in,5539899690976,1,/perception/lidar/pointcloud_ground_detection,0,0,1784375895329510801,0,0,0,214015,214221
202607181958,e2e_trace_v3,627,72132356533650177,0,perception.lidar_detection,out,5540000127040,1,/perception/lidar/detection,0,0,1784375895329510801,0,0,0,214015,214221
202607181958,e2e_trace_v3,635,72132356533650178,0,perception.lidar_detection,in,5540003994368,1,/perception/lidar/pointcloud_ground_detection,0,0,1784375895440483331,0,0,0,214015,214217
202607181958,e2e_trace_v3,642,72132356533650178,0,perception.lidar_detection,out,5540093878176,1,/perception/lidar/detection,0,0,1784375895440483331,0,0,0,214015,214217
202607181958,e2e_trace_v3,652,72132356533650179,0,perception.lidar_detection,in,5540113933504,1,/perception/lidar/pointcloud_ground_detection,0,0,1784375895552179386,0,0,0,214015,214221
202607181958,e2e_trace_v3,653,72132356533650179,0,perception.lidar_detection,out,5540199719904,1,/perception/lidar/detection,0,0,1784375895552179386,0,0,0,214015,214221
202607181958,e2e_trace_v3,669,72132356533650180,0,perception.lidar_detection,in,5540240662656,1,/perception/lidar/pointcloud_ground_detection,0,0,1784375895661518309,0,0,0,214015,214216
202607181958,e2e_trace_v3,670,72132356533650180,0,perception.lidar_detection,out,5540334650432,1,/perception/lidar/detection,0,0,1784375895661518309,0,0,0,214015,214216
202607181958,e2e_trace_v3,686,72132356533650181,0,perception.lidar_detection,in,5540368136928,1,/perception/lidar/pointcloud_ground_detection,0,0,1784375895799436530,0,0,0,214015,214216
202607181958,e2e_trace_v3,691,72132356533650181,0,perception.lidar_detection,out,5540458958464,1,/perception/lidar/detection,0,0,1784375895799436530,0,0,0,214015,214216
202607181958,e2e_trace_v3,703,72132356533650182,0,perception.lidar_detection,in,5540475033952,1,/perception/lidar/pointcloud_ground_detection,0,0,1784375895911204098,0,0,0,214015,214222
202607181958,e2e_trace_v3,708,72132356533650182,0,perception.lidar_detection,out,5540564809184,1,/perception/lidar/detection,0,0,1784375895911204098,0,0,0,214015,214222
202607181958,e2e_trace_v3,717,72132356533650183,0,perception.lidar_detection,in,5540582158400,1,/perception/lidar/pointcloud_ground_detection,0,0,1784375896024850765,0,0,0,214015,214220
202607181958,e2e_trace_v3,719,72132356533650183,0,perception.lidar_detection,out,5540674923008,1,/perception/lidar/detection,0,0,1784375896024850765,0,0,0,214015,214220
202607181958,e2e_trace_v3,731,72132356533650184,0,perception.lidar_detection,in,5540706314304,1,/perception/lidar/pointcloud_ground_detection,0,0,1784375896138145629,0,0,0,214015,214217
202607181958,e2e_trace_v3,741,72132356533650184,0,perception.lidar_detection,out,5540795758752,1,/perception/lidar/detection,0,0,1784375896138145629,0,0,0,214015,214217
202607181958,e2e_trace_v3,750,72132356533650185,0,perception.lidar_detection,in,5540819897472,1,/perception/lidar/pointcloud_ground_detection,0,0,1784375896253002081,0,0,0,214015,214191
202607181958,e2e_trace_v3,760,72132356533650185,0,perception.lidar_detection,out,5540911357792,1,/perception/lidar/detection,0,0,1784375896253002081,0,0,0,214015,214191
202607181958,e2e_trace_v3,767,72132356533650186,0,perception.lidar_detection,in,5540914786560,1,/perception/lidar/pointcloud_ground_detection,0,0,1784375896361811490,0,0,0,214015,214217
202607181958,e2e_trace_v3,769,72132356533650186,0,perception.lidar_detection,out,5540998572896,1,/perception/lidar/detection,0,0,1784375896361811490,0,0,0,214015,214217
202607181958,e2e_trace_v3,785,72132356533650187,0,perception.lidar_detection,in,5541050958880,1,/perception/lidar/pointcloud_ground_detection,0,0,1784375896471466612,0,0,0,214015,214219
202607181958,e2e_trace_v3,786,72132356533650187,0,perception.lidar_detection,out,5541137150592,1,/perception/lidar/detection,0,0,1784375896471466612,0,0,0,214015,214219
202607181958,e2e_trace_v3,799,72132356533650188,0,perception.lidar_detection,in,5541171776672,1,/perception/lidar/pointcloud_ground_detection,0,0,1784375896612509454,0,0,0,214015,214219
202607181958,e2e_trace_v3,801,72132356533650188,0,perception.lidar_detection,out,5541257284576,1,/perception/lidar/detection,0,0,1784375896612509454,0,0,0,214015,214219
202607181958,e2e_trace_v3,814,72132356533650189,0,perception.lidar_detection,in,5541275758496,1,/perception/lidar/pointcloud_ground_detection,0,0,1784375896723966364,0,0,0,214015,214193
202607181958,e2e_trace_v3,819,72132356533650189,0,perception.lidar_detection,out,5541373683392,1,/perception/lidar/detection,0,0,1784375896723966364,0,0,0,214015,214193
202607181958,e2e_trace_v3,833,72132356533650190,0,perception.lidar_detection,in,5541399267680,1,/perception/lidar/pointcloud_ground_detection,0,0,1784375896833593957,0,0,0,214015,214218
202607181958,e2e_trace_v3,842,72132356533650190,0,perception.lidar_detection,out,5541495182624,1,/perception/lidar/detection,0,0,1784375896833593957,0,0,0,214015,214218
202607181958,e2e_trace_v3,847,72132356533650191,0,perception.lidar_detection,in,5541495997280,1,/perception/lidar/pointcloud_ground_detection,0,0,1784375896941301801,0,0,0,214015,214215
202607181958,e2e_trace_v3,854,72132356533650191,0,perception.lidar_detection,out,5541594050080,1,/perception/lidar/detection,0,0,1784375896941301801,0,0,0,214015,214215
202607181958,e2e_trace_v3,864,72132356533650192,0,perception.lidar_detection,in,5541605960512,1,/perception/lidar/pointcloud_ground_detection,0,0,1784375897052462447,0,0,0,214015,214190
202607181958,e2e_trace_v3,871,72132356533650192,0,perception.lidar_detection,out,5541703149792,1,/perception/lidar/detection,0,0,1784375897052462447,0,0,0,214015,214190
202607181958,e2e_trace_v3,883,72132356533650193,0,perception.lidar_detection,in,5541720716512,1,/perception/lidar/pointcloud_ground_detection,0,0,1784375897162579364,0,0,0,214015,214222
202607181958,e2e_trace_v3,885,72132356533650193,0,perception.lidar_detection,out,5541808081632,1,/perception/lidar/detection,0,0,1784375897162579364,0,0,0,214015,214222
202607181958,e2e_trace_v3,901,72132356533650194,0,perception.lidar_detection,in,5541847969056,1,/perception/lidar/pointcloud_ground_detection,0,0,1784375897274616758,0,0,0,214015,214219
202607181958,e2e_trace_v3,906,72132356533650194,0,perception.lidar_detection,out,5541939029952,1,/perception/lidar/detection,0,0,1784375897274616758,0,0,0,214015,214219
202607181958,e2e_trace_v3,918,72132356533650195,0,perception.lidar_detection,in,5541957733024,1,/perception/lidar/pointcloud_ground_detection,0,0,1784375897398964993,0,0,0,214015,214192
202607181958,e2e_trace_v3,919,72132356533650195,0,perception.lidar_detection,out,5542046247552,1,/perception/lidar/detection,0,0,1784375897398964993,0,0,0,214015,214192
202607181958,e2e_trace_v3,932,72132356533650196,0,perception.lidar_detection,in,5542075363360,1,/perception/lidar/pointcloud_ground_detection,0,0,1784375897510090460,0,0,0,214015,214192
202607181958,e2e_trace_v3,933,72132356533650196,0,perception.lidar_detection,out,5542162942304,1,/perception/lidar/detection,0,0,1784375897510090460,0,0,0,214015,214192
202607181958,e2e_trace_v3,949,72132356533650197,0,perception.lidar_detection,in,5542211511040,1,/perception/lidar/pointcloud_ground_detection,0,0,1784375897636033740,0,0,0,214015,214215
202607181958,e2e_trace_v3,956,72132356533650197,0,perception.lidar_detection,out,5542301768960,1,/perception/lidar/detection,0,0,1784375897636033740,0,0,0,214015,214215
202607181958,e2e_trace_v3,966,72132356533650198,0,perception.lidar_detection,in,5542322698592,1,/perception/lidar/pointcloud_ground_detection,0,0,1784375897760154882,0,0,0,214015,214191
202607181958,e2e_trace_v3,969,72132356533650198,0,perception.lidar_detection,out,5542407521344,1,/perception/lidar/detection,0,0,1784375897760154882,0,0,0,214015,214191
202607181958,e2e_trace_v3,983,72132356533650199,0,perception.lidar_detection,in,5542440176064,1,/perception/lidar/pointcloud_ground_detection,0,0,1784375897869568218,0,0,0,214015,214192
202607181958,e2e_trace_v3,989,72132356533650199,0,perception.lidar_detection,out,5542533718752,1,/perception/lidar/detection,0,0,1784375897869568218,0,0,0,214015,214192
202607181958,e2e_trace_v3,996,72132356533650200,0,perception.lidar_detection,in,5542548179584,1,/perception/lidar/pointcloud_ground_detection,0,0,1784375897980656735,0,0,0,214015,214191
202607181958,e2e_trace_v3,999,72132356533650200,0,perception.lidar_detection,out,5542635397888,1,/perception/lidar/detection,0,0,1784375897980656735,0,0,0,214015,214191
202607181958,e2e_trace_v3,1014,72132356533650201,0,perception.lidar_detection,in,5542669226624,1,/perception/lidar/pointcloud_ground_detection,0,0,1784375898092917738,0,0,0,214015,214219
202607181958,e2e_trace_v3,1021,72132356533650201,0,perception.lidar_detection,out,5542766886400,1,/perception/lidar/detection,0,0,1784375898092917738,0,0,0,214015,214219
202607181958,e2e_trace_v3,1031,72132356533650202,0,perception.lidar_detection,in,5542788549920,1,/perception/lidar/pointcloud_ground_detection,0,0,1784375898211350479,0,0,0,214015,214216
202607181958,e2e_trace_v3,1041,72132356533650202,0,perception.lidar_detection,out,5542886173760,1,/perception/lidar/detection,0,0,1784375898211350479,0,0,0,214015,214216
202607181958,e2e_trace_v3,1043,72132356533650203,0,perception.lidar_detection,in,5542886232192,1,/perception/lidar/pointcloud_ground_detection,0,0,1784375898323367299,0,0,0,214015,214216
202607181958,e2e_trace_v3,1051,72132356533650203,0,perception.lidar_detection,out,5542974339968,1,/perception/lidar/detection,0,0,1784375898323367299,0,0,0,214015,214216
202607181958,e2e_trace_v3,1065,72132356533650204,0,perception.lidar_detection,in,5543009940608,1,/perception/lidar/pointcloud_ground_detection,0,0,1784375898439183107,0,0,0,214015,214203
202607181958,e2e_trace_v3,1066,72132356533650204,0,perception.lidar_detection,out,5543098543744,1,/perception/lidar/detection,0,0,1784375898439183107,0,0,0,214015,214203
202607181958,e2e_trace_v3,1082,72132356533650205,0,perception.lidar_detection,in,5543122256096,1,/perception/lidar/pointcloud_ground_detection,0,0,1784375898568471924,0,0,0,214015,214202
202607181958,e2e_trace_v3,1087,72132356533650205,0,perception.lidar_detection,out,5543216527776,1,/perception/lidar/detection,0,0,1784375898568471924,0,0,0,214015,214202
202607181958,e2e_trace_v3,1099,72132356533650206,0,perception.lidar_detection,in,5543230239744,1,/perception/lidar/pointcloud_ground_detection,0,0,1784375898681075679,0,0,0,214015,214219
202607181958,e2e_trace_v3,1104,72132356533650206,0,perception.lidar_detection,out,5543323476928,1,/perception/lidar/detection,0,0,1784375898681075679,0,0,0,214015,214219
202607181958,e2e_trace_v3,1116,72132356533650207,0,perception.lidar_detection,in,5543338638496,1,/perception/lidar/pointcloud_ground_detection,0,0,1784375898789911365,0,0,0,214015,214220
202607181958,e2e_trace_v3,1117,72132356533650207,0,perception.lidar_detection,out,5543439982880,1,/perception/lidar/detection,0,0,1784375898789911365,0,0,0,214015,214220
202607181958,e2e_trace_v3,1133,72132356533650208,0,perception.lidar_detection,in,5543465968800,1,/perception/lidar/pointcloud_ground_detection,0,0,1784375898898737093,0,0,0,214015,214214
202607181958,e2e_trace_v3,1138,72132356533650208,0,perception.lidar_detection,out,5543556195488,1,/perception/lidar/detection,0,0,1784375898898737093,0,0,0,214015,214214
202607181958,e2e_trace_v3,1150,72132356533650209,0,perception.lidar_detection,in,5543573295104,1,/perception/lidar/pointcloud_ground_detection,0,0,1784375899015017192,0,0,0,214015,214190
202607181958,e2e_trace_v3,1158,72132356533650209,0,perception.lidar_detection,out,5543664912480,1,/perception/lidar/detection,0,0,1784375899015017192,0,0,0,214015,214190
202607181958,e2e_trace_v3,1167,72132356533650210,0,perception.lidar_detection,in,5543673166656,1,/perception/lidar/pointcloud_ground_detection,0,0,1784375899124834622,0,0,0,214015,214193
202607181958,e2e_trace_v3,1168,72132356533650210,0,perception.lidar_detection,out,5543759694336,1,/perception/lidar/detection,0,0,1784375899124834622,0,0,0,214015,214193
202607181958,e2e_trace_v3,1183,72132356533650211,0,perception.lidar_detection,in,5543836733568,1,/perception/lidar/pointcloud_ground_detection,0,0,1784375899235477913,0,0,0,214015,214221
202607181958,e2e_trace_v3,1187,72132356533650211,0,perception.lidar_detection,out,5543927726592,1,/perception/lidar/detection,0,0,1784375899235477913,0,0,0,214015,214221
202607181958,e2e_trace_v3,1201,72132356533650212,0,perception.lidar_detection,in,5543965379008,1,/perception/lidar/pointcloud_ground_detection,0,0,1784375899388263464,0,0,0,214015,214221
202607181958,e2e_trace_v3,1202,72132356533650212,0,perception.lidar_detection,out,5544062116224,1,/perception/lidar/detection,0,0,1784375899388263464,0,0,0,214015,214221
202607181958,e2e_trace_v3,1218,72132356533650213,0,perception.lidar_detection,in,5544083606720,1,/perception/lidar/pointcloud_ground_detection,0,0,1784375899501312855,0,0,0,214015,214218
202607181958,e2e_trace_v3,1219,72132356533650213,0,perception.lidar_detection,out,5544172746144,1,/perception/lidar/detection,0,0,1784375899501312855,0,0,0,214015,214218
202607181958,e2e_trace_v3,1235,72132356533650214,0,perception.lidar_detection,in,5544201667392,1,/perception/lidar/pointcloud_ground_detection,0,0,1784375899645127046,0,0,0,214015,214191
202607181958,e2e_trace_v3,1242,72132356533650214,0,perception.lidar_detection,out,5544299680736,1,/perception/lidar/detection,0,0,1784375899645127046,0,0,0,214015,214191
202607181958,e2e_trace_v3,1252,72132356533650215,0,perception.lidar_detection,in,5544316314752,1,/perception/lidar/pointcloud_ground_detection,0,0,1784375899757013866,0,0,0,214015,214202
202607181958,e2e_trace_v3,1261,72132356533650215,0,perception.lidar_detection,out,5544412061408,1,/perception/lidar/detection,0,0,1784375899757013866,0,0,0,214015,214202
202607181958,e2e_trace_v3,1269,72132356533650216,0,perception.lidar_detection,in,5544424509792,1,/perception/lidar/pointcloud_ground_detection,0,0,1784375899863841731,0,0,0,214015,214190
202607181958,e2e_trace_v3,1278,72132356533650216,0,perception.lidar_detection,out,5544530578880,1,/perception/lidar/detection,0,0,1784375899863841731,0,0,0,214015,214190
202607181958,e2e_trace_v3,1286,72132356533650217,0,perception.lidar_detection,in,5544543868768,1,/perception/lidar/pointcloud_ground_detection,0,0,1784375899971274331,0,0,0,214015,214215
202607181958,e2e_trace_v3,1296,72132356533650217,0,perception.lidar_detection,out,5544657076640,1,/perception/lidar/detection,0,0,1784375899971274331,0,0,0,214015,214215
202607181958,e2e_trace_v3,1298,72132356533650218,0,perception.lidar_detection,in,5544657152576,1,/perception/lidar/pointcloud_ground_detection,0,0,1784375900081138030,0,0,0,214015,214215
202607181958,e2e_trace_v3,1313,72132356533650218,0,perception.lidar_detection,out,5544757173920,1,/perception/lidar/detection,0,0,1784375900081138030,0,0,0,214015,214215
202607181958,e2e_trace_v3,1315,72132356533650219,0,perception.lidar_detection,in,5544757246176,1,/perception/lidar/pointcloud_ground_detection,0,0,1784375900191320114,0,0,0,214015,214215
202607181958,e2e_trace_v3,1329,72132356533650219,0,perception.lidar_detection,out,5544857292640,1,/perception/lidar/detection,0,0,1784375900191320114,0,0,0,214015,214215
202607181958,e2e_trace_v3,1337,72132356533650220,0,perception.lidar_detection,in,5544861191904,1,/perception/lidar/pointcloud_ground_detection,0,0,1784375900304631632,0,0,0,214015,214216
202607181958,e2e_trace_v3,1341,72132356533650220,0,perception.lidar_detection,out,5544958754016,1,/perception/lidar/detection,0,0,1784375900304631632,0,0,0,214015,214216
202607181958,e2e_trace_v3,1351,72132356533650221,0,perception.lidar_detection,in,5544983843296,1,/perception/lidar/pointcloud_ground_detection,0,0,1784375900412325836,0,0,0,214015,214190
202607181958,e2e_trace_v3,1361,72132356533650221,0,perception.lidar_detection,out,5545085481856,1,/perception/lidar/detection,0,0,1784375900412325836,0,0,0,214015,214190
202607181958,e2e_trace_v3,1363,72132356533650222,0,perception.lidar_detection,in,5545085554752,1,/perception/lidar/pointcloud_ground_detection,0,0,1784375900524625700,0,0,0,214015,214190
202607181958,e2e_trace_v3,1377,72132356533650222,0,perception.lidar_detection,out,5545180955520,1,/perception/lidar/detection,0,0,1784375900524625700,0,0,0,214015,214190
202607181958,e2e_trace_v3,1385,72132356533650223,0,perception.lidar_detection,in,5545195868256,1,/perception/lidar/pointcloud_ground_detection,0,0,1784375900634132579,0,0,0,214015,214215
202607181958,e2e_trace_v3,1394,72132356533650223,0,perception.lidar_detection,out,5545289170784,1,/perception/lidar/detection,0,0,1784375900634132579,0,0,0,214015,214215
202607181958,e2e_trace_v3,1401,72132356533650224,0,perception.lidar_detection,in,5545291381536,1,/perception/lidar/pointcloud_ground_detection,0,0,1784375900742547299,0,0,0,214015,214222
202607181958,e2e_trace_v3,1403,72132356533650224,0,perception.lidar_detection,out,5545382660480,1,/perception/lidar/detection,0,0,1784375900742547299,0,0,0,214015,214222
202607181958,e2e_trace_v3,1419,72132356533650225,0,perception.lidar_detection,in,5545415443904,1,/perception/lidar/pointcloud_ground_detection,0,0,1784375900853701056,0,0,0,214015,214190
202607181958,e2e_trace_v3,1424,72132356533650225,0,perception.lidar_detection,out,5545505450912,1,/perception/lidar/detection,0,0,1784375900853701056,0,0,0,214015,214190
202607181958,e2e_trace_v3,1436,72132356533650226,0,perception.lidar_detection,in,5545524558336,1,/perception/lidar/pointcloud_ground_detection,0,0,1784375900964128760,0,0,0,214015,214214
202607181958,e2e_trace_v3,1439,72132356533650226,0,perception.lidar_detection,out,5545612938528,1,/perception/lidar/detection,0,0,1784375900964128760,0,0,0,214015,214214
202607181958,e2e_trace_v3,1453,72132356533650227,0,perception.lidar_detection,in,5545637066304,1,/perception/lidar/pointcloud_ground_detection,0,0,1784375901074505304,0,0,0,214015,214216
202607181958,e2e_trace_v3,1460,72132356533650227,0,perception.lidar_detection,out,5545736105792,1,/perception/lidar/detection,0,0,1784375901074505304,0,0,0,214015,214216
202607181958,e2e_trace_v3,1470,72132356533650228,0,perception.lidar_detection,in,5545752402464,1,/perception/lidar/pointcloud_ground_detection,0,0,1784375901188395431,0,0,0,214015,214190
202607181958,e2e_trace_v3,1475,72132356533650228,0,perception.lidar_detection,out,5545847178784,1,/perception/lidar/detection,0,0,1784375901188395431,0,0,0,214015,214190
202607181958,e2e_trace_v3,1487,72132356533650229,0,perception.lidar_detection,in,5545872229664,1,/perception/lidar/pointcloud_ground_detection,0,0,1784375901301438110,0,0,0,214015,214221
202607181958,e2e_trace_v3,1496,72132356533650229,0,perception.lidar_detection,out,5545968338400,1,/perception/lidar/detection,0,0,1784375901301438110,0,0,0,214015,214221
202607181958,e2e_trace_v3,1504,72132356533650230,0,perception.lidar_detection,in,5545980381536,1,/perception/lidar/pointcloud_ground_detection,0,0,1784375901411288624,0,0,0,214015,214217
202607181958,e2e_trace_v3,1510,72132356533650230,0,perception.lidar_detection,out,5546080278176,1,/perception/lidar/detection,0,0,1784375901411288624,0,0,0,214015,214217
202607181958,e2e_trace_v3,1518,72132356533650231,0,perception.lidar_detection,in,5546091646304,1,/perception/lidar/pointcloud_ground_detection,0,0,1784375901523365323,0,0,0,214015,214193
202607181958,e2e_trace_v3,1520,72132356533650231,0,perception.lidar_detection,out,5546177072064,1,/perception/lidar/detection,0,0,1784375901523365323,0,0,0,214015,214193
202607181958,e2e_trace_v3,1537,72132356533650232,0,perception.lidar_detection,in,5546205596448,1,/perception/lidar/pointcloud_ground_detection,0,0,1784375901631920741,0,0,0,214015,214217
202607181958,e2e_trace_v3,1543,72132356533650232,0,perception.lidar_detection,out,5546296877280,1,/perception/lidar/detection,0,0,1784375901631920741,0,0,0,214015,214217
202607181958,e2e_trace_v3,1555,72132356533650233,0,perception.lidar_detection,in,5546311185184,1,/perception/lidar/pointcloud_ground_detection,0,0,1784375901759200367,0,0,0,214015,214219
202607181958,e2e_trace_v3,1556,72132356533650233,0,perception.lidar_detection,out,5546397870624,1,/perception/lidar/detection,0,0,1784375901759200367,0,0,0,214015,214219
202607181958,e2e_trace_v3,1572,72132356533650234,0,perception.lidar_detection,in,5546428842304,1,/perception/lidar/pointcloud_ground_detection,0,0,1784375901871258725,0,0,0,214015,214221
202607181958,e2e_trace_v3,1576,72132356533650234,0,perception.lidar_detection,out,5546517867520,1,/perception/lidar/detection,0,0,1784375901871258725,0,0,0,214015,214221
202607181958,e2e_trace_v3,1589,72132356533650235,0,perception.lidar_detection,in,5546537484000,1,/perception/lidar/pointcloud_ground_detection,0,0,1784375901980334395,0,0,0,214015,214213
202607181958,e2e_trace_v3,1592,72132356533650235,0,perception.lidar_detection,out,5546625621024,1,/perception/lidar/detection,0,0,1784375901980334395,0,0,0,214015,214213
202607181958,e2e_trace_v3,1606,72132356533650236,0,perception.lidar_detection,in,5546656309056,1,/perception/lidar/pointcloud_ground_detection,0,0,1784375902088542285,0,0,0,214015,214216
202607181958,e2e_trace_v3,1615,72132356533650236,0,perception.lidar_detection,out,5546748988384,1,/perception/lidar/detection,0,0,1784375902088542285,0,0,0,214015,214216
202607181958,e2e_trace_v3,1623,72132356533650237,0,perception.lidar_detection,in,5546767170048,1,/perception/lidar/pointcloud_ground_detection,0,0,1784375902198083282,0,0,0,214015,214220
202607181958,e2e_trace_v3,1632,72132356533650237,0,perception.lidar_detection,out,5546862334400,1,/perception/lidar/detection,0,0,1784375902198083282,0,0,0,214015,214220
202607181958,e2e_trace_v3,1640,72132356533650238,0,perception.lidar_detection,in,5546866101792,1,/perception/lidar/pointcloud_ground_detection,0,0,1784375902306766984,0,0,0,214015,214203
202607181958,e2e_trace_v3,1641,72132356533650238,0,perception.lidar_detection,out,5546961755584,1,/perception/lidar/detection,0,0,1784375902306766984,0,0,0,214015,214203
202607181958,e2e_trace_v3,1657,72132356533650239,0,perception.lidar_detection,in,5547015616800,1,/perception/lidar/pointcloud_ground_detection,0,0,1784375902416524370,0,0,0,214015,214219
202607181958,e2e_trace_v3,1663,72132356533650239,0,perception.lidar_detection,out,5547111197184,1,/perception/lidar/detection,0,0,1784375902416524370,0,0,0,214015,214219
202607181958,e2e_trace_v3,1669,72132356533650240,0,perception.lidar_detection,in,5547112036800,1,/perception/lidar/pointcloud_ground_detection,0,0,1784375902556014467,0,0,0,214015,214192
202607181958,e2e_trace_v3,1677,72132356533650240,0,perception.lidar_detection,out,5547197616576,1,/perception/lidar/detection,0,0,1784375902556014467,0,0,0,214015,214192
202607181958,e2e_trace_v3,1691,72132356533650241,0,perception.lidar_detection,in,5547214671808,1,/perception/lidar/pointcloud_ground_detection,0,0,1784375902665183266,0,0,0,214015,214214
202607181958,e2e_trace_v3,1692,72132356533650241,0,perception.lidar_detection,out,5547305319328,1,/perception/lidar/detection,0,0,1784375902665183266,0,0,0,214015,214214
202607181958,e2e_trace_v3,1708,72132356533650242,0,perception.lidar_detection,in,5547322921472,1,/perception/lidar/pointcloud_ground_detection,0,0,1784375902774597110,0,0,0,214015,214191
202607181958,e2e_trace_v3,1709,72132356533650242,0,perception.lidar_detection,out,5547409506400,1,/perception/lidar/detection,0,0,1784375902774597110,0,0,0,214015,214191
202607181958,e2e_trace_v3,1724,72132356533650243,0,perception.lidar_detection,in,5547449810592,1,/perception/lidar/pointcloud_ground_detection,0,0,1784375902883164496,0,0,0,214015,214213
202607181958,e2e_trace_v3,1728,72132356533650243,0,perception.lidar_detection,out,5547540199264,1,/perception/lidar/detection,0,0,1784375902883164496,0,0,0,214015,214213
202607181958,e2e_trace_v3,1742,72132356533650244,0,perception.lidar_detection,in,5547564929856,1,/perception/lidar/pointcloud_ground_detection,0,0,1784375902995864168,0,0,0,214015,214216
202607181958,e2e_trace_v3,1747,72132356533650244,0,perception.lidar_detection,out,5547653274688,1,/perception/lidar/detection,0,0,1784375902995864168,0,0,0,214015,214216
202607181958,e2e_trace_v3,1759,72132356533650245,0,perception.lidar_detection,in,5547680778272,1,/perception/lidar/pointcloud_ground_detection,0,0,1784375903109680160,0,0,0,214015,214215
202607181958,e2e_trace_v3,1764,72132356533650245,0,perception.lidar_detection,out,5547773300352,1,/perception/lidar/detection,0,0,1784375903109680160,0,0,0,214015,214215
202607181958,e2e_trace_v3,1775,72132356533650246,0,perception.lidar_detection,in,5547791699936,1,/perception/lidar/pointcloud_ground_detection,0,0,1784375903223769953,0,0,0,214015,214203
202607181958,e2e_trace_v3,1780,72132356533650246,0,perception.lidar_detection,out,5547885439488,1,/perception/lidar/detection,0,0,1784375903223769953,0,0,0,214015,214203
202607181958,e2e_trace_v3,1790,72132356533650247,0,perception.lidar_detection,in,5547905782752,1,/perception/lidar/pointcloud_ground_detection,0,0,1784375903342961064,0,0,0,214015,214218
202607181958,e2e_trace_v3,1792,72132356533650247,0,perception.lidar_detection,out,5547997937888,1,/perception/lidar/detection,0,0,1784375903342961064,0,0,0,214015,214218
202607181958,e2e_trace_v3,1805,72132356533650248,0,perception.lidar_detection,in,5548015862880,1,/perception/lidar/pointcloud_ground_detection,0,0,1784375903458559600,0,0,0,214015,214222
202607181958,e2e_trace_v3,1812,72132356533650248,0,perception.lidar_detection,out,5548114961248,1,/perception/lidar/detection,0,0,1784375903458559600,0,0,0,214015,214222
202607181958,e2e_trace_v3,1824,72132356533650249,0,perception.lidar_detection,in,5548128133856,1,/perception/lidar/pointcloud_ground_detection,0,0,1784375903569733206,0,0,0,214015,214191
202607181958,e2e_trace_v3,1825,72132356533650249,0,perception.lidar_detection,out,5548216863264,1,/perception/lidar/detection,0,0,1784375903569733206,0,0,0,214015,214191
202607181958,e2e_trace_v3,1840,72132356533650250,0,perception.lidar_detection,in,5548241830304,1,/perception/lidar/pointcloud_ground_detection,0,0,1784375903685514728,0,0,0,214015,214221
202607181958,e2e_trace_v3,1842,72132356533650250,0,perception.lidar_detection,out,5548328538208,1,/perception/lidar/detection,0,0,1784375903685514728,0,0,0,214015,214221
202607181958,e2e_trace_v3,1858,72132356533650251,0,perception.lidar_detection,in,5548363903328,1,/perception/lidar/pointcloud_ground_detection,0,0,1784375903798323215,0,0,0,214015,214216
202607181958,e2e_trace_v3,1861,72132356533650251,0,perception.lidar_detection,out,5548450505984,1,/perception/lidar/detection,0,0,1784375903798323215,0,0,0,214015,214216
202607181958,e2e_trace_v3,1875,72132356533650252,0,perception.lidar_detection,in,5548470835872,1,/perception/lidar/pointcloud_ground_detection,0,0,1784375903915519149,0,0,0,214015,214193
202607181958,e2e_trace_v3,1876,72132356533650252,0,perception.lidar_detection,out,5548556910272,1,/perception/lidar/detection,0,0,1784375903915519149,0,0,0,214015,214193
202607181958,e2e_trace_v3,1892,72132356533650253,0,perception.lidar_detection,in,5548580749696,1,/perception/lidar/pointcloud_ground_detection,0,0,1784375904026647178,0,0,0,214015,214222
202607181958,e2e_trace_v3,1893,72132356533650253,0,perception.lidar_detection,out,5548667294688,1,/perception/lidar/detection,0,0,1784375904026647178,0,0,0,214015,214222
202607181958,e2e_trace_v3,1908,72132356533650254,0,perception.lidar_detection,in,5548708058816,1,/perception/lidar/pointcloud_ground_detection,0,0,1784375904139870307,0,0,0,214015,214220
202607181958,e2e_trace_v3,1919,72132356533650254,0,perception.lidar_detection,out,5548803707680,1,/perception/lidar/detection,0,0,1784375904139870307,0,0,0,214015,214220
202607181958,e2e_trace_v3,1921,72132356533650255,0,perception.lidar_detection,in,5548803765248,1,/perception/lidar/pointcloud_ground_detection,0,0,1784375904249785509,0,0,0,214015,214220
202607181958,e2e_trace_v3,1927,72132356533650255,0,perception.lidar_detection,out,5548889042176,1,/perception/lidar/detection,0,0,1784375904249785509,0,0,0,214015,214220
202607181958,e2e_trace_v3,1943,72132356533650256,0,perception.lidar_detection,in,5548906746912,1,/perception/lidar/pointcloud_ground_detection,0,0,1784375904360423314,0,0,0,214015,214190
202607181958,e2e_trace_v3,1944,72132356533650256,0,perception.lidar_detection,out,5548994384544,1,/perception/lidar/detection,0,0,1784375904360423314,0,0,0,214015,214190
202607181958,e2e_trace_v3,1960,72132356533650257,0,perception.lidar_detection,in,5549025260544,1,/perception/lidar/pointcloud_ground_detection,0,0,1784375904472532893,0,0,0,214015,214218
202607181958,e2e_trace_v3,1961,72132356533650257,0,perception.lidar_detection,out,5549110992512,1,/perception/lidar/detection,0,0,1784375904472532893,0,0,0,214015,214218
202607181958,e2e_trace_v3,1974,72132356533650258,0,perception.lidar_detection,in,5549136550432,1,/perception/lidar/pointcloud_ground_detection,0,0,1784375904585696350,0,0,0,214015,214218
202607181958,e2e_trace_v3,1976,72132356533650258,0,perception.lidar_detection,out,5549219782656,1,/perception/lidar/detection,0,0,1784375904585696350,0,0,0,214015,214218
202607181958,e2e_trace_v3,1991,72132356533650259,0,perception.lidar_detection,in,5549245949920,1,/perception/lidar/pointcloud_ground_detection,0,0,1784375904698066002,0,0,0,214015,214213
202607181958,e2e_trace_v3,1995,72132356533650259,0,perception.lidar_detection,out,5549328357664,1,/perception/lidar/detection,0,0,1784375904698066002,0,0,0,214015,214213
202607181958,e2e_trace_v3,2011,72132356533650260,0,perception.lidar_detection,in,5549362118656,1,/perception/lidar/pointcloud_ground_detection,0,0,1784375904808525456,0,0,0,214015,214202
202607181958,e2e_trace_v3,2014,72132356533650260,0,perception.lidar_detection,out,5549455604480,1,/perception/lidar/detection,0,0,1784375904808525456,0,0,0,214015,214202
202607181958,e2e_trace_v3,2028,72132356533650261,0,perception.lidar_detection,in,5549472143872,1,/perception/lidar/pointcloud_ground_detection,0,0,1784375904919992216,0,0,0,214015,214191
202607181958,e2e_trace_v3,2029,72132356533650261,0,perception.lidar_detection,out,5549561769344,1,/perception/lidar/detection,0,0,1784375904919992216,0,0,0,214015,214191
202607181958,e2e_trace_v3,2042,72132356533650262,0,perception.lidar_detection,in,5549591752672,1,/perception/lidar/pointcloud_ground_detection,0,0,1784375905032004376,0,0,0,214015,214215
202607181958,e2e_trace_v3,2046,72132356533650262,0,perception.lidar_detection,out,5549683023712,1,/perception/lidar/detection,0,0,1784375905032004376,0,0,0,214015,214215
202607181958,e2e_trace_v3,2056,72132356533650263,0,perception.lidar_detection,in,5549697647680,1,/perception/lidar/pointcloud_ground_detection,0,0,1784375905143867811,0,0,0,214015,214222
202607181958,e2e_trace_v3,2060,72132356533650263,0,perception.lidar_detection,out,5549798661408,1,/perception/lidar/detection,0,0,1784375905143867811,0,0,0,214015,214222
202607181958,e2e_trace_v3,2071,72132356533650264,0,perception.lidar_detection,in,5549813740768,1,/perception/lidar/pointcloud_ground_detection,0,0,1784375905254105971,0,0,0,214015,214216
202607181958,e2e_trace_v3,2076,72132356533650264,0,perception.lidar_detection,out,5549901101888,1,/perception/lidar/detection,0,0,1784375905254105971,0,0,0,214015,214216
202607181958,e2e_trace_v3,2090,72132356533650265,0,perception.lidar_detection,in,5549921645856,1,/perception/lidar/pointcloud_ground_detection,0,0,1784375905367342700,0,0,0,214015,214221
202607181958,e2e_trace_v3,2095,72132356533650265,0,perception.lidar_detection,out,5550016170496,1,/perception/lidar/detection,0,0,1784375905367342700,0,0,0,214015,214221
202607181958,e2e_trace_v3,2107,72132356533650266,0,perception.lidar_detection,in,5550047213856,1,/perception/lidar/pointcloud_ground_detection,0,0,1784375905477313975,0,0,0,214015,214220
202607181958,e2e_trace_v3,2110,72132356533650266,0,perception.lidar_detection,out,5550139045728,1,/perception/lidar/detection,0,0,1784375905477313975,0,0,0,214015,214220
202607181958,e2e_trace_v3,2124,72132356533650267,0,perception.lidar_detection,in,5550168803360,1,/perception/lidar/pointcloud_ground_detection,0,0,1784375905587540794,0,0,0,214015,214192
202607181958,e2e_trace_v3,2131,72132356533650267,0,perception.lidar_detection,out,5550262615104,1,/perception/lidar/detection,0,0,1784375905587540794,0,0,0,214015,214192
202607181958,e2e_trace_v3,2141,72132356533650268,0,perception.lidar_detection,in,5550267956128,1,/perception/lidar/pointcloud_ground_detection,0,0,1784375905715101647,0,0,0,214015,214221
202607181958,e2e_trace_v3,2142,72132356533650268,0,perception.lidar_detection,out,5550351927680,1,/perception/lidar/detection,0,0,1784375905715101647,0,0,0,214015,214221
202607181958,e2e_trace_v3,2157,72132356533650269,0,perception.lidar_detection,in,5550378869408,1,/perception/lidar/pointcloud_ground_detection,0,0,1784375905827843040,0,0,0,214015,214192
202607181958,e2e_trace_v3,2161,72132356533650269,0,perception.lidar_detection,out,5550468014112,1,/perception/lidar/detection,0,0,1784375905827843040,0,0,0,214015,214192
202607181958,e2e_trace_v3,2175,72132356533650270,0,perception.lidar_detection,in,5550493891552,1,/perception/lidar/pointcloud_ground_detection,0,0,1784375905939015213,0,0,0,214015,214192
202607181958,e2e_trace_v3,2176,72132356533650270,0,perception.lidar_detection,out,5550582598272,1,/perception/lidar/detection,0,0,1784375905939015213,0,0,0,214015,214192
202607181958,e2e_trace_v3,2192,72132356533650271,0,perception.lidar_detection,in,5550603448800,1,/perception/lidar/pointcloud_ground_detection,0,0,1784375906052533487,0,0,0,214015,214217
202607181958,e2e_trace_v3,2193,72132356533650271,0,perception.lidar_detection,out,5550697916448,1,/perception/lidar/detection,0,0,1784375906052533487,0,0,0,214015,214217
202607181958,e2e_trace_v3,2209,72132356533650272,0,perception.lidar_detection,in,5550726488608,1,/perception/lidar/pointcloud_ground_detection,0,0,1784375906166246578,0,0,0,214015,214221
202607181958,e2e_trace_v3,2210,72132356533650272,0,perception.lidar_detection,out,5550820434944,1,/perception/lidar/detection,0,0,1784375906166246578,0,0,0,214015,214221
202607181958,e2e_trace_v3,2226,72132356533650273,0,perception.lidar_detection,in,5550848350848,1,/perception/lidar/pointcloud_ground_detection,0,0,1784375906278072168,0,0,0,214015,214190
202607181958,e2e_trace_v3,2229,72132356533650273,0,perception.lidar_detection,out,5550941467648,1,/perception/lidar/detection,0,0,1784375906278072168,0,0,0,214015,214190
202607181958,e2e_trace_v3,2243,72132356533650274,0,perception.lidar_detection,in,5550962262944,1,/perception/lidar/pointcloud_ground_detection,0,0,1784375906399925646,0,0,0,214015,214203
202607181958,e2e_trace_v3,2246,72132356533650274,0,perception.lidar_detection,out,5551051730304,1,/perception/lidar/detection,0,0,1784375906399925646,0,0,0,214015,214203
202607181958,e2e_trace_v3,2260,72132356533650275,0,perception.lidar_detection,in,5551071609024,1,/perception/lidar/pointcloud_ground_detection,0,0,1784375906512484411,0,0,0,214015,214220
202607181958,e2e_trace_v3,2263,72132356533650275,0,perception.lidar_detection,out,5551162608288,1,/perception/lidar/detection,0,0,1784375906512484411,0,0,0,214015,214220
202607181958,e2e_trace_v3,2277,72132356533650276,0,perception.lidar_detection,in,5551189797632,1,/perception/lidar/pointcloud_ground_detection,0,0,1784375906626997852,0,0,0,214015,214218
202607181958,e2e_trace_v3,2284,72132356533650276,0,perception.lidar_detection,out,5551280652096,1,/perception/lidar/detection,0,0,1784375906626997852,0,0,0,214015,214218
202607181958,e2e_trace_v3,2294,72132356533650277,0,perception.lidar_detection,in,5551290031232,1,/perception/lidar/pointcloud_ground_detection,0,0,1784375906737969749,0,0,0,214015,214202
202607181958,e2e_trace_v3,2295,72132356533650277,0,perception.lidar_detection,out,5551375290080,1,/perception/lidar/detection,0,0,1784375906737969749,0,0,0,214015,214202
202607181958,e2e_trace_v3,2308,72132356533650278,0,perception.lidar_detection,in,5551423504768,1,/perception/lidar/pointcloud_ground_detection,0,0,1784375906850343803,0,0,0,214015,214214
202607181958,e2e_trace_v3,2316,72132356533650278,0,perception.lidar_detection,out,5551516688320,1,/perception/lidar/detection,0,0,1784375906850343803,0,0,0,214015,214214
202607181958,e2e_trace_v3,2318,72132356533650279,0,perception.lidar_detection,in,5551516754144,1,/perception/lidar/pointcloud_ground_detection,0,0,1784375906963437948,0,0,0,214015,214214
202607181958,e2e_trace_v3,2326,72132356533650279,0,perception.lidar_detection,out,5551602635680,1,/perception/lidar/detection,0,0,1784375906963437948,0,0,0,214015,214214
202607181958,e2e_trace_v3,2342,72132356533650280,0,perception.lidar_detection,in,5551635600512,1,/perception/lidar/pointcloud_ground_detection,0,0,1784375907075475834,0,0,0,214015,214191
202607181958,e2e_trace_v3,2346,72132356533650280,0,perception.lidar_detection,out,5551721515776,1,/perception/lidar/detection,0,0,1784375907075475834,0,0,0,214015,214191
202607181958,e2e_trace_v3,2359,72132356533650281,0,perception.lidar_detection,in,5551745572320,1,/perception/lidar/pointcloud_ground_detection,0,0,1784375907188299990,0,0,0,214015,214193
202607181958,e2e_trace_v3,2362,72132356533650281,0,perception.lidar_detection,out,5551835820064,1,/perception/lidar/detection,0,0,1784375907188299990,0,0,0,214015,214193
202607181958,e2e_trace_v3,2376,72132356533650282,0,perception.lidar_detection,in,5551863925024,1,/perception/lidar/pointcloud_ground_detection,0,0,1784375907299499029,0,0,0,214015,214202
202607181958,e2e_trace_v3,2380,72132356533650282,0,perception.lidar_detection,out,5551952031232,1,/perception/lidar/detection,0,0,1784375907299499029,0,0,0,214015,214202
202607181958,e2e_trace_v3,2393,72132356533650283,0,perception.lidar_detection,in,5551978915456,1,/perception/lidar/pointcloud_ground_detection,0,0,1784375907409581670,0,0,0,214015,214222
202607181958,e2e_trace_v3,2402,72132356533650283,0,perception.lidar_detection,out,5552071290912,1,/perception/lidar/detection,0,0,1784375907409581670,0,0,0,214015,214222
202607181958,e2e_trace_v3,2410,72132356533650284,0,perception.lidar_detection,in,5552086668960,1,/perception/lidar/pointcloud_ground_detection,0,0,1784375907520653090,0,0,0,214015,214191
202607181958,e2e_trace_v3,2419,72132356533650284,0,perception.lidar_detection,out,5552181019488,1,/perception/lidar/detection,0,0,1784375907520653090,0,0,0,214015,214191
202607181958,e2e_trace_v3,2427,72132356533650285,0,perception.lidar_detection,in,5552201590496,1,/perception/lidar/pointcloud_ground_detection,0,0,1784375907632242097,0,0,0,214015,214222
202607181958,e2e_trace_v3,2430,72132356533650285,0,perception.lidar_detection,out,5552290488544,1,/perception/lidar/detection,0,0,1784375907632242097,0,0,0,214015,214222
202607181958,e2e_trace_v3,2444,72132356533650286,0,perception.lidar_detection,in,5552310044448,1,/perception/lidar/pointcloud_ground_detection,0,0,1784375907746850049,0,0,0,214015,214216
202607181958,e2e_trace_v3,2445,72132356533650286,0,perception.lidar_detection,out,5552397894784,1,/perception/lidar/detection,0,0,1784375907746850049,0,0,0,214015,214216
202607181958,e2e_trace_v3,2461,72132356533650287,0,perception.lidar_detection,in,5552442542208,1,/perception/lidar/pointcloud_ground_detection,0,0,1784375907866134387,0,0,0,214015,214215
202607181958,e2e_trace_v3,2470,72132356533650287,0,perception.lidar_detection,out,5552541606400,1,/perception/lidar/detection,0,0,1784375907866134387,0,0,0,214015,214215
202607181958,e2e_trace_v3,2477,72132356533650288,0,perception.lidar_detection,in,5552550041056,1,/perception/lidar/pointcloud_ground_detection,0,0,1784375907977436615,0,0,0,214015,214193
202607181958,e2e_trace_v3,2487,72132356533650288,0,perception.lidar_detection,out,5552639515680,1,/perception/lidar/detection,0,0,1784375907977436615,0,0,0,214015,214193
202607181958,e2e_trace_v3,2495,72132356533650289,0,perception.lidar_detection,in,5552647015648,1,/perception/lidar/pointcloud_ground_detection,0,0,1784375908090610822,0,0,0,214015,214216
202607181958,e2e_trace_v3,2498,72132356533650289,0,perception.lidar_detection,out,5552734283808,1,/perception/lidar/detection,0,0,1784375908090610822,0,0,0,214015,214216
202607181958,e2e_trace_v3,2512,72132356533650290,0,perception.lidar_detection,in,5552757735680,1,/perception/lidar/pointcloud_ground_detection,0,0,1784375908199227741,0,0,0,214015,214221
202607181958,e2e_trace_v3,2515,72132356533650290,0,perception.lidar_detection,out,5552846249376,1,/perception/lidar/detection,0,0,1784375908199227741,0,0,0,214015,214221
202607181958,e2e_trace_v3,2529,72132356533650291,0,perception.lidar_detection,in,5552867810656,1,/perception/lidar/pointcloud_ground_detection,0,0,1784375908309801345,0,0,0,214015,214221
202607181958,e2e_trace_v3,2530,72132356533650291,0,perception.lidar_detection,out,5552951216736,1,/perception/lidar/detection,0,0,1784375908309801345,0,0,0,214015,214221
202607181958,e2e_trace_v3,2546,72132356533650292,0,perception.lidar_detection,in,5552993807264,1,/perception/lidar/pointcloud_ground_detection,0,0,1784375908423220011,0,0,0,214015,214203
202607181958,e2e_trace_v3,2556,72132356533650292,0,perception.lidar_detection,out,5553086107136,1,/perception/lidar/detection,0,0,1784375908423220011,0,0,0,214015,214203
202607181958,e2e_trace_v3,2558,72132356533650293,0,perception.lidar_detection,in,5553086162240,1,/perception/lidar/pointcloud_ground_detection,0,0,1784375908532630070,0,0,0,214015,214203
202607181958,e2e_trace_v3,2564,72132356533650293,0,perception.lidar_detection,out,5553166937728,1,/perception/lidar/detection,0,0,1784375908532630070,0,0,0,214015,214203
202607181958,e2e_trace_v3,2580,72132356533650294,0,perception.lidar_detection,in,5553226680640,1,/perception/lidar/pointcloud_ground_detection,0,0,1784375908644834050,0,0,0,214015,214221
202607181958,e2e_trace_v3,2583,72132356533650294,0,perception.lidar_detection,out,5553309842880,1,/perception/lidar/detection,0,0,1784375908644834050,0,0,0,214015,214221
202607181958,e2e_trace_v3,2597,72132356533650295,0,perception.lidar_detection,in,5553324482784,1,/perception/lidar/pointcloud_ground_detection,0,0,1784375908775116453,0,0,0,214015,214190
202607181958,e2e_trace_v3,2598,72132356533650295,0,perception.lidar_detection,out,5553406166592,1,/perception/lidar/detection,0,0,1784375908775116453,0,0,0,214015,214190
202607181958,e2e_trace_v3,2613,72132356533650296,0,perception.lidar_detection,in,5553455408800,1,/perception/lidar/pointcloud_ground_detection,0,0,1784375908886099272,0,0,0,214015,214191
202607181958,e2e_trace_v3,2615,72132356533650296,0,perception.lidar_detection,out,5553539526784,1,/perception/lidar/detection,0,0,1784375908886099272,0,0,0,214015,214191
202607181958,e2e_trace_v3,2629,72132356533650297,0,perception.lidar_detection,in,5553563370592,1,/perception/lidar/pointcloud_ground_detection,0,0,1784375909006706203,0,0,0,214015,214215
202607181958,e2e_trace_v3,2634,72132356533650297,0,perception.lidar_detection,out,5553662688928,1,/perception/lidar/detection,0,0,1784375909006706203,0,0,0,214015,214215
202607181958,e2e_trace_v3,2648,72132356533650298,0,perception.lidar_detection,in,5553694904256,1,/perception/lidar/pointcloud_ground_detection,0,0,1784375909118839609,0,0,0,214015,214193
202607181958,e2e_trace_v3,2658,72132356533650298,0,perception.lidar_detection,out,5553791990880,1,/perception/lidar/detection,0,0,1784375909118839609,0,0,0,214015,214193
202607181958,e2e_trace_v3,2660,72132356533650299,0,perception.lidar_detection,in,5553792062336,1,/perception/lidar/pointcloud_ground_detection,0,0,1784375909229156815,0,0,0,214015,214193
202607181958,e2e_trace_v3,2668,72132356533650299,0,perception.lidar_detection,out,5553875727904,1,/perception/lidar/detection,0,0,1784375909229156815,0,0,0,214015,214193
202607181958,e2e_trace_v3,2681,72132356533650300,0,perception.lidar_detection,in,5553896244992,1,/perception/lidar/pointcloud_ground_detection,0,0,1784375909340869852,0,0,0,214015,214193
202607181958,e2e_trace_v3,2683,72132356533650300,0,perception.lidar_detection,out,5553980480992,1,/perception/lidar/detection,0,0,1784375909340869852,0,0,0,214015,214193
202607181958,e2e_trace_v3,2699,72132356533650301,0,perception.lidar_detection,in,5554016671104,1,/perception/lidar/pointcloud_ground_detection,0,0,1784375909452683266,0,0,0,214015,214214
202607181958,e2e_trace_v3,2700,72132356533650301,0,perception.lidar_detection,out,5554100610432,1,/perception/lidar/detection,0,0,1784375909452683266,0,0,0,214015,214214
202607181958,e2e_trace_v3,2716,72132356533650302,0,perception.lidar_detection,in,5554121474272,1,/perception/lidar/pointcloud_ground_detection,0,0,1784375909566092692,0,0,0,214015,214203
202607181958,e2e_trace_v3,2720,72132356533650302,0,perception.lidar_detection,out,5554206678592,1,/perception/lidar/detection,0,0,1784375909566092692,0,0,0,214015,214203
202607181958,e2e_trace_v3,2733,72132356533650303,0,perception.lidar_detection,in,5554245854304,1,/perception/lidar/pointcloud_ground_detection,0,0,1784375909681140116,0,0,0,214015,214203
202607181958,e2e_trace_v3,2735,72132356533650303,0,perception.lidar_detection,out,5554333001440,1,/perception/lidar/detection,0,0,1784375909681140116,0,0,0,214015,214203
202607181958,e2e_trace_v3,2746,72132356533650304,0,perception.lidar_detection,in,5554361759712,1,/perception/lidar/pointcloud_ground_detection,0,0,1784375909794821497,0,0,0,214015,214190
202607181958,e2e_trace_v3,2751,72132356533650304,0,perception.lidar_detection,out,5554445091328,1,/perception/lidar/detection,0,0,1784375909794821497,0,0,0,214015,214190
202607181958,e2e_trace_v3,2762,72132356533650305,0,perception.lidar_detection,in,5554456386048,1,/perception/lidar/pointcloud_ground_detection,0,0,1784375909907418778,0,0,0,214015,214214
202607181958,e2e_trace_v3,2765,72132356533650305,0,perception.lidar_detection,out,5554538030464,1,/perception/lidar/detection,0,0,1784375909907418778,0,0,0,214015,214214
202607181958,e2e_trace_v3,2781,72132356533650306,0,perception.lidar_detection,in,5554596364320,1,/perception/lidar/pointcloud_ground_detection,0,0,1784375910018506823,0,0,0,214015,214216
202607181958,e2e_trace_v3,2790,72132356533650306,0,perception.lidar_detection,out,5554681972768,1,/perception/lidar/detection,0,0,1784375910018506823,0,0,0,214015,214216
202607181958,e2e_trace_v3,2798,72132356533650307,0,perception.lidar_detection,in,5554685742784,1,/perception/lidar/pointcloud_ground_detection,0,0,1784375910134415449,0,0,0,214015,214191
202607181958,e2e_trace_v3,2799,72132356533650307,0,perception.lidar_detection,out,5554770120928,1,/perception/lidar/detection,0,0,1784375910134415449,0,0,0,214015,214191
202607181958,e2e_trace_v3,2812,72132356533650308,0,perception.lidar_detection,in,5554794994560,1,/perception/lidar/pointcloud_ground_detection,0,0,1784375910242292839,0,0,0,214015,214219
202607181958,e2e_trace_v3,2813,72132356533650308,0,perception.lidar_detection,out,5554880551584,1,/perception/lidar/detection,0,0,1784375910242292839,0,0,0,214015,214219
202607181958,e2e_trace_v3,2829,72132356533650309,0,perception.lidar_detection,in,5554915421472,1,/perception/lidar/pointcloud_ground_detection,0,0,1784375910354939265,0,0,0,214015,214190
202607181958,e2e_trace_v3,2832,72132356533650309,0,perception.lidar_detection,out,5555000906688,1,/perception/lidar/detection,0,0,1784375910354939265,0,0,0,214015,214190
202607181958,e2e_trace_v3,2846,72132356533650310,0,perception.lidar_detection,in,5555019949568,1,/perception/lidar/pointcloud_ground_detection,0,0,1784375910464312412,0,0,0,214015,214220
202607181958,e2e_trace_v3,2848,72132356533650310,0,perception.lidar_detection,out,5555113978880,1,/perception/lidar/detection,0,0,1784375910464312412,0,0,0,214015,214220
202607181958,e2e_trace_v3,2861,72132356533650311,0,perception.lidar_detection,in,5555127285440,1,/perception/lidar/pointcloud_ground_detection,0,0,1784375910574349119,0,0,0,214015,214214
202607181958,e2e_trace_v3,2864,72132356533650311,0,perception.lidar_detection,out,5555217226016,1,/perception/lidar/detection,0,0,1784375910574349119,0,0,0,214015,214214
202607181958,e2e_trace_v3,2877,72132356533650312,0,perception.lidar_detection,in,5555235928544,1,/perception/lidar/pointcloud_ground_detection,0,0,1784375910684898689,0,0,0,214015,214220
202607181958,e2e_trace_v3,2880,72132356533650312,0,perception.lidar_detection,out,5555318833632,1,/perception/lidar/detection,0,0,1784375910684898689,0,0,0,214015,214220
202607181958,e2e_trace_v3,2897,72132356533650313,0,perception.lidar_detection,in,5555348819936,1,/perception/lidar/pointcloud_ground_detection,0,0,1784375910795750046,0,0,0,214015,214219
202607181958,e2e_trace_v3,2898,72132356533650313,0,perception.lidar_detection,out,5555432851456,1,/perception/lidar/detection,0,0,1784375910795750046,0,0,0,214015,214219
202607181958,e2e_trace_v3,2914,72132356533650314,0,perception.lidar_detection,in,5555459146016,1,/perception/lidar/pointcloud_ground_detection,0,0,1784375910908931264,0,0,0,214015,214202
202607181958,e2e_trace_v3,2915,72132356533650314,0,perception.lidar_detection,out,5555543400640,1,/perception/lidar/detection,0,0,1784375910908931264,0,0,0,214015,214202
202607181958,e2e_trace_v3,2931,72132356533650315,0,perception.lidar_detection,in,5555582646816,1,/perception/lidar/pointcloud_ground_detection,0,0,1784375911019621332,0,0,0,214015,214214
202607181958,e2e_trace_v3,2940,72132356533650315,0,perception.lidar_detection,out,5555684224960,1,/perception/lidar/detection,0,0,1784375911019621332,0,0,0,214015,214214
202607181958,e2e_trace_v3,2948,72132356533650316,0,perception.lidar_detection,in,5555695237888,1,/perception/lidar/pointcloud_ground_detection,0,0,1784375911133810270,0,0,0,214015,214191
202607181958,e2e_trace_v3,2957,72132356533650316,0,perception.lidar_detection,out,5555797701376,1,/perception/lidar/detection,0,0,1784375911133810270,0,0,0,214015,214191
202607181958,e2e_trace_v3,2965,72132356533650317,0,perception.lidar_detection,in,5555808558400,1,/perception/lidar/pointcloud_ground_detection,0,0,1784375911248457847,0,0,0,214015,214221
202607181958,e2e_trace_v3,2970,72132356533650317,0,perception.lidar_detection,out,5555904175616,1,/perception/lidar/detection,0,0,1784375911248457847,0,0,0,214015,214221
202607181958,e2e_trace_v3,2982,72132356533650318,0,perception.lidar_detection,in,5555926960128,1,/perception/lidar/pointcloud_ground_detection,0,0,1784375911362024328,0,0,0,214015,214222
202607181958,e2e_trace_v3,2991,72132356533650318,0,perception.lidar_detection,out,5556024304480,1,/perception/lidar/detection,0,0,1784375911362024328,0,0,0,214015,214222
202607181958,e2e_trace_v3,2999,72132356533650319,0,perception.lidar_detection,in,5556033032800,1,/perception/lidar/pointcloud_ground_detection,0,0,1784375911474082695,0,0,0,214015,214221
202607181958,e2e_trace_v3,3002,72132356533650319,0,perception.lidar_detection,out,5556123018848,1,/perception/lidar/detection,0,0,1784375911474082695,0,0,0,214015,214221
202607181958,e2e_trace_v3,3016,72132356533650320,0,perception.lidar_detection,in,5556149836128,1,/perception/lidar/pointcloud_ground_detection,0,0,1784375911584497392,0,0,0,214015,214222
202607181958,e2e_trace_v3,3018,72132356533650320,0,perception.lidar_detection,out,5556241360128,1,/perception/lidar/detection,0,0,1784375911584497392,0,0,0,214015,214222
202607181958,e2e_trace_v3,3031,72132356533650321,0,perception.lidar_detection,in,5556265303488,1,/perception/lidar/pointcloud_ground_detection,0,0,1784375911695842316,0,0,0,214015,214191
202607181958,e2e_trace_v3,3040,72132356533650321,0,perception.lidar_detection,out,5556362665152,1,/perception/lidar/detection,0,0,1784375911695842316,0,0,0,214015,214191
202607181958,e2e_trace_v3,3050,72132356533650322,0,perception.lidar_detection,in,5556366990944,1,/perception/lidar/pointcloud_ground_detection,0,0,1784375911815126366,0,0,0,214015,214220
202607181958,e2e_trace_v3,3051,72132356533650322,0,perception.lidar_detection,out,5556453838176,1,/perception/lidar/detection,0,0,1784375911815126366,0,0,0,214015,214220
202607181958,e2e_trace_v3,3067,72132356533650323,0,perception.lidar_detection,in,5556488792576,1,/perception/lidar/pointcloud_ground_detection,0,0,1784375911927958054,0,0,0,214015,214219
202607181958,e2e_trace_v3,3072,72132356533650323,0,perception.lidar_detection,out,5556583986176,1,/perception/lidar/detection,0,0,1784375911927958054,0,0,0,214015,214219
202607181958,e2e_trace_v3,3084,72132356533650324,0,perception.lidar_detection,in,5556609542944,1,/perception/lidar/pointcloud_ground_detection,0,0,1784375912039516418,0,0,0,214015,214193
202607181958,e2e_trace_v3,3092,72132356533650324,0,perception.lidar_detection,out,5556711210304,1,/perception/lidar/detection,0,0,1784375912039516418,0,0,0,214015,214193
202607181958,e2e_trace_v3,3101,72132356533650325,0,perception.lidar_detection,in,5556713919296,1,/perception/lidar/pointcloud_ground_detection,0,0,1784375912151195928,0,0,0,214015,214219
202607181958,e2e_trace_v3,3104,72132356533650325,0,perception.lidar_detection,out,5556801636192,1,/perception/lidar/detection,0,0,1784375912151195928,0,0,0,214015,214219
202607181958,e2e_trace_v3,3118,72132356533650326,0,perception.lidar_detection,in,5556822036640,1,/perception/lidar/pointcloud_ground_detection,0,0,1784375912263749857,0,0,0,214015,214219
202607181958,e2e_trace_v3,3121,72132356533650326,0,perception.lidar_detection,out,5556906828896,1,/perception/lidar/detection,0,0,1784375912263749857,0,0,0,214015,214219
202607181958,e2e_trace_v3,3135,72132356533650327,0,perception.lidar_detection,in,5556939393152,1,/perception/lidar/pointcloud_ground_detection,0,0,1784375912373917087,0,0,0,214015,214218
202607181958,e2e_trace_v3,3144,72132356533650327,0,perception.lidar_detection,out,5557040021440,1,/perception/lidar/detection,0,0,1784375912373917087,0,0,0,214015,214218
202607181958,e2e_trace_v3,3152,72132356533650328,0,perception.lidar_detection,in,5557050375936,1,/perception/lidar/pointcloud_ground_detection,0,0,1784375912481055606,0,0,0,214015,214202
202607181958,e2e_trace_v3,3162,72132356533650328,0,perception.lidar_detection,out,5557149687936,1,/perception/lidar/detection,0,0,1784375912481055606,0,0,0,214015,214202
202607181958,e2e_trace_v3,3164,72132356533650329,0,perception.lidar_detection,in,5557149746112,1,/perception/lidar/pointcloud_ground_detection,0,0,1784375912589445573,0,0,0,214015,214202
202607181958,e2e_trace_v3,3170,72132356533650329,0,perception.lidar_detection,out,5557232144608,1,/perception/lidar/detection,0,0,1784375912589445573,0,0,0,214015,214202
202607181958,e2e_trace_v3,3186,72132356533650330,0,perception.lidar_detection,in,5557300758880,1,/perception/lidar/pointcloud_ground_detection,0,0,1784375912698592822,0,0,0,214015,214221
202607181958,e2e_trace_v3,3196,72132356533650330,0,perception.lidar_detection,out,5557400602112,1,/perception/lidar/detection,0,0,1784375912698592822,0,0,0,214015,214221
202607181958,e2e_trace_v3,3198,72132356533650331,0,perception.lidar_detection,in,5557400676352,1,/perception/lidar/pointcloud_ground_detection,0,0,1784375912848486390,0,0,0,214015,214221
202607181958,e2e_trace_v3,3206,72132356533650331,0,perception.lidar_detection,out,5557494173312,1,/perception/lidar/detection,0,0,1784375912848486390,0,0,0,214015,214221
202607181958,e2e_trace_v3,3220,72132356533650332,0,perception.lidar_detection,in,5557511960384,1,/perception/lidar/pointcloud_ground_detection,0,0,1784375912957720150,0,0,0,214015,214222
202607181958,e2e_trace_v3,3221,72132356533650332,0,perception.lidar_detection,out,5557595395232,1,/perception/lidar/detection,0,0,1784375912957720150,0,0,0,214015,214222
202607181958,e2e_trace_v3,3237,72132356533650333,0,perception.lidar_detection,in,5557621611712,1,/perception/lidar/pointcloud_ground_detection,0,0,1784375913068928013,0,0,0,214015,214219
202607181958,e2e_trace_v3,3238,72132356533650333,0,perception.lidar_detection,out,5557705244576,1,/perception/lidar/detection,0,0,1784375913068928013,0,0,0,214015,214219
202607181958,e2e_trace_v3,3254,72132356533650334,0,perception.lidar_detection,in,5557731396448,1,/perception/lidar/pointcloud_ground_detection,0,0,1784375913183245052,0,0,0,214015,214202
202607181958,e2e_trace_v3,3255,72132356533650334,0,perception.lidar_detection,out,5557815606112,1,/perception/lidar/detection,0,0,1784375913183245052,0,0,0,214015,214202
202607181958,e2e_trace_v3,3271,72132356533650335,0,perception.lidar_detection,in,5557851260704,1,/perception/lidar/pointcloud_ground_detection,0,0,1784375913292592829,0,0,0,214015,214214
202607181958,e2e_trace_v3,3276,72132356533650335,0,perception.lidar_detection,out,5557948241088,1,/perception/lidar/detection,0,0,1784375913292592829,0,0,0,214015,214214
202607181958,e2e_trace_v3,3287,72132356533650336,0,perception.lidar_detection,in,5557975894656,1,/perception/lidar/pointcloud_ground_detection,0,0,1784375913404023296,0,0,0,214015,214192
202607181958,e2e_trace_v3,3294,72132356533650336,0,perception.lidar_detection,out,5558068423648,1,/perception/lidar/detection,0,0,1784375913404023296,0,0,0,214015,214192
202607181958,e2e_trace_v3,3302,72132356533650337,0,perception.lidar_detection,in,5558088339584,1,/perception/lidar/pointcloud_ground_detection,0,0,1784375913515897747,0,0,0,214015,214220
202607181958,e2e_trace_v3,3311,72132356533650337,0,perception.lidar_detection,out,5558186274528,1,/perception/lidar/detection,0,0,1784375913515897747,0,0,0,214015,214220
202607181958,e2e_trace_v3,3319,72132356533650338,0,perception.lidar_detection,in,5558198191232,1,/perception/lidar/pointcloud_ground_detection,0,0,1784375913626907142,0,0,0,214015,214213
202607181958,e2e_trace_v3,3324,72132356533650338,0,perception.lidar_detection,out,5558298123616,1,/perception/lidar/detection,0,0,1784375913626907142,0,0,0,214015,214213
202607181958,e2e_trace_v3,3336,72132356533650339,0,perception.lidar_detection,in,5558314640576,1,/perception/lidar/pointcloud_ground_detection,0,0,1784375913736716381,0,0,0,214015,214220
202607181958,e2e_trace_v3,3343,72132356533650339,0,perception.lidar_detection,out,5558404904736,1,/perception/lidar/detection,0,0,1784375913736716381,0,0,0,214015,214220
202607181958,e2e_trace_v3,3353,72132356533650340,0,perception.lidar_detection,in,5558426057312,1,/perception/lidar/pointcloud_ground_detection,0,0,1784375913861878955,0,0,0,214015,214214
202607181958,e2e_trace_v3,3362,72132356533650340,0,perception.lidar_detection,out,5558522840672,1,/perception/lidar/detection,0,0,1784375913861878955,0,0,0,214015,214214
202607181958,e2e_trace_v3,3369,72132356533650341,0,perception.lidar_detection,in,5558531836800,1,/perception/lidar/pointcloud_ground_detection,0,0,1784375913971671124,0,0,0,214015,214202
202607181958,e2e_trace_v3,3373,72132356533650341,0,perception.lidar_detection,out,5558621315392,1,/perception/lidar/detection,0,0,1784375913971671124,0,0,0,214015,214202
202607181958,e2e_trace_v3,3387,72132356533650342,0,perception.lidar_detection,in,5558640832672,1,/perception/lidar/pointcloud_ground_detection,0,0,1784375914081817600,0,0,0,214015,214214
202607181958,e2e_trace_v3,3390,72132356533650342,0,perception.lidar_detection,out,5558733536096,1,/perception/lidar/detection,0,0,1784375914081817600,0,0,0,214015,214214
202607181958,e2e_trace_v3,3404,72132356533650343,0,perception.lidar_detection,in,5558761313760,1,/perception/lidar/pointcloud_ground_detection,0,0,1784375914195893043,0,0,0,214015,214190
202607181958,e2e_trace_v3,3413,72132356533650343,0,perception.lidar_detection,out,5558859079456,1,/perception/lidar/detection,0,0,1784375914195893043,0,0,0,214015,214190
202607181958,e2e_trace_v3,3419,72132356533650344,0,perception.lidar_detection,in,5558861781408,1,/perception/lidar/pointcloud_ground_detection,0,0,1784375914307756975,0,0,0,214015,214217
202607181958,e2e_trace_v3,3424,72132356533650344,0,perception.lidar_detection,out,5558950496736,1,/perception/lidar/detection,0,0,1784375914307756975,0,0,0,214015,214217
202607181958,e2e_trace_v3,3438,72132356533650345,0,perception.lidar_detection,in,5558975423168,1,/perception/lidar/pointcloud_ground_detection,0,0,1784375914416222146,0,0,0,214015,214191
202607181958,e2e_trace_v3,3439,72132356533650345,0,perception.lidar_detection,out,5559062228128,1,/perception/lidar/detection,0,0,1784375914416222146,0,0,0,214015,214191
202607181958,e2e_trace_v3,3454,72132356533650346,0,perception.lidar_detection,in,5559084184768,1,/perception/lidar/pointcloud_ground_detection,0,0,1784375914528661569,0,0,0,214015,214218
202607181958,e2e_trace_v3,3456,72132356533650346,0,perception.lidar_detection,out,5559170867456,1,/perception/lidar/detection,0,0,1784375914528661569,0,0,0,214015,214218
202607181958,e2e_trace_v3,3469,72132356533650347,0,perception.lidar_detection,in,5559217264896,1,/perception/lidar/pointcloud_ground_detection,0,0,1784375914641810861,0,0,0,214015,214218
202607181958,e2e_trace_v3,3470,72132356533650347,0,perception.lidar_detection,out,5559301177216,1,/perception/lidar/detection,0,0,1784375914641810861,0,0,0,214015,214218
202607181958,e2e_trace_v3,3486,72132356533650348,0,perception.lidar_detection,in,5559343298688,1,/perception/lidar/pointcloud_ground_detection,0,0,1784375914772889458,0,0,0,214015,214216
202607181958,e2e_trace_v3,3495,72132356533650348,0,perception.lidar_detection,out,5559439092608,1,/perception/lidar/detection,0,0,1784375914772889458,0,0,0,214015,214216
202607181958,e2e_trace_v3,3502,72132356533650349,0,perception.lidar_detection,in,5559440932384,1,/perception/lidar/pointcloud_ground_detection,0,0,1784375914882056190,0,0,0,214015,214191
202607181958,e2e_trace_v3,3506,72132356533650349,0,perception.lidar_detection,out,5559531002784,1,/perception/lidar/detection,0,0,1784375914882056190,0,0,0,214015,214191
202607181958,e2e_trace_v3,3520,72132356533650350,0,perception.lidar_detection,in,5559548011328,1,/perception/lidar/pointcloud_ground_detection,0,0,1784375914993918415,0,0,0,214015,214217
202607181958,e2e_trace_v3,3521,72132356533650350,0,perception.lidar_detection,out,5559638532192,1,/perception/lidar/detection,0,0,1784375914993918415,0,0,0,214015,214217
202607181958,e2e_trace_v3,3537,72132356533650351,0,perception.lidar_detection,in,5559663498272,1,/perception/lidar/pointcloud_ground_detection,0,0,1784375915110237859,0,0,0,214015,214215
202607181958,e2e_trace_v3,3538,72132356533650351,0,perception.lidar_detection,out,5559752414560,1,/perception/lidar/detection,0,0,1784375915110237859,0,0,0,214015,214215
202607181958,e2e_trace_v3,3554,72132356533650352,0,perception.lidar_detection,in,5559777640576,1,/perception/lidar/pointcloud_ground_detection,0,0,1784375915224018238,0,0,0,214015,214193
202607181958,e2e_trace_v3,3555,72132356533650352,0,perception.lidar_detection,out,5559869982336,1,/perception/lidar/detection,0,0,1784375915224018238,0,0,0,214015,214193
202607181958,e2e_trace_v3,3571,72132356533650353,0,perception.lidar_detection,in,5559918202080,1,/perception/lidar/pointcloud_ground_detection,0,0,1784375915334450455,0,0,0,214015,214190
202607181958,e2e_trace_v3,3575,72132356533650353,0,perception.lidar_detection,out,5560003581152,1,/perception/lidar/detection,0,0,1784375915334450455,0,0,0,214015,214190
202607181958,e2e_trace_v3,3585,72132356533650354,0,perception.lidar_detection,in,5560021250720,1,/perception/lidar/pointcloud_ground_detection,0,0,1784375915458633016,0,0,0,214015,214217
202607181958,e2e_trace_v3,3592,72132356533650354,0,perception.lidar_detection,out,5560114501184,1,/perception/lidar/detection,0,0,1784375915458633016,0,0,0,214015,214217
202607181958,e2e_trace_v3,3605,72132356533650355,0,perception.lidar_detection,in,5560132272960,1,/perception/lidar/pointcloud_ground_detection,0,0,1784375915572126308,0,0,0,214015,214218
202607181958,e2e_trace_v3,3609,72132356533650355,0,perception.lidar_detection,out,5560219366016,1,/perception/lidar/detection,0,0,1784375915572126308,0,0,0,214015,214218
202607181958,e2e_trace_v3,3622,72132356533650356,0,perception.lidar_detection,in,5560235069952,1,/perception/lidar/pointcloud_ground_detection,0,0,1784375915680198876,0,0,0,214015,214203
202607181958,e2e_trace_v3,3623,72132356533650356,0,perception.lidar_detection,out,5560320068704,1,/perception/lidar/detection,0,0,1784375915680198876,0,0,0,214015,214203
202607181958,e2e_trace_v3,3636,72132356533650357,0,perception.lidar_detection,in,5560345837408,1,/perception/lidar/pointcloud_ground_detection,0,0,1784375915789454704,0,0,0,214015,214215
202607181958,e2e_trace_v3,3640,72132356533650357,0,perception.lidar_detection,out,5560432114016,1,/perception/lidar/detection,0,0,1784375915789454704,0,0,0,214015,214215
202607181958,e2e_trace_v3,3656,72132356533650358,0,perception.lidar_detection,in,5560458657920,1,/perception/lidar/pointcloud_ground_detection,0,0,1784375915903309154,0,0,0,214015,214214
202607181958,e2e_trace_v3,3657,72132356533650358,0,perception.lidar_detection,out,5560543182784,1,/perception/lidar/detection,0,0,1784375915903309154,0,0,0,214015,214214
202607181958,e2e_trace_v3,3670,72132356533650359,0,perception.lidar_detection,in,5560564390784,1,/perception/lidar/pointcloud_ground_detection,0,0,1784375916015869249,0,0,0,214015,214191
202607181958,e2e_trace_v3,3671,72132356533650359,0,perception.lidar_detection,out,5560647878336,1,/perception/lidar/detection,0,0,1784375916015869249,0,0,0,214015,214191
202607181958,e2e_trace_v3,3685,72132356533650360,0,perception.lidar_detection,in,5560673974112,1,/perception/lidar/pointcloud_ground_detection,0,0,1784375916126507124,0,0,0,214015,214219
202607181958,e2e_trace_v3,3688,72132356533650360,0,perception.lidar_detection,out,5560756633664,1,/perception/lidar/detection,0,0,1784375916126507124,0,0,0,214015,214219
