run_id,time_s,relative_to_t1_s,x_m,y_m,speed_mps,source_file,source_line
202607182029,1784377753.067514,-46.948681116104126,-151.1558685302734,-408.73095703125,11.689281136639623,D:\data\300ms\202607182029\log\localization.log.INFO.20260718-202723.521625,1
202607182029,1784377753.17899,-46.83720517158508,-152.3070983886719,-409.0126953125,11.98515475969844,D:\data\300ms\202607182029\log\localization.log.INFO.20260718-202723.521625,2
202607182029,1784377753.296471,-46.71972393989563,-153.4891510009766,-409.292724609375,12.276304303465412,D:\data\300ms\202607182029\log\localization.log.INFO.20260718-202723.521625,3
202607182029,1784377753.411857,-46.6043381690979,-154.7000885009766,-409.5709228515625,12.541522588754653,D:\data\300ms\202607182029\log\localization.log.INFO.20260718-202723.521625,4
202607182029,1784377753.551859,-46.46433615684509,-155.9368743896484,-409.8468627929688,12.773881421115917,D:\data\300ms\202607182029\log\localization.log.INFO.20260718-202723.521625,5
202607182029,1784377753.677813,-46.33838200569153,-157.1959991455078,-410.1199951171875,12.96831839803745,D:\data\300ms\202607182029\log\localization.log.INFO.20260718-202723.521625,6
202607182029,1784377753.790585,-46.22561001777649,-158.4733581542969,-410.3893737792969,13.11869925677495,D:\data\300ms\202607182029\log\localization.log.INFO.20260718-202723.521625,7
202607182029,1784377753.904379,-46.11181616783142,-159.7640991210938,-410.6538696289062,13.214296187242596,D:\data\300ms\202607182029\log\localization.log.INFO.20260718-202723.521625,8
202607182029,1784377754.010932,-46.00526309013367,-161.0631561279297,-410.9127502441406,13.269726276102126,D:\data\300ms\202607182029\log\localization.log.INFO.20260718-202723.521625,9
202607182029,1784377754.118767,-45.897428035736084,-162.3682861328125,-411.1656494140625,13.315068030391126,D:\data\300ms\202607182029\log\localization.log.INFO.20260718-202723.521625,10
202607182029,1784377754.232655,-45.78354001045227,-163.6738739013672,-411.4109802246094,13.220062028904996,D:\data\300ms\202607182029\log\localization.log.INFO.20260718-202723.521625,11
202607182029,1784377754.34344,-45.672755002975464,-164.960205078125,-411.6446838378906,12.942002267017887,D:\data\300ms\202607182029\log\localization.log.INFO.20260718-202723.521625,12
202607182029,1784377754.452198,-45.56399703025818,-166.2164764404297,-411.8644409179688,12.597933347585002,D:\data\300ms\202607182029\log\localization.log.INFO.20260718-202723.521625,13
202607182029,1784377754.564502,-45.451693058013916,-167.4435577392578,-412.0702209472656,12.34228182151478,D:\data\300ms\202607182029\log\localization.log.INFO.20260718-202723.521625,14
202607182029,1784377754.682698,-45.333497047424316,-168.6562042236328,-412.2640075683594,12.246579941395483,D:\data\300ms\202607182029\log\localization.log.INFO.20260718-202723.521625,15
202607182029,1784377754.801589,-45.214606046676636,-169.8671112060547,-412.4470520019531,12.256851166060196,D:\data\300ms\202607182029\log\localization.log.INFO.20260718-202723.521625,16
202607182029,1784377754.913707,-45.10248804092407,-171.0852355957031,-412.6200561523438,12.350544242045373,D:\data\300ms\202607182029\log\localization.log.INFO.20260718-202723.521625,17
202607182029,1784377755.021399,-44.99479603767395,-172.3182983398438,-412.7836303710938,12.519554870256545,D:\data\300ms\202607182029\log\localization.log.INFO.20260718-202723.521625,18
202607182029,1784377755.133218,-44.88297700881958,-173.5722961425781,-412.9380798339844,12.728173366273932,D:\data\300ms\202607182029\log\localization.log.INFO.20260718-202723.521625,19
202607182029,1784377755.246632,-44.76956295967102,-174.8487243652344,-413.0836486816406,12.943028114128037,D:\data\300ms\202607182029\log\localization.log.INFO.20260718-202723.521625,20
202607182029,1784377755.358966,-44.65722894668579,-176.1483154296875,-413.2207641601562,13.1738268988399,D:\data\300ms\202607182029\log\localization.log.INFO.20260718-202723.521625,21
202607182029,1784377755.467917,-44.54827809333801,-177.4729309082031,-413.3504943847656,13.420919239879254,D:\data\300ms\202607182029\log\localization.log.INFO.20260718-202723.521625,22
202607182029,1784377755.575917,-44.44027805328369,-178.8234558105469,-413.4735717773438,13.67673518562162,D:\data\300ms\202607182029\log\localization.log.INFO.20260718-202723.521625,23
202607182029,1784377755.684913,-44.33128213882446,-180.2009887695312,-413.5910339355469,13.95044429299037,D:\data\300ms\202607182029\log\localization.log.INFO.20260718-202723.521625,24
202607182029,1784377755.797454,-44.218740940093994,-181.6067962646484,-413.7040405273438,14.225037360066736,D:\data\300ms\202607182029\log\localization.log.INFO.20260718-202723.521625,25
202607182029,1784377755.917099,-44.099096059799194,-183.0398406982422,-413.8129577636719,14.491789041402585,D:\data\300ms\202607182029\log\localization.log.INFO.20260718-202723.521625,26
202607182029,1784377756.030975,-43.985219955444336,-184.4996643066406,-413.9178466796875,14.751892900364831,D:\data\300ms\202607182029\log\localization.log.INFO.20260718-202723.521625,27
202607182029,1784377756.141231,-43.874963998794556,-185.98486328125,-414.0187683105469,14.992220748931972,D:\data\300ms\202607182029\log\localization.log.INFO.20260718-202723.521625,28
202607182029,1784377756.255313,-43.76088213920593,-187.4931182861328,-414.1150817871094,15.210081383461526,D:\data\300ms\202607182029\log\localization.log.INFO.20260718-202723.521625,29
202607182029,1784377756.363464,-43.65273094177246,-189.0223388671875,-414.2062377929688,15.405020013221138,D:\data\300ms\202607182029\log\localization.log.INFO.20260718-202723.521625,30
202607182029,1784377756.476528,-43.5396671295166,-190.5682525634766,-414.2921142578125,15.531485900277687,D:\data\300ms\202607182029\log\localization.log.INFO.20260718-202723.521625,31
202607182029,1784377756.59056,-43.42563509941101,-192.1165161132812,-414.370849609375,15.433610712533348,D:\data\300ms\202607182029\log\localization.log.INFO.20260718-202723.521625,32
202607182029,1784377756.700636,-43.31555914878845,-193.641845703125,-414.4407043457031,15.122104245738537,D:\data\300ms\202607182029\log\localization.log.INFO.20260718-202723.521625,33
202607182029,1784377756.811417,-43.20477795600891,-195.1360931396484,-414.5008239746094,14.84579761149351,D:\data\300ms\202607182029\log\localization.log.INFO.20260718-202723.521625,34
202607182029,1784377756.923038,-43.093157052993774,-196.6129455566406,-414.5511474609375,14.745722106773037,D:\data\300ms\202607182029\log\localization.log.INFO.20260718-202723.521625,35
202607182029,1784377757.036654,-42.979541063308716,-198.0878448486328,-414.5921325683594,14.775806802627926,D:\data\300ms\202607182029\log\localization.log.INFO.20260718-202723.521625,36
202607182029,1784377757.150101,-42.86609411239624,-199.5710296630859,-414.6243286132812,14.892908118395624,D:\data\300ms\202607182029\log\localization.log.INFO.20260718-202723.521625,37
202607182029,1784377757.26276,-42.753435134887695,-201.0699310302734,-414.6483154296875,15.078100203346773,D:\data\300ms\202607182029\log\localization.log.INFO.20260718-202723.521625,38
202607182029,1784377757.374747,-42.64144802093506,-202.5905609130859,-414.66455078125,15.316295901772481,D:\data\300ms\202607182029\log\localization.log.INFO.20260718-202723.521625,39
202607182029,1784377757.48566,-42.530534982681274,-204.1354064941406,-414.6737365722656,15.489343392961793,D:\data\300ms\202607182029\log\localization.log.INFO.20260718-202723.521625,40
202607182029,1784377757.596401,-42.4197940826416,-205.6863403320312,-414.6766967773438,15.605118200820883,D:\data\300ms\202607182029\log\localization.log.INFO.20260718-202723.521625,41
202607182029,1784377757.720703,-42.29549217224121,-207.2708892822266,-414.6750183105469,16.01393078988672,D:\data\300ms\202607182029\log\localization.log.INFO.20260718-202723.521625,42
202607182029,1784377757.829147,-42.18704795837402,-208.8889007568359,-414.6697692871094,16.30131560254577,D:\data\300ms\202607182029\log\localization.log.INFO.20260718-202723.521625,43
202607182029,1784377757.942512,-42.07368302345276,-210.5319061279297,-414.6621704101562,16.53189275566161,D:\data\300ms\202607182029\log\localization.log.INFO.20260718-202723.521625,44
202607182029,1784377758.056244,-41.95995116233826,-212.1961822509766,-414.6534729003906,16.729106286531632,D:\data\300ms\202607182029\log\localization.log.INFO.20260718-202723.521625,45
202607182029,1784377758.169526,-41.84666895866394,-213.8781127929688,-414.6446838378906,16.888818672329474,D:\data\300ms\202607182029\log\localization.log.INFO.20260718-202723.521625,46
202607182029,1784377758.279726,-41.73646903038025,-215.5741424560547,-414.6367492675781,17.014949796987338,D:\data\300ms\202607182029\log\localization.log.INFO.20260718-202723.521625,47
202607182029,1784377758.388303,-41.6278920173645,-217.2811126708984,-414.6301879882812,17.111454840643596,D:\data\300ms\202607182029\log\localization.log.INFO.20260718-202723.521625,48
202607182029,1784377758.495868,-41.52032709121704,-218.9962768554688,-414.6253051757812,17.183000803092472,D:\data\300ms\202607182029\log\localization.log.INFO.20260718-202723.521625,49
202607182029,1784377758.618608,-41.397587060928345,-220.7179870605469,-414.6219177246094,17.245929671179443,D:\data\300ms\202607182029\log\localization.log.INFO.20260718-202723.521625,50
202607182029,1784377758.728475,-41.28771996498108,-222.4454956054688,-414.6195678710938,17.296155634088983,D:\data\300ms\202607182029\log\localization.log.INFO.20260718-202723.521625,51
202607182029,1784377758.840519,-41.175676107406616,-224.1769714355469,-414.6174621582031,17.32882827875461,D:\data\300ms\202607182029\log\localization.log.INFO.20260718-202723.521625,52
202607182029,1784377758.952558,-41.063637018203735,-225.9112243652344,-414.61474609375,17.353563630670934,D:\data\300ms\202607182029\log\localization.log.INFO.20260718-202723.521625,53
202607182029,1784377759.067974,-40.94822096824646,-227.6476135253906,-414.6109008789062,17.371780026053703,D:\data\300ms\202607182029\log\localization.log.INFO.20260718-202723.521625,54
202607182029,1784377759.179171,-40.837023973464966,-229.3855590820312,-414.6053466796875,17.38593907373344,D:\data\300ms\202607182029\log\localization.log.INFO.20260718-202723.521625,55
202607182029,1784377759.298859,-40.71733617782593,-231.125,-414.5982971191406,17.401831643079515,D:\data\300ms\202607182029\log\localization.log.INFO.20260718-202723.521625,56
202607182029,1784377759.410591,-40.60560417175293,-232.8662414550781,-414.5902099609375,17.422047895254966,D:\data\300ms\202607182029\log\localization.log.INFO.20260718-202723.521625,57
202607182029,1784377759.533128,-40.48306703567505,-234.6097869873047,-414.5816040039062,17.447486068729877,D:\data\300ms\202607182029\log\localization.log.INFO.20260718-202723.521625,58
202607182029,1784377759.64469,-40.37150502204895,-236.3560028076172,-414.5734252929688,17.474645282431073,D:\data\300ms\202607182029\log\localization.log.INFO.20260718-202723.521625,59
202607182029,1784377759.756064,-40.26013112068176,-238.1048126220703,-414.5664367675781,17.49840973319619,D:\data\300ms\202607182029\log\localization.log.INFO.20260718-202723.521625,60
202607182029,1784377759.874724,-40.14147114753723,-239.85595703125,-414.5615234375,17.52297556797957,D:\data\300ms\202607182029\log\localization.log.INFO.20260718-202723.521625,61
202607182029,1784377759.986127,-40.030068159103394,-241.6096496582031,-414.5592041015625,17.548080447456996,D:\data\300ms\202607182029\log\localization.log.INFO.20260718-202723.521625,62
202607182029,1784377760.103404,-39.91279101371765,-243.3658599853516,-414.5598754882812,17.574603256845513,D:\data\300ms\202607182029\log\localization.log.INFO.20260718-202723.521625,63
202607182029,1784377760.212447,-39.80374813079834,-245.1246795654297,-414.5639038085938,17.598615723873852,D:\data\300ms\202607182029\log\localization.log.INFO.20260718-202723.521625,64
202607182029,1784377760.325303,-39.69089198112488,-246.8856964111328,-414.5711364746094,17.620312088943237,D:\data\300ms\202607182029\log\localization.log.INFO.20260718-202723.521625,65
202607182029,1784377760.435748,-39.58044695854187,-248.6487884521484,-414.5811157226562,17.63778205404517,D:\data\300ms\202607182029\log\localization.log.INFO.20260718-202723.521625,66
202607182029,1784377760.546544,-39.469650983810425,-250.4079437255859,-414.5936584472656,17.5217854743182,D:\data\300ms\202607182029\log\localization.log.INFO.20260718-202723.521625,67
202607182029,1784377760.657239,-39.35895609855652,-252.1464233398438,-414.607421875,17.264674219855536,D:\data\300ms\202607182029\log\localization.log.INFO.20260718-202723.521625,68
202607182029,1784377760.76722,-39.24897503852844,-253.8559112548828,-414.6213073730469,16.95548127479268,D:\data\300ms\202607182029\log\localization.log.INFO.20260718-202723.521625,69
202607182029,1784377760.878924,-39.13727116584778,-255.5337066650391,-414.6344909667969,16.63462872907402,D:\data\300ms\202607182029\log\localization.log.INFO.20260718-202723.521625,70
202607182029,1784377761.019432,-38.99676299095154,-257.1835632324219,-414.6462097167969,16.412319454450692,D:\data\300ms\202607182029\log\localization.log.INFO.20260718-202723.521625,71
202607182029,1784377761.132858,-38.88333702087402,-258.8194885253906,-414.6560363769531,16.332190991518146,D:\data\300ms\202607182029\log\localization.log.INFO.20260718-202723.521625,72
202607182029,1784377761.244521,-38.771674156188965,-260.4530944824219,-414.6640014648438,16.348535234877392,D:\data\300ms\202607182029\log\localization.log.INFO.20260718-202723.521625,73
202607182029,1784377761.363441,-38.652754068374634,-262.0919799804688,-414.6702880859375,16.42772795430835,D:\data\300ms\202607182029\log\localization.log.INFO.20260718-202723.521625,74
202607182029,1784377761.476145,-38.54005002975464,-263.740966796875,-414.67529296875,16.541367844678255,D:\data\300ms\202607182029\log\localization.log.INFO.20260718-202723.521625,75
202607182029,1784377761.593073,-38.42312216758728,-265.4021606445312,-414.6795349121094,16.668992624595415,D:\data\300ms\202607182029\log\localization.log.INFO.20260718-202723.521625,76
202607182029,1784377761.704658,-38.31153702735901,-267.0762023925781,-414.68359375,16.796816896301905,D:\data\300ms\202607182029\log\localization.log.INFO.20260718-202723.521625,77
202607182029,1784377761.816882,-38.199313163757324,-268.7565612792969,-414.6872863769531,16.764596554785385,D:\data\300ms\202607182029\log\localization.log.INFO.20260718-202723.521625,78
202607182029,1784377761.955783,-38.06041216850281,-270.420654296875,-414.6914367675781,16.527078258602792,D:\data\300ms\202607182029\log\localization.log.INFO.20260718-202723.521625,79
202607182029,1784377762.064771,-37.95142412185669,-272.05615234375,-414.6962890625,16.21209142969368,D:\data\300ms\202607182029\log\localization.log.INFO.20260718-202723.521625,80
202607182029,1784377762.176006,-37.84018898010254,-273.6586608886719,-414.7023010253906,15.873233822187084,D:\data\300ms\202607182029\log\localization.log.INFO.20260718-202723.521625,81
202607182029,1784377762.290678,-37.72551703453064,-275.2271423339844,-414.7095947265625,15.53312891724915,D:\data\300ms\202607182029\log\localization.log.INFO.20260718-202723.521625,82
202607182029,1784377762.407475,-37.60872006416321,-276.7630920410156,-414.7183837890625,15.221487425534962,D:\data\300ms\202607182029\log\localization.log.INFO.20260718-202723.521625,83
202607182029,1784377762.516826,-37.4993691444397,-278.2726745605469,-414.7287902832031,15.016314549785498,D:\data\300ms\202607182029\log\localization.log.INFO.20260718-202723.521625,84
202607182029,1784377762.626253,-37.38994216918945,-279.7695922851562,-414.7408142089844,14.944888847113676,D:\data\300ms\202607182029\log\localization.log.INFO.20260718-202723.521625,85
202607182029,1784377762.736248,-37.27994704246521,-281.2644653320312,-414.7544555664062,14.961661941713967,D:\data\300ms\202607182029\log\localization.log.INFO.20260718-202723.521625,86
202607182029,1784377762.853698,-37.16249704360962,-282.7645874023438,-414.7694091796875,15.038922844688937,D:\data\300ms\202607182029\log\localization.log.INFO.20260718-202723.521625,87
202607182029,1784377762.965026,-37.0511691570282,-284.2744140625,-414.7857666015625,15.149049965129935,D:\data\300ms\202607182029\log\localization.log.INFO.20260718-202723.521625,88
202607182029,1784377763.075416,-36.940778970718384,-285.7960205078125,-414.80322265625,15.271801791017799,D:\data\300ms\202607182029\log\localization.log.INFO.20260718-202723.521625,89
202607182029,1784377763.184131,-36.832064151763916,-287.3298034667969,-414.8216247558594,15.391537332449465,D:\data\300ms\202607182029\log\localization.log.INFO.20260718-202723.521625,90
202607182029,1784377763.294226,-36.72196912765503,-288.8689575195312,-414.8410034179688,15.349858388094248,D:\data\300ms\202607182029\log\localization.log.INFO.20260718-202723.521625,91
202607182029,1784377763.404472,-36.61172294616699,-290.3916931152344,-414.8606872558594,15.117340990628128,D:\data\300ms\202607182029\log\localization.log.INFO.20260718-202723.521625,92
202607182029,1784377763.515646,-36.50054907798767,-291.8869018554688,-414.8804931640625,14.817190003823669,D:\data\300ms\202607182029\log\localization.log.INFO.20260718-202723.521625,93
202607182029,1784377763.641497,-36.37469816207886,-293.3523559570312,-414.9003295898438,14.573792937292117,D:\data\300ms\202607182029\log\localization.log.INFO.20260718-202723.521625,94
202607182029,1784377763.751863,-36.26433205604553,-294.7996826171875,-414.9198608398438,14.304319171491162,D:\data\300ms\202607182029\log\localization.log.INFO.20260718-202723.521625,95
202607182029,1784377763.861205,-36.15498995780945,-296.19384765625,-414.9386901855469,13.68307490768241,D:\data\300ms\202607182029\log\localization.log.INFO.20260718-202723.521625,96
202607182029,1784377763.970627,-36.045567989349365,-297.5350036621094,-414.9566650390625,13.207031351350768,D:\data\300ms\202607182029\log\localization.log.INFO.20260718-202723.521625,97
202607182029,1784377764.082945,-35.933249950408936,-298.8366394042969,-414.9738159179688,12.894696084040804,D:\data\300ms\202607182029\log\localization.log.INFO.20260718-202723.521625,98
202607182029,1784377764.194467,-35.821727991104126,-300.1188049316406,-414.990234375,12.790776775878959,D:\data\300ms\202607182029\log\localization.log.INFO.20260718-202723.521625,99
202607182029,1784377764.305608,-35.71058702468872,-301.3993530273438,-415.0060119628906,12.836408234589959,D:\data\300ms\202607182029\log\localization.log.INFO.20260718-202723.521625,100
202607182029,1784377764.417857,-35.59833812713623,-302.6893615722656,-415.0211181640625,12.965020561195363,D:\data\300ms\202607182029\log\localization.log.INFO.20260718-202723.521625,101
202607182029,1784377764.530509,-35.48568606376648,-303.9945983886719,-415.0353393554688,13.131055165418937,D:\data\300ms\202607182029\log\localization.log.INFO.20260718-202723.521625,102
202607182029,1784377764.638722,-35.37747311592102,-305.3172912597656,-415.0484619140625,13.309812470792943,D:\data\300ms\202607182029\log\localization.log.INFO.20260718-202723.521625,103
202607182029,1784377764.747741,-35.26845407485962,-306.6579895019531,-415.0601196289062,13.490171638030782,D:\data\300ms\202607182029\log\localization.log.INFO.20260718-202723.521625,104
202607182029,1784377764.856599,-35.15959596633911,-308.0105895996094,-415.0707397460938,13.508890171742898,D:\data\300ms\202607182029\log\localization.log.INFO.20260718-202723.521625,105
202607182029,1784377764.971965,-35.04422998428345,-309.3481140136719,-415.0801391601562,13.250257450229716,D:\data\300ms\202607182029\log\localization.log.INFO.20260718-202723.521625,106
202607182029,1784377765.080971,-34.9352240562439,-310.6528930664062,-415.0879516601562,12.887356377268341,D:\data\300ms\202607182029\log\localization.log.INFO.20260718-202723.521625,107
202607182029,1784377765.193463,-34.82273197174072,-311.9193115234375,-415.0939331054688,12.495638366513742,D:\data\300ms\202607182029\log\localization.log.INFO.20260718-202723.521625,108
202607182029,1784377765.302593,-34.71360206604004,-313.1462707519531,-415.0977783203125,12.103063393029599,D:\data\300ms\202607182029\log\localization.log.INFO.20260718-202723.521625,109
202607182029,1784377765.410988,-34.60520696640015,-314.3343200683594,-415.0990600585938,11.719204129947949,D:\data\300ms\202607182029\log\localization.log.INFO.20260718-202723.521625,110
202607182029,1784377765.519933,-34.496262073516846,-315.4853820800781,-415.097412109375,11.363144901347303,D:\data\300ms\202607182029\log\localization.log.INFO.20260718-202723.521625,111
202607182029,1784377765.628483,-34.38771200180054,-316.6054382324219,-415.0921325683594,11.112841086739454,D:\data\300ms\202607182029\log\localization.log.INFO.20260718-202723.521625,112
202607182029,1784377765.739281,-34.27691411972046,-317.7106323242188,-415.0829467773438,11.041501361857495,D:\data\300ms\202607182029\log\localization.log.INFO.20260718-202723.521625,113
202607182029,1784377765.854604,-34.16159105300903,-318.8161926269531,-415.069091796875,11.098131008979266,D:\data\300ms\202607182029\log\localization.log.INFO.20260718-202723.521625,114
202607182029,1784377765.964464,-34.05173110961914,-319.9326782226562,-415.0499572753906,11.24967897173032,D:\data\300ms\202607182029\log\localization.log.INFO.20260718-202723.521625,115
202607182029,1784377766.078356,-33.93783903121948,-321.0685119628906,-415.0247192382812,11.470628415058316,D:\data\300ms\202607182029\log\localization.log.INFO.20260718-202723.521625,116
202607182029,1784377766.187913,-33.82828211784363,-322.2283630371094,-414.9930114746094,11.724603556146258,D:\data\300ms\202607182029\log\localization.log.INFO.20260718-202723.521625,117
202607182029,1784377766.299786,-33.7164089679718,-323.4138793945312,-414.9545593261719,11.981899005981486,D:\data\300ms\202607182029\log\localization.log.INFO.20260718-202723.521625,118
202607182029,1784377766.41103,-33.605165004730225,-324.6240844726562,-414.9092102050781,12.221300328945485,D:\data\300ms\202607182029\log\localization.log.INFO.20260718-202723.521625,119
202607182029,1784377766.520628,-33.495567083358765,-325.8564453125,-414.8570556640625,12.431403610660489,D:\data\300ms\202607182029\log\localization.log.INFO.20260718-202723.521625,120
202607182029,1784377766.629806,-33.3863890171051,-327.1073913574219,-414.7985534667969,12.600441645130774,D:\data\300ms\202607182029\log\localization.log.INFO.20260718-202723.521625,121
202607182029,1784377766.745402,-33.270792961120605,-328.3722229003906,-414.7340087890625,12.717352268330606,D:\data\300ms\202607182029\log\localization.log.INFO.20260718-202723.521625,122
202607182029,1784377766.859653,-33.1565420627594,-329.6455078125,-414.663818359375,12.78191016502304,D:\data\300ms\202607182029\log\localization.log.INFO.20260718-202723.521625,123
202607182029,1784377766.971152,-33.045042991638184,-330.9168395996094,-414.5886535644531,12.665108086477805,D:\data\300ms\202607182029\log\localization.log.INFO.20260718-202723.521625,124
202607182029,1784377767.076873,-32.939321994781494,-332.1642761230469,-414.5100402832031,12.366415204103685,D:\data\300ms\202607182029\log\localization.log.INFO.20260718-202723.521625,125
202607182029,1784377767.187452,-32.82874298095703,-333.3775634765625,-414.4283752441406,12.005835268338824,D:\data\300ms\202607182029\log\localization.log.INFO.20260718-202723.521625,126
202607182029,1784377767.302325,-32.71387004852295,-334.5531921386719,-414.3438110351562,11.62848379581863,D:\data\300ms\202607182029\log\localization.log.INFO.20260718-202723.521625,127
202607182029,1784377767.415615,-32.60057997703552,-335.6912536621094,-414.2557373046875,11.298778175077585,D:\data\300ms\202607182029\log\localization.log.INFO.20260718-202723.521625,128
202607182029,1784377767.525723,-32.490472078323364,-336.8104248046875,-414.1622314453125,11.205014824837354,D:\data\300ms\202607182029\log\localization.log.INFO.20260718-202723.521625,129
202607182029,1784377767.636274,-32.379920959472656,-337.8656921386719,-414.0669860839844,10.242379819924327,D:\data\300ms\202607182029\log\localization.log.INFO.20260718-202723.521625,130
202607182029,1784377767.750077,-32.26611804962158,-338.8590698242188,-413.9694519042969,9.847464406139617,D:\data\300ms\202607182029\log\localization.log.INFO.20260718-202723.521625,131
202607182029,1784377767.860545,-32.15565013885498,-339.8277587890625,-413.8666687011719,9.701805503597852,D:\data\300ms\202607182029\log\localization.log.INFO.20260718-202723.521625,132
202607182029,1784377767.969631,-32.04656410217285,-340.7904663085938,-413.7567749023438,9.72418327822432,D:\data\300ms\202607182029\log\localization.log.INFO.20260718-202723.521625,133
202607182029,1784377768.079096,-31.93709897994995,-341.7628479003906,-413.6375427246094,9.890946420234393,D:\data\300ms\202607182029\log\localization.log.INFO.20260718-202723.521625,134
202607182029,1784377768.19178,-31.8244149684906,-342.7561340332031,-413.5072937011719,10.148774204560986,D:\data\300ms\202607182029\log\localization.log.INFO.20260718-202723.521625,135
202607182029,1784377768.306024,-31.71017098426819,-343.7769470214844,-413.3650207519531,10.456726990183824,D:\data\300ms\202607182029\log\localization.log.INFO.20260718-202723.521625,136
202607182029,1784377768.426423,-31.58977198600769,-344.8282470703125,-413.2108764648438,10.778299309663458,D:\data\300ms\202607182029\log\localization.log.INFO.20260718-202723.521625,137
202607182029,1784377768.535614,-31.480581045150757,-345.9024047851562,-413.04638671875,10.890536789029841,D:\data\300ms\202607182029\log\localization.log.INFO.20260718-202723.521625,138
202607182029,1784377768.647951,-31.368244171142578,-346.9902954101562,-412.873779296875,11.32082909619449,D:\data\300ms\202607182029\log\localization.log.INFO.20260718-202723.521625,139
202607182029,1784377768.759929,-31.256266117095947,-348.1424865722656,-412.6849975585938,11.92125820155778,D:\data\300ms\202607182029\log\localization.log.INFO.20260718-202723.521625,140
202607182029,1784377768.869055,-31.14714002609253,-349.3382873535156,-412.4812316894531,12.255446768786017,D:\data\300ms\202607182029\log\localization.log.INFO.20260718-202723.521625,141
202607182029,1784377768.980524,-31.03567099571228,-350.5476379394531,-412.2680358886719,12.249710170075133,D:\data\300ms\202607182029\log\localization.log.INFO.20260718-202723.521625,142
202607182029,1784377769.092268,-30.923927068710327,-351.7392578125,-412.0519104003906,11.985432219254896,D:\data\300ms\202607182029\log\localization.log.INFO.20260718-202723.521625,143
202607182029,1784377769.205618,-30.810577154159546,-352.8984985351562,-411.835693359375,11.633110855317735,D:\data\300ms\202607182029\log\localization.log.INFO.20260718-202723.521625,144
202607182029,1784377769.315079,-30.70111608505249,-354.0210571289062,-411.6203308105469,11.266069102118905,D:\data\300ms\202607182029\log\localization.log.INFO.20260718-202723.521625,145
202607182029,1784377769.437984,-30.578211069107056,-355.1138305664062,-411.4048767089844,11.076852508208718,D:\data\300ms\202607182029\log\localization.log.INFO.20260718-202723.521625,146
202607182029,1784377769.55002,-30.466175079345703,-356.1704711914062,-411.1903381347656,10.345515304082362,D:\data\300ms\202607182029\log\localization.log.INFO.20260718-202723.521625,147
202607182029,1784377769.662244,-30.35395097732544,-357.1356811523438,-410.9874572753906,9.518138231715476,D:\data\300ms\202607182029\log\localization.log.INFO.20260718-202723.521625,148
202607182029,1784377769.774101,-30.242094039916992,-358.0342102050781,-410.7907409667969,8.994113921921281,D:\data\300ms\202607182029\log\localization.log.INFO.20260718-202723.521625,149
202607182029,1784377769.886427,-30.129768133163452,-358.8970336914062,-410.5948486328125,8.761704158507037,D:\data\300ms\202607182029\log\localization.log.INFO.20260718-202723.521625,150
202607182029,1784377770.025692,-29.990503072738647,-359.7475280761719,-410.3946838378906,8.749796816836852,D:\data\300ms\202607182029\log\localization.log.INFO.20260718-202723.521625,151
202607182029,1784377770.138676,-29.877519130706787,-360.6067504882812,-410.1851501464844,8.940195804506123,D:\data\300ms\202607182029\log\localization.log.INFO.20260718-202723.521625,152
202607182029,1784377770.250077,-29.766118049621582,-361.4903869628906,-409.9624633789062,9.264568561590405,D:\data\300ms\202607182029\log\localization.log.INFO.20260718-202723.521625,153
202607182029,1784377770.360734,-29.655461072921753,-362.4085998535156,-409.7238159179688,9.67614088340361,D:\data\300ms\202607182029\log\localization.log.INFO.20260718-202723.521625,154
202607182029,1784377770.479401,-29.53679394721985,-363.3614501953125,-409.4736633300781,9.916189278800653,D:\data\300ms\202607182029\log\localization.log.INFO.20260718-202723.521625,155
202607182029,1784377770.590145,-29.426049947738647,-364.31298828125,-409.2225341796875,9.743256722247764,D:\data\300ms\202607182029\log\localization.log.INFO.20260718-202723.521625,156
202607182029,1784377770.70082,-29.315375089645386,-365.2356567382812,-408.9781494140625,9.369099453038357,D:\data\300ms\202607182029\log\localization.log.INFO.20260718-202723.521625,157
202607182029,1784377770.813881,-29.202314138412476,-366.1168518066406,-408.74462890625,8.907018756144623,D:\data\300ms\202607182029\log\localization.log.INFO.20260718-202723.521625,158
202607182029,1784377770.930283,-29.085911989212036,-366.95166015625,-408.5227966308594,8.420647442482506,D:\data\300ms\202607182029\log\localization.log.INFO.20260718-202723.521625,159
202607182029,1784377771.040726,-28.97546911239624,-367.7400817871094,-408.3118591308594,7.95457414624167,D:\data\300ms\202607182029\log\localization.log.INFO.20260718-202723.521625,160
202607182029,1784377771.153145,-28.86304998397827,-368.4869079589844,-408.109375,7.587961634020129,D:\data\300ms\202607182029\log\localization.log.INFO.20260718-202723.521625,161
202607182029,1784377771.272628,-28.74356698989868,-369.2074890136719,-407.9104919433594,7.406153291566742,D:\data\300ms\202607182029\log\localization.log.INFO.20260718-202723.521625,162
202607182029,1784377771.390306,-28.62588906288147,-369.9175720214844,-407.7102661132812,7.3714937466305335,D:\data\300ms\202607182029\log\localization.log.INFO.20260718-202723.521625,163
202607182029,1784377771.505733,-28.510462045669556,-370.6299133300781,-407.5038146972656,7.472204061517861,D:\data\300ms\202607182029\log\localization.log.INFO.20260718-202723.521625,164
202607182029,1784377771.626068,-28.390126943588257,-371.3574829101562,-407.2863464355469,7.710040030291196,D:\data\300ms\202607182029\log\localization.log.INFO.20260718-202723.521625,165
202607182029,1784377771.735903,-28.28029203414917,-372.1120910644531,-407.0537414550781,8.058311627261546,D:\data\300ms\202607182029\log\localization.log.INFO.20260718-202723.521625,166
202607182029,1784377771.859528,-28.15666699409485,-372.9020690917969,-406.8028869628906,8.485048512974657,D:\data\300ms\202607182029\log\localization.log.INFO.20260718-202723.521625,167
202607182029,1784377771.969201,-28.04699397087097,-373.7346496582031,-406.53125,8.993538686965785,D:\data\300ms\202607182029\log\localization.log.INFO.20260718-202723.521625,168
202607182029,1784377772.08497,-27.931225061416626,-374.61669921875,-406.2362670898438,9.543158375131373,D:\data\300ms\202607182029\log\localization.log.INFO.20260718-202723.521625,169
202607182029,1784377772.19756,-27.81863498687744,-375.5451965332031,-405.9186706542969,10.019922983014068,D:\data\300ms\202607182029\log\localization.log.INFO.20260718-202723.521625,170
202607182029,1784377772.309953,-27.706242084503174,-376.5116577148438,-405.5816955566406,10.397537716787829,D:\data\300ms\202607182029\log\localization.log.INFO.20260718-202723.521625,171
202607182029,1784377772.447656,-27.568539142608643,-377.5072326660156,-405.2298278808594,10.67865974109024,D:\data\300ms\202607182029\log\localization.log.INFO.20260718-202723.521625,172
202607182029,1784377772.558929,-27.457266092300415,-378.52294921875,-404.8669128417969,10.860771556056209,D:\data\300ms\202607182029\log\localization.log.INFO.20260718-202723.521625,173
202607182029,1784377772.670521,-27.34567403793335,-379.5492248535156,-404.4965209960938,10.938015380520111,D:\data\300ms\202607182029\log\localization.log.INFO.20260718-202723.521625,174
202607182029,1784377772.78068,-27.235515117645264,-380.5723876953125,-404.1234741210938,10.806938141875087,D:\data\300ms\202607182029\log\localization.log.INFO.20260718-202723.521625,175
202607182029,1784377772.901408,-27.114787101745605,-381.5681457519531,-403.7564392089844,10.435985836193082,D:\data\300ms\202607182029\log\localization.log.INFO.20260718-202723.521625,176
202607182029,1784377773.015284,-27.000910997390747,-382.5214233398438,-403.4000549316406,9.962297887611154,D:\data\300ms\202607182029\log\localization.log.INFO.20260718-202723.521625,177
202607182029,1784377773.12796,-26.888235092163086,-383.4263305664062,-403.0553894042969,9.45796533545779,D:\data\300ms\202607182029\log\localization.log.INFO.20260718-202723.521625,178
202607182029,1784377773.254261,-26.76193404197693,-384.2854309082031,-402.7213439941406,9.054109817092902,D:\data\300ms\202607182029\log\localization.log.INFO.20260718-202723.521625,179
202607182029,1784377773.367411,-26.648784160614014,-385.1160888671875,-402.3908386230469,8.878535862213493,D:\data\300ms\202607182029\log\localization.log.INFO.20260718-202723.521625,180
202607182029,1784377773.480153,-26.536041975021362,-385.9379577636719,-402.0558166503906,8.8965807649759,D:\data\300ms\202607182029\log\localization.log.INFO.20260718-202723.521625,181
202607182029,1784377773.592411,-26.423784017562866,-386.7681274414062,-401.7088928222656,9.109798109512925,D:\data\300ms\202607182029\log\localization.log.INFO.20260718-202723.521625,182
202607182029,1784377773.705659,-26.31053614616394,-387.6252746582031,-401.3417053222656,9.52169162212434,D:\data\300ms\202607182029\log\localization.log.INFO.20260718-202723.521625,183
202607182029,1784377773.816495,-26.199700117111206,-388.522216796875,-400.9485778808594,9.94608641269368,D:\data\300ms\202607182029\log\localization.log.INFO.20260718-202723.521625,184
202607182029,1784377773.929356,-26.086838960647583,-389.4275817871094,-400.5443420410156,9.993672959561161,D:\data\300ms\202607182029\log\localization.log.INFO.20260718-202723.521625,185
202607182029,1784377774.042356,-25.973839044570923,-390.3847961425781,-400.1097106933594,10.860221917698341,D:\data\300ms\202607182029\log\localization.log.INFO.20260718-202723.521625,186
202607182029,1784377774.162167,-25.85402798652649,-391.4010009765625,-399.6417541503906,11.419649360454708,D:\data\300ms\202607182029\log\localization.log.INFO.20260718-202723.521625,187
202607182029,1784377774.282114,-25.734081029891968,-392.45703125,-399.1497192382812,11.823828249951777,D:\data\300ms\202607182029\log\localization.log.INFO.20260718-202723.521625,188
202607182029,1784377774.393593,-25.622601985931396,-393.5420532226562,-398.6393127441406,12.110424956400903,D:\data\300ms\202607182029\log\localization.log.INFO.20260718-202723.521625,189
202607182029,1784377774.509733,-25.50646209716797,-394.64501953125,-398.1164855957031,12.268800877036812,D:\data\300ms\202607182029\log\localization.log.INFO.20260718-202723.521625,190
202607182029,1784377774.620492,-25.395703077316284,-395.7503051757812,-397.5863952636719,12.209707355609165,D:\data\300ms\202607182029\log\localization.log.INFO.20260718-202723.521625,191
202607182029,1784377774.735482,-25.280713081359863,-396.8369750976562,-397.0596008300781,11.955626112202502,D:\data\300ms\202607182029\log\localization.log.INFO.20260718-202723.521625,192
202607182029,1784377774.847291,-25.168904066085815,-397.8934631347656,-396.5407409667969,11.617023564964873,D:\data\300ms\202607182029\log\localization.log.INFO.20260718-202723.521625,193
202607182029,1784377774.965142,-25.051053047180176,-398.9149169921875,-396.0308227539062,11.256759887842971,D:\data\300ms\202607182029\log\localization.log.INFO.20260718-202723.521625,194
202607182029,1784377775.080624,-24.93557095527649,-399.9102172851562,-395.5242919921875,11.128225468930749,D:\data\300ms\202607182029\log\localization.log.INFO.20260718-202723.521625,195
202607182029,1784377775.201977,-24.814218044281006,-400.8693542480469,-395.026123046875,10.410318167754978,D:\data\300ms\202607182029\log\localization.log.INFO.20260718-202723.521625,196
202607182029,1784377775.318853,-24.69734215736389,-401.76123046875,-394.5517578125,9.925899244004933,D:\data\300ms\202607182029\log\localization.log.INFO.20260718-202723.521625,197
202607182029,1784377775.433169,-24.58302617073059,-402.6245727539062,-394.0827331542969,9.77252235197821,D:\data\300ms\202607182029\log\localization.log.INFO.20260718-202723.521625,198
202607182029,1784377775.547795,-24.46840000152588,-403.4800415039062,-393.6083068847656,9.82017261122447,D:\data\300ms\202607182029\log\localization.log.INFO.20260718-202723.521625,199
202607182029,1784377775.661279,-24.354916095733643,-404.3464050292969,-393.1182250976562,10.093883903347209,D:\data\300ms\202607182029\log\localization.log.INFO.20260718-202723.521625,200
202607182029,1784377775.773346,-24.242849111557007,-405.2370300292969,-392.6047668457031,10.35215231732254,D:\data\300ms\202607182029\log\localization.log.INFO.20260718-202723.521625,201
202607182029,1784377775.897449,-24.118746042251587,-406.1326904296875,-392.0803527832031,10.616252353938258,D:\data\300ms\202607182029\log\localization.log.INFO.20260718-202723.521625,202
202607182029,1784377776.008129,-24.008066177368164,-407.0838623046875,-391.5157775878906,11.375034197441872,D:\data\300ms\202607182029\log\localization.log.INFO.20260718-202723.521625,203
202607182029,1784377776.136854,-23.87934112548828,-408.0816345214844,-390.9188232421875,11.747414306069746,D:\data\300ms\202607182029\log\localization.log.INFO.20260718-202723.521625,204
202607182029,1784377776.246724,-23.769471168518066,-409.0858154296875,-390.3146667480469,11.656810598617755,D:\data\300ms\202607182029\log\localization.log.INFO.20260718-202723.521625,205
202607182029,1784377776.357121,-23.659074068069458,-410.0710144042969,-389.7198486328125,11.38014096211459,D:\data\300ms\202607182029\log\localization.log.INFO.20260718-202723.521625,206
202607182029,1784377776.467986,-23.548208951950073,-411.0284729003906,-389.1400756835938,11.040827111968717,D:\data\300ms\202607182029\log\localization.log.INFO.20260718-202723.521625,207
202607182029,1784377776.581057,-23.43513798713684,-411.966552734375,-388.56982421875,10.921390968302475,D:\data\300ms\202607182029\log\localization.log.INFO.20260718-202723.521625,208
202607182029,1784377776.696642,-23.31955313682556,-412.853271484375,-388.0270690917969,9.95296905339255,D:\data\300ms\202607182029\log\localization.log.INFO.20260718-202723.521625,209
202607182029,1784377776.807608,-23.208587169647217,-413.6621398925781,-387.5267944335938,9.185510366539566,D:\data\300ms\202607182029\log\localization.log.INFO.20260718-202723.521625,210
202607182029,1784377776.920561,-23.09563398361206,-414.4113464355469,-387.0569763183594,8.584592036493868,D:\data\300ms\202607182029\log\localization.log.INFO.20260718-202723.521625,211
202607182029,1784377777.034306,-22.981889009475708,-415.1141662597656,-386.6091613769531,8.16422537178082,D:\data\300ms\202607182029\log\localization.log.INFO.20260718-202723.521625,212
202607182029,1784377777.153547,-22.862648010253906,-415.7889099121094,-386.1716003417969,7.971913252149347,D:\data\300ms\202607182029\log\localization.log.INFO.20260718-202723.521625,213
202607182029,1784377777.266938,-22.74925708770752,-416.4528503417969,-385.7323303222656,7.976003464250956,D:\data\300ms\202607182029\log\localization.log.INFO.20260718-202723.521625,214
202607182029,1784377777.385922,-22.63027310371399,-417.1207580566406,-385.2811889648438,8.14450230227328,D:\data\300ms\202607182029\log\localization.log.INFO.20260718-202723.521625,215
202607182029,1784377777.497436,-22.51875901222229,-417.8037719726562,-384.8104858398438,8.427870179788034,D:\data\300ms\202607182029\log\localization.log.INFO.20260718-202723.521625,216
202607182029,1784377777.608815,-22.40738010406494,-418.5093383789062,-384.3150024414062,8.785412416395811,D:\data\300ms\202607182029\log\localization.log.INFO.20260718-202723.521625,217
202607182029,1784377777.719705,-22.29648995399475,-419.2424926757812,-383.79150390625,9.197233751786134,D:\data\300ms\202607182029\log\localization.log.INFO.20260718-202723.521625,218
202607182029,1784377777.832344,-22.18385100364685,-420.0075378417969,-383.2374877929688,9.653910047682139,D:\data\300ms\202607182029\log\localization.log.INFO.20260718-202723.521625,219
202607182029,1784377777.945844,-22.070351123809814,-420.8070983886719,-382.6521911621094,10.056155256602441,D:\data\300ms\202607182029\log\localization.log.INFO.20260718-202723.521625,220
202607182029,1784377778.056594,-21.959601163864136,-421.6138610839844,-382.0569152832031,10.10609172821478,D:\data\300ms\202607182029\log\localization.log.INFO.20260718-202723.521625,221
202607182029,1784377778.169962,-21.846233129501343,-422.4610595703125,-381.4279174804688,10.777829358211335,D:\data\300ms\202607182029\log\localization.log.INFO.20260718-202723.521625,222
202607182029,1784377778.296779,-21.71941614151001,-423.3281860351562,-380.7813110351562,10.792682701381729,D:\data\300ms\202607182029\log\localization.log.INFO.20260718-202723.521625,223
202607182029,1784377778.408479,-21.60771608352661,-424.1832580566406,-380.1417236328125,10.573808293225516,D:\data\300ms\202607182029\log\localization.log.INFO.20260718-202723.521625,224
202607182029,1784377778.521059,-21.49513602256775,-425.0155639648438,-379.5170593261719,10.268853076261124,D:\data\300ms\202607182029\log\localization.log.INFO.20260718-202723.521625,225
202607182029,1784377778.632878,-21.38331699371338,-425.8303833007812,-378.9026184082031,10.149864689445867,D:\data\300ms\202607182029\log\localization.log.INFO.20260718-202723.521625,226
202607182029,1784377778.743095,-21.27310013771057,-426.5993347167969,-378.3184204101562,9.242653298114911,D:\data\300ms\202607182029\log\localization.log.INFO.20260718-202723.521625,227
202607182029,1784377778.85275,-21.163444995880127,-427.2997436523438,-377.781005859375,8.528546147323773,D:\data\300ms\202607182029\log\localization.log.INFO.20260718-202723.521625,228
202607182029,1784377778.963604,-21.05259108543396,-427.948974609375,-377.2771911621094,7.9759839982690295,D:\data\300ms\202607182029\log\localization.log.INFO.20260718-202723.521625,229
202607182029,1784377779.075517,-20.940678119659424,-428.5570983886719,-376.7987060546875,7.576561056784548,D:\data\300ms\202607182029\log\localization.log.INFO.20260718-202723.521625,230
202607182029,1784377779.189018,-20.827177047729492,-429.1397705078125,-376.3335571289062,7.3813593256351275,D:\data\300ms\202607182029\log\localization.log.INFO.20260718-202723.521625,231
202607182029,1784377779.302027,-20.714168071746826,-429.7108154296875,-375.8703918457031,7.349141503080583,D:\data\300ms\202607182029\log\localization.log.INFO.20260718-202723.521625,232
202607182029,1784377779.426583,-20.589612007141113,-430.2820129394531,-375.3992614746094,7.465641122494104,D:\data\300ms\202607182029\log\localization.log.INFO.20260718-202723.521625,233
202607182029,1784377779.537852,-20.47834300994873,-430.8637390136719,-374.9117736816406,7.702343204421972,D:\data\300ms\202607182029\log\localization.log.INFO.20260718-202723.521625,234
202607182029,1784377779.651891,-20.364304065704346,-431.4634399414062,-374.4017944335938,8.017379111625601,D:\data\300ms\202607182029\log\localization.log.INFO.20260718-202723.521625,235
202607182029,1784377779.761532,-20.25466299057007,-432.0858154296875,-373.8652954101562,8.384951977895362,D:\data\300ms\202607182029\log\localization.log.INFO.20260718-202723.521625,236
202607182029,1784377779.873941,-20.142254114151,-432.7345886230469,-373.29931640625,8.796328029318012,D:\data\300ms\202607182029\log\localization.log.INFO.20260718-202723.521625,237
202607182029,1784377779.986256,-20.0299391746521,-433.4133911132812,-372.7014770507812,9.254679774368375,D:\data\300ms\202607182029\log\localization.log.INFO.20260718-202723.521625,238
202607182029,1784377780.150389,-19.865806102752686,-434.1272888183594,-372.0691223144531,9.774384155889662,D:\data\300ms\202607182029\log\localization.log.INFO.20260718-202723.521625,239
202607182029,1784377780.262329,-19.753865957260132,-434.8788452148438,-371.4006042480469,10.277618132971023,D:\data\300ms\202607182029\log\localization.log.INFO.20260718-202723.521625,240
202607182029,1784377780.373803,-19.6423921585083,-435.6632995605469,-370.7003784179688,10.69407786760653,D:\data\300ms\202607182029\log\localization.log.INFO.20260718-202723.521625,241
202607182029,1784377780.488309,-19.527886152267456,-436.4729614257812,-369.9751586914062,10.998934582804214,D:\data\300ms\202607182029\log\localization.log.INFO.20260718-202723.521625,242
202607182029,1784377780.606111,-19.410084009170532,-437.2953796386719,-369.2349853515625,11.05523758163132,D:\data\300ms\202607182029\log\localization.log.INFO.20260718-202723.521625,243
202607182029,1784377780.719999,-19.29619598388672,-438.103271484375,-368.5026550292969,10.752815178906278,D:\data\300ms\202607182029\log\localization.log.INFO.20260718-202723.521625,244
202607182029,1784377780.82957,-19.186625003814697,-438.8776550292969,-367.7937316894531,10.283621189411132,D:\data\300ms\202607182029\log\localization.log.INFO.20260718-202723.521625,245
202607182029,1784377780.94129,-19.074905157089233,-439.6103820800781,-367.1144104003906,9.75517778920132,D:\data\300ms\202607182029\log\localization.log.INFO.20260718-202723.521625,246
202607182029,1784377781.057615,-18.958580017089844,-440.2991333007812,-366.4660949707031,9.220768726543465,D:\data\300ms\202607182029\log\localization.log.INFO.20260718-202723.521625,247
202607182029,1784377781.167781,-18.848413944244385,-440.9448852539062,-365.8479309082031,8.716659071538404,D:\data\300ms\202607182029\log\localization.log.INFO.20260718-202723.521625,248
202607182029,1784377781.28238,-18.73381495475769,-441.5524597167969,-365.2557678222656,8.324717911654124,D:\data\300ms\202607182029\log\localization.log.INFO.20260718-202723.521625,249
202607182029,1784377781.400635,-18.615560054779053,-442.1354675292969,-364.6773071289062,8.15227948058648,D:\data\300ms\202607182029\log\localization.log.INFO.20260718-202723.521625,250
202607182029,1784377781.513299,-18.502896070480347,-442.7088317871094,-364.0987854003906,8.162412270114492,D:\data\300ms\202607182029\log\localization.log.INFO.20260718-202723.521625,251
202607182029,1784377781.637745,-18.37845015525818,-443.28466796875,-363.50830078125,8.336498433892704,D:\data\300ms\202607182029\log\localization.log.INFO.20260718-202723.521625,252
202607182029,1784377781.764193,-18.252002000808716,-443.8740234375,-362.8960876464844,8.641452132357548,D:\data\300ms\202607182029\log\localization.log.INFO.20260718-202723.521625,253
202607182029,1784377781.873133,-18.143062114715576,-444.4847106933594,-362.2548828125,9.036734960941915,D:\data\300ms\202607182029\log\localization.log.INFO.20260718-202723.521625,254
202607182029,1784377781.988436,-18.027759075164795,-445.1224365234375,-361.5794067382812,9.50191889084892,D:\data\300ms\202607182029\log\localization.log.INFO.20260718-202723.521625,255
202607182029,1784377782.101141,-17.915054082870483,-445.7917175292969,-360.8654174804688,10.02068933075741,D:\data\300ms\202607182029\log\localization.log.INFO.20260718-202723.521625,256
202607182029,1784377782.263352,-17.752843141555786,-446.4746398925781,-360.1339111328125,9.942306937219639,D:\data\300ms\202607182029\log\localization.log.INFO.20260718-202723.521625,257
202607182029,1784377782.375567,-17.64062809944153,-447.1694030761719,-359.3870239257812,10.415683052581494,D:\data\300ms\202607182029\log\localization.log.INFO.20260718-202723.521625,258
202607182029,1784377782.491783,-17.524412155151367,-447.8794860839844,-358.6203308105469,10.425222509622184,D:\data\300ms\202607182029\log\localization.log.INFO.20260718-202723.521625,259
202607182029,1784377782.616821,-17.39937400817871,-448.578857421875,-357.8621520996094,10.21152396369021,D:\data\300ms\202607182029\log\localization.log.INFO.20260718-202723.521625,260
202607182029,1784377782.729811,-17.286384105682373,-449.2580261230469,-357.1214904785156,9.913978579925415,D:\data\300ms\202607182029\log\localization.log.INFO.20260718-202723.521625,261
202607182029,1784377782.840443,-17.17575216293335,-449.9171447753906,-356.3969116210938,9.73548636685321,D:\data\300ms\202607182029\log\localization.log.INFO.20260718-202723.521625,262
202607182029,1784377782.956633,-17.05956196784973,-450.5505065917969,-355.6936340332031,9.070114623266734,D:\data\300ms\202607182029\log\localization.log.INFO.20260718-202723.521625,263
202607182029,1784377783.067736,-16.948459148406982,-451.1240844726562,-355.0487670898438,8.313815310493714,D:\data\300ms\202607182029\log\localization.log.INFO.20260718-202723.521625,264
202607182029,1784377783.184245,-16.831949949264526,-451.6512756347656,-354.4474182128906,7.754062439344985,D:\data\300ms\202607182029\log\localization.log.INFO.20260718-202723.521625,265
202607182029,1784377783.294839,-16.72135615348816,-452.1427001953125,-353.8786926269531,7.355020494967414,D:\data\300ms\202607182029\log\localization.log.INFO.20260718-202723.521625,266
202607182029,1784377783.413312,-16.602883100509644,-452.6114501953125,-353.3280334472656,7.155646368967428,D:\data\300ms\202607182029\log\localization.log.INFO.20260718-202723.521625,267
202607182029,1784377783.527384,-16.488811016082764,-453.0690612792969,-352.7822570800781,7.115606131669678,D:\data\300ms\202607182029\log\localization.log.INFO.20260718-202723.521625,268
202607182029,1784377783.643375,-16.372820138931274,-453.5254516601562,-352.2301635742188,7.219033195042472,D:\data\300ms\202607182029\log\localization.log.INFO.20260718-202723.521625,269
202607182029,1784377783.755542,-16.260653018951416,-453.989013671875,-351.6616821289062,7.43881079430583,D:\data\300ms\202607182029\log\localization.log.INFO.20260718-202723.521625,270
202607182029,1784377783.866592,-16.149603128433228,-454.4658203125,-351.070068359375,7.734274143354651,D:\data\300ms\202607182029\log\localization.log.INFO.20260718-202723.521625,271
202607182029,1784377783.992522,-16.023673057556152,-454.9600830078125,-350.4509582519531,8.080706045272331,D:\data\300ms\202607182029\log\localization.log.INFO.20260718-202723.521625,272
202607182029,1784377784.103676,-15.912518978118896,-455.4749450683594,-349.8010559082031,8.467567544827434,D:\data\300ms\202607182029\log\localization.log.INFO.20260718-202723.521625,273
202607182029,1784377784.216513,-15.799682140350342,-456.0131225585938,-349.1174621582031,8.894794433116495,D:\data\300ms\202607182029\log\localization.log.INFO.20260718-202723.521625,274
202607182029,1784377784.327712,-15.688482999801636,-456.5777587890625,-348.3965148925781,9.383864236863069,D:\data\300ms\202607182029\log\localization.log.INFO.20260718-202723.521625,275
202607182029,1784377784.442515,-15.57368016242981,-457.1687316894531,-347.6395874023438,9.701530860884418,D:\data\300ms\202607182029\log\localization.log.INFO.20260718-202723.521625,276
202607182029,1784377784.551903,-15.464292049407959,-457.7613220214844,-346.8782653808594,9.565270099321518,D:\data\300ms\202607182029\log\localization.log.INFO.20260718-202723.521625,277
202607182029,1784377784.662665,-15.353530168533325,-458.3358154296875,-346.1368408203125,9.214100002832703,D:\data\300ms\202607182029\log\localization.log.INFO.20260718-202723.521625,278
202607182029,1784377784.773806,-15.24238896369934,-458.8832702636719,-345.42626953125,8.767203905085521,D:\data\300ms\202607182029\log\localization.log.INFO.20260718-202723.521625,279
202607182029,1784377784.883916,-15.13227915763855,-459.3997802734375,-344.7508544921875,8.28908373783477,D:\data\300ms\202607182029\log\localization.log.INFO.20260718-202723.521625,280
202607182029,1784377784.997799,-15.018396139144897,-459.8841247558594,-344.1110229492188,7.812407815156858,D:\data\300ms\202607182029\log\localization.log.INFO.20260718-202723.521625,281
202607182029,1784377785.109882,-14.906312942504883,-460.3372497558594,-343.5054626464844,7.363889607245046,D:\data\300ms\202607182029\log\localization.log.INFO.20260718-202723.521625,282
202607182029,1784377785.246892,-14.7693030834198,-460.7620849609375,-342.9295959472656,7.012700872918264,D:\data\300ms\202607182029\log\localization.log.INFO.20260718-202723.521625,283
202607182029,1784377785.360684,-14.655511140823364,-461.1680908203125,-342.3709716796875,6.840477339028531,D:\data\300ms\202607182029\log\localization.log.INFO.20260718-202723.521625,284
202607182029,1784377785.474101,-14.542093992233276,-461.5648193359375,-341.8168334960938,6.812114111455606,D:\data\300ms\202607182029\log\localization.log.INFO.20260718-202723.521625,285
202607182029,1784377785.586442,-14.429753065109253,-461.9605407714844,-341.2559814453125,6.925709636640562,D:\data\300ms\202607182029\log\localization.log.INFO.20260718-202723.521625,286
202607182029,1784377785.701761,-14.314434051513672,-462.3634643554688,-340.6771545410156,7.1687238333053855,D:\data\300ms\202607182029\log\localization.log.INFO.20260718-202723.521625,287
202607182029,1784377785.814334,-14.201861143112183,-462.7795715332031,-340.0717468261719,7.4975974441976145,D:\data\300ms\202607182029\log\localization.log.INFO.20260718-202723.521625,288
202607182029,1784377785.925459,-14.090736150741577,-463.2131042480469,-339.4342956542969,7.887651227199374,D:\data\300ms\202607182029\log\localization.log.INFO.20260718-202723.521625,289
202607182029,1784377786.045435,-13.970760107040405,-463.6672973632812,-338.7603759765625,8.326049791767955,D:\data\300ms\202607182029\log\localization.log.INFO.20260718-202723.521625,290
202607182029,1784377786.159929,-13.856266021728516,-464.1449890136719,-338.0465698242188,8.811805690219591,D:\data\300ms\202607182029\log\localization.log.INFO.20260718-202723.521625,291
202607182029,1784377786.275778,-13.740417003631592,-464.6485290527344,-337.2894897460938,9.317741683955674,D:\data\300ms\202607182029\log\localization.log.INFO.20260718-202723.521625,292
202607182029,1784377786.387275,-13.628920078277588,-465.176513671875,-336.4909973144531,9.764856878971369,D:\data\300ms\202607182029\log\localization.log.INFO.20260718-202723.521625,293
202607182029,1784377786.501582,-13.514613151550293,-465.7243347167969,-335.6585083007812,10.117073534353038,D:\data\300ms\202607182029\log\localization.log.INFO.20260718-202723.521625,294
202607182029,1784377786.61713,-13.399065017700195,-466.2843933105469,-334.8043212890625,10.232189249643083,D:\data\300ms\202607182029\log\localization.log.INFO.20260718-202723.521625,295
202607182029,1784377786.728864,-13.287331104278564,-466.8367614746094,-333.9569702148438,9.99050909948227,D:\data\300ms\202607182029\log\localization.log.INFO.20260718-202723.521625,296
202607182029,1784377786.841295,-13.17490005493164,-467.3670654296875,-333.1369934082031,9.57304336273633,D:\data\300ms\202607182029\log\localization.log.INFO.20260718-202723.521625,297
202607182029,1784377786.954289,-13.061906099319458,-467.8689270019531,-332.3533630371094,9.088141399778186,D:\data\300ms\202607182029\log\localization.log.INFO.20260718-202723.521625,298
202607182029,1784377787.068137,-12.948058128356934,-468.33984375,-331.6087341308594,8.587507605411039,D:\data\300ms\202607182029\log\localization.log.INFO.20260718-202723.521625,299
202607182029,1784377787.181415,-12.834779977798462,-468.7799987792969,-330.9023742675781,8.111574245303649,D:\data\300ms\202607182029\log\localization.log.INFO.20260718-202723.521625,300
202607182029,1784377787.299737,-12.716458082199097,-469.1923217773438,-330.2296447753906,7.738979330940081,D:\data\300ms\202607182029\log\localization.log.INFO.20260718-202723.521625,301
202607182029,1784377787.412476,-12.603718996047974,-469.5858154296875,-329.5764465332031,7.558003087278669,D:\data\300ms\202607182029\log\localization.log.INFO.20260718-202723.521625,302
202607182029,1784377787.52336,-12.49283504486084,-469.9696044921875,-328.9281311035156,7.5352923000606165,D:\data\300ms\202607182029\log\localization.log.INFO.20260718-202723.521625,303
202607182029,1784377787.633281,-12.382914066314697,-470.3511962890625,-328.2715148925781,7.6631398409183475,D:\data\300ms\202607182029\log\localization.log.INFO.20260718-202723.521625,304
202607182029,1784377787.743736,-12.272459030151367,-470.7380676269531,-327.5943603515625,7.923769215581158,D:\data\300ms\202607182029\log\localization.log.INFO.20260718-202723.521625,305
202607182029,1784377787.862496,-12.153699159622192,-471.1361694335938,-326.8871154785156,8.28087100051265,D:\data\300ms\202607182029\log\localization.log.INFO.20260718-202723.521625,306
202607182029,1784377787.973571,-12.04262399673462,-471.549560546875,-326.1431884765625,8.704193570045476,D:\data\300ms\202607182029\log\localization.log.INFO.20260718-202723.521625,307
202607182029,1784377788.083943,-11.932252168655396,-471.9813537597656,-325.3572387695312,9.192129292722264,D:\data\300ms\202607182029\log\localization.log.INFO.20260718-202723.521625,308
202607182029,1784377788.197188,-11.819007158279419,-472.4344787597656,-324.5243530273438,9.710897381615538,D:\data\300ms\202607182029\log\localization.log.INFO.20260718-202723.521625,309
202607182029,1784377788.307642,-11.708553075790405,-472.9081115722656,-323.6470947265625,10.16867664048947,D:\data\300ms\202607182029\log\localization.log.INFO.20260718-202723.521625,310
202607182029,1784377788.418265,-11.597929954528809,-473.3987731933594,-322.7324523925781,10.538094068521016,D:\data\300ms\202607182029\log\localization.log.INFO.20260718-202723.521625,311
202607182029,1784377788.528416,-11.487779140472412,-473.9022521972656,-321.7887878417969,10.81346831725516,D:\data\300ms\202607182029\log\localization.log.INFO.20260718-202723.521625,312
202607182029,1784377788.639902,-11.376292943954468,-474.4142456054688,-320.8244018554688,10.99095905927173,D:\data\300ms\202607182029\log\localization.log.INFO.20260718-202723.521625,313
202607182029,1784377788.751328,-11.264867067337036,-474.9292602539062,-319.8480529785156,11.064651478499348,D:\data\300ms\202607182029\log\localization.log.INFO.20260718-202723.521625,314
202607182029,1784377788.89215,-11.124045133590698,-475.4393005371094,-318.8716430664062,10.930497436000406,D:\data\300ms\202607182029\log\localization.log.INFO.20260718-202723.521625,315
202607182029,1784377789.002566,-11.013628959655762,-475.9309387207031,-317.91845703125,10.53887512841837,D:\data\300ms\202607182029\log\localization.log.INFO.20260718-202723.521625,316
202607182029,1784377789.127918,-10.888277053833008,-476.3956604003906,-317.0031127929688,10.039436654736484,D:\data\300ms\202607182029\log\localization.log.INFO.20260718-202723.521625,317
202607182029,1784377789.236327,-10.779868125915527,-476.8306884765625,-316.1307067871094,9.514488599647569,D:\data\300ms\202607182029\log\localization.log.INFO.20260718-202723.521625,318
202607182029,1784377789.352291,-10.663903951644897,-477.2418212890625,-315.2999572753906,9.104200350723268,D:\data\300ms\202607182029\log\localization.log.INFO.20260718-202723.521625,319
202607182029,1784377789.470356,-10.545839071273804,-477.6376342773438,-314.4923706054688,8.937341839312857,D:\data\300ms\202607182029\log\localization.log.INFO.20260718-202723.521625,320
202607182029,1784377789.580988,-10.43520712852478,-478.0282287597656,-313.6872253417969,8.985050727119308,D:\data\300ms\202607182029\log\localization.log.INFO.20260718-202723.521625,321
202607182029,1784377789.696243,-10.319952011108398,-478.4227600097656,-312.8663330078125,9.2308671222752,D:\data\300ms\202607182029\log\localization.log.INFO.20260718-202723.521625,322
202607182029,1784377789.810936,-10.205259084701538,-478.8281555175781,-312.0133666992188,9.631378685723254,D:\data\300ms\202607182029\log\localization.log.INFO.20260718-202723.521625,323
202607182029,1784377789.920228,-10.095967054367065,-479.2486877441406,-311.1166381835938,10.131378318636505,D:\data\300ms\202607182029\log\localization.log.INFO.20260718-202723.521625,324
202607182029,1784377790.030614,-9.985581159591675,-479.6721801757812,-310.2001037597656,10.12225658083791,D:\data\300ms\202607182029\log\localization.log.INFO.20260718-202723.521625,325
202607182029,1784377790.143013,-9.87318205833435,-480.1069030761719,-309.2428283691406,10.897875634216629,D:\data\300ms\202607182029\log\localization.log.INFO.20260718-202723.521625,326
202607182029,1784377790.258621,-9.757574081420898,-480.5649108886719,-308.2141418457031,11.51836562910939,D:\data\300ms\202607182029\log\localization.log.INFO.20260718-202723.521625,327
202607182029,1784377790.367956,-9.648239135742188,-481.0353393554688,-307.1337890625,11.987403490401572,D:\data\300ms\202607182029\log\localization.log.INFO.20260718-202723.521625,328
202607182029,1784377790.483248,-9.532947063446045,-481.5125427246094,-306.011474609375,12.347000383690864,D:\data\300ms\202607182029\log\localization.log.INFO.20260718-202723.521625,329
202607182029,1784377790.596328,-9.419867038726807,-481.9929504394531,-304.8653564453125,12.433580520932983,D:\data\300ms\202607182029\log\localization.log.INFO.20260718-202723.521625,330
202607182029,1784377790.710127,-9.306067943572998,-482.4642028808594,-303.726806640625,12.21211425427093,D:\data\300ms\202607182029\log\localization.log.INFO.20260718-202723.521625,331
202607182029,1784377790.818034,-9.198161125183105,-482.9197692871094,-302.6129760742188,11.886244200046045,D:\data\300ms\202607182029\log\localization.log.INFO.20260718-202723.521625,332
202607182029,1784377790.928322,-9.087872982025146,-483.3580017089844,-301.5299377441406,11.5196761202086,D:\data\300ms\202607182029\log\localization.log.INFO.20260718-202723.521625,333
202607182029,1784377791.0397,-8.976495027542114,-483.7779235839844,-300.4785766601562,11.199529116239479,D:\data\300ms\202607182029\log\localization.log.INFO.20260718-202723.521625,334
202607182029,1784377791.164136,-8.852059125900269,-484.1843566894531,-299.4434814453125,10.946760691041899,D:\data\300ms\202607182029\log\localization.log.INFO.20260718-202723.521625,335
202607182029,1784377791.275953,-8.740242004394531,-484.5558471679688,-298.4755554199219,9.958639735872646,D:\data\300ms\202607182029\log\localization.log.INFO.20260718-202723.521625,336
202607182029,1784377791.386781,-8.629414081573486,-484.8911743164062,-297.5775756835938,9.344241339883641,D:\data\300ms\202607182029\log\localization.log.INFO.20260718-202723.521625,337
202607182029,1784377791.496758,-8.519437074661255,-485.2039489746094,-296.7151489257812,9.064355342007497,D:\data\300ms\202607182029\log\localization.log.INFO.20260718-202723.521625,338
202607182029,1784377791.609953,-8.40624213218689,-485.502685546875,-295.8659973144531,8.981204816004679,D:\data\300ms\202607182029\log\localization.log.INFO.20260718-202723.521625,339
202607182029,1784377791.730938,-8.28525710105896,-485.7940063476562,-295.00927734375,9.136857838989124,D:\data\300ms\202607182029\log\localization.log.INFO.20260718-202723.521625,340
202607182029,1784377791.847656,-8.168539047241211,-486.0848693847656,-294.1223754882812,9.52119621183172,D:\data\300ms\202607182029\log\localization.log.INFO.20260718-202723.521625,341
202607182029,1784377791.957613,-8.058582067489624,-486.3782653808594,-293.1957702636719,9.726853516939581,D:\data\300ms\202607182029\log\localization.log.INFO.20260718-202723.521625,342
202607182029,1784377792.081673,-7.9345221519470215,-486.6671447753906,-292.2536010742188,10.162300262446593,D:\data\300ms\202607182029\log\localization.log.INFO.20260718-202723.521625,343
202607182029,1784377792.191647,-7.824548006057739,-486.970703125,-291.2336120605469,10.993019749740133,D:\data\300ms\202607182029\log\localization.log.INFO.20260718-202723.521625,344
202607182029,1784377792.303793,-7.712402105331421,-487.2871704101562,-290.1413269042969,11.662270241888306,D:\data\300ms\202607182029\log\localization.log.INFO.20260718-202723.521625,345
202607182029,1784377792.41537,-7.600825071334839,-487.61376953125,-288.9872436523438,12.258362737496881,D:\data\300ms\202607182029\log\localization.log.INFO.20260718-202723.521625,346
202607182029,1784377792.526679,-7.489516019821167,-487.9473571777344,-287.7826538085938,12.628497930813122,D:\data\300ms\202607182029\log\localization.log.INFO.20260718-202723.521625,347
202607182029,1784377792.643415,-7.372780084609985,-488.2785949707031,-286.5664672851562,12.543035681848451,D:\data\300ms\202607182029\log\localization.log.INFO.20260718-202723.521625,348
202607182029,1784377792.750197,-7.265998125076294,-488.5999450683594,-285.3703308105469,12.249022215855039,D:\data\300ms\202607182029\log\localization.log.INFO.20260718-202723.521625,349
202607182029,1784377792.861073,-7.1551220417022705,-488.9085388183594,-284.2057189941406,11.885326106162852,D:\data\300ms\202607182029\log\localization.log.INFO.20260718-202723.521625,350
202607182029,1784377792.972636,-7.0435590744018555,-489.2034912109375,-283.0760803222656,11.506607003689144,D:\data\300ms\202607182029\log\localization.log.INFO.20260718-202723.521625,351
202607182029,1784377793.084822,-6.931373119354248,-489.4844360351562,-281.9805603027344,11.189719600111836,D:\data\300ms\202607182029\log\localization.log.INFO.20260718-202723.521625,352
202607182029,1784377793.196085,-6.820110082626343,-489.7547302246094,-280.9027709960938,10.937829523151647,D:\data\300ms\202607182029\log\localization.log.INFO.20260718-202723.521625,353
202607182029,1784377793.30735,-6.708845138549805,-489.9991149902344,-279.8970642089844,9.930002247816361,D:\data\300ms\202607182029\log\localization.log.INFO.20260718-202723.521625,354
202607182029,1784377793.419327,-6.59686803817749,-490.2156982421875,-278.9716491699219,9.18807525303541,D:\data\300ms\202607182029\log\localization.log.INFO.20260718-202723.521625,355
202607182029,1784377793.531342,-6.484853029251099,-490.4091186523438,-278.1073303222656,8.604654449490544,D:\data\300ms\202607182029\log\localization.log.INFO.20260718-202723.521625,356
202607182029,1784377793.642062,-6.374133110046387,-490.583740234375,-277.2900390625,8.189795602039784,D:\data\300ms\202607182029\log\localization.log.INFO.20260718-202723.521625,357
202607182029,1784377793.763915,-6.252279996871948,-490.7445983886719,-276.4978332519531,8.03322054369421,D:\data\300ms\202607182029\log\localization.log.INFO.20260718-202723.521625,358
202607182029,1784377793.87583,-6.140365123748779,-490.8970642089844,-275.70556640625,8.137516405016969,D:\data\300ms\202607182029\log\localization.log.INFO.20260718-202723.521625,359
202607182029,1784377793.988456,-6.02773904800415,-491.0465087890625,-274.8852844238281,8.533951205672215,D:\data\300ms\202607182029\log\localization.log.INFO.20260718-202723.521625,360
202607182029,1784377794.100599,-5.915596008300781,-491.197265625,-274.0112609863281,9.163084416308005,D:\data\300ms\202607182029\log\localization.log.INFO.20260718-202723.521625,361
202607182029,1784377794.209932,-5.806262969970703,-491.347412109375,-273.0975646972656,9.287407043350807,D:\data\300ms\202607182029\log\localization.log.INFO.20260718-202723.521625,362
202607182029,1784377794.323144,-5.693051099777222,-491.4961547851562,-272.154541015625,9.982225361453889,D:\data\300ms\202607182029\log\localization.log.INFO.20260718-202723.521625,363
202607182029,1784377794.433913,-5.582282066345215,-491.6535034179688,-271.1214294433594,10.794144788645177,D:\data\300ms\202607182029\log\localization.log.INFO.20260718-202723.521625,365
202607182029,1784377794.542138,-5.474056959152222,-491.8172607421875,-270.0167846679688,11.455477472466491,D:\data\300ms\202607182029\log\localization.log.INFO.20260718-202723.521625,366
202607182029,1784377794.651572,-5.364623069763184,-491.9869384765625,-268.8505554199219,12.048749595292108,D:\data\300ms\202607182029\log\localization.log.INFO.20260718-202723.521625,367
202607182029,1784377794.758594,-5.257601022720337,-492.1633605957031,-267.627197265625,12.6134749351897,D:\data\300ms\202607182029\log\localization.log.INFO.20260718-202723.521625,368
202607182029,1784377794.86882,-5.147375106811523,-492.3466186523438,-266.3507385253906,13.1083072766713,D:\data\300ms\202607182029\log\localization.log.INFO.20260718-202723.521625,369
202607182029,1784377794.974977,-5.041218042373657,-492.5350952148438,-265.0321655273438,13.476233614545515,D:\data\300ms\202607182029\log\localization.log.INFO.20260718-202723.521625,370
202607182029,1784377795.099923,-4.916272163391113,-492.7262268066406,-263.6831665039062,13.733434659082155,D:\data\300ms\202607182029\log\localization.log.INFO.20260718-202723.521625,371
202607182029,1784377795.214322,-4.801872968673706,-492.9161682128906,-262.3135986328125,13.894097195785895,D:\data\300ms\202607182029\log\localization.log.INFO.20260718-202723.521625,372
202607182029,1784377795.325104,-4.691091060638428,-493.1007690429688,-260.9318542480469,13.96902096135561,D:\data\300ms\202607182029\log\localization.log.INFO.20260718-202723.521625,373
202607182029,1784377795.432494,-4.583701133728027,-493.2758483886719,-259.5503540039062,13.851032478486879,D:\data\300ms\202607182029\log\localization.log.INFO.20260718-202723.521625,374
202607182029,1784377795.546039,-4.470155954360962,-493.4363708496094,-258.1907043457031,13.550966580368483,D:\data\300ms\202607182029\log\localization.log.INFO.20260718-202723.521625,375
202607182029,1784377795.655258,-4.360937118530273,-493.5791320800781,-256.8631896972656,13.188778754078086,D:\data\300ms\202607182029\log\localization.log.INFO.20260718-202723.521625,376
202607182029,1784377795.763537,-4.252658128738403,-493.7036743164062,-255.5667572021484,12.919885856086674,D:\data\300ms\202607182029\log\localization.log.INFO.20260718-202723.521625,377
202607182029,1784377795.870374,-4.1458210945129395,-493.8109130859375,-254.2850341796875,12.84004449424117,D:\data\300ms\202607182029\log\localization.log.INFO.20260718-202723.521625,378
202607182029,1784377795.975897,-4.040297985076904,-493.9025573730469,-253.002197265625,12.892215155892371,D:\data\300ms\202607182029\log\localization.log.INFO.20260718-202723.521625,379
202607182029,1784377796.093461,-3.922734022140503,-493.9801025390625,-251.7074584960938,13.047361144023098,D:\data\300ms\202607182029\log\localization.log.INFO.20260718-202723.521625,380
202607182029,1784377796.199148,-3.817047119140625,-494.0447082519531,-250.3915557861328,13.287909970928139,D:\data\300ms\202607182029\log\localization.log.INFO.20260718-202723.521625,381
202607182029,1784377796.305316,-3.71087908744812,-494.0977172851562,-249.0467529296875,13.609540730676045,D:\data\300ms\202607182029\log\localization.log.INFO.20260718-202723.521625,382
202607182029,1784377796.412635,-3.603559970855713,-494.1386108398438,-247.6725769042969,13.800599160931371,D:\data\300ms\202607182029\log\localization.log.INFO.20260718-202723.521625,383
202607182029,1784377796.538716,-3.4774789810180664,-494.1665954589844,-246.3007354736328,13.621444032213686,D:\data\300ms\202607182029\log\localization.log.INFO.20260718-202723.521625,384
202607182029,1784377796.64436,-3.3718349933624268,-494.18359375,-244.9573364257812,13.275847859864191,D:\data\300ms\202607182029\log\localization.log.INFO.20260718-202723.521625,385
202607182029,1784377796.758899,-3.257296085357666,-494.1941223144531,-243.6518859863281,12.874961458023902,D:\data\300ms\202607182029\log\localization.log.INFO.20260718-202723.521625,386
202607182029,1784377796.870203,-3.1459920406341553,-494.2007446289062,-242.3870849609375,12.46620288484202,D:\data\300ms\202607182029\log\localization.log.INFO.20260718-202723.521625,387
202607182029,1784377796.977686,-3.0385091304779053,-494.2059936523438,-241.1628875732422,12.060745369175388,D:\data\300ms\202607182029\log\localization.log.INFO.20260718-202723.521625,388
202607182029,1784377797.090003,-2.926192045211792,-494.2119750976562,-239.9783020019531,11.673143835065817,D:\data\300ms\202607182029\log\localization.log.INFO.20260718-202723.521625,389
202607182029,1784377797.198077,-2.818118095397949,-494.2193908691406,-238.8265991210938,11.417815252407719,D:\data\300ms\202607182029\log\localization.log.INFO.20260718-202723.521625,390
202607182029,1784377797.304643,-2.711552143096924,-494.2286071777344,-237.6899108886719,11.349384457417768,D:\data\300ms\202607182029\log\localization.log.INFO.20260718-202723.521625,391
202607182029,1784377797.413344,-2.602851152420044,-494.2391967773438,-236.5503234863281,11.46019149353868,D:\data\300ms\202607182029\log\localization.log.INFO.20260718-202723.521625,392
202607182029,1784377797.522189,-2.4940061569213867,-494.2504272460938,-235.3888397216797,11.767194300517152,D:\data\300ms\202607182029\log\localization.log.INFO.20260718-202723.521625,393
202607182029,1784377797.629638,-2.386557102203369,-494.2607421875,-234.1879425048828,12.214006014292732,D:\data\300ms\202607182029\log\localization.log.INFO.20260718-202723.521625,394
202607182029,1784377797.736932,-2.2792630195617676,-494.268310546875,-232.9390106201172,12.715433187635808,D:\data\300ms\202607182029\log\localization.log.INFO.20260718-202723.521625,395
202607182029,1784377797.841226,-2.174968957901001,-494.2711181640625,-231.6385498046875,13.240786059815143,D:\data\300ms\202607182029\log\localization.log.INFO.20260718-202723.521625,396
202607182029,1784377797.952567,-2.0636279582977295,-494.2671813964844,-230.2870025634766,13.667738311637123,D:\data\300ms\202607182029\log\localization.log.INFO.20260718-202723.521625,397
202607182029,1784377798.06054,-1.9556550979614258,-494.2550354003906,-228.9230194091797,13.723341586419787,D:\data\300ms\202607182029\log\localization.log.INFO.20260718-202723.521625,398
202607182029,1784377798.170821,-1.8453741073608398,-494.2334289550781,-227.5170288085938,14.320484549267196,D:\data\300ms\202607182029\log\localization.log.INFO.20260718-202723.521625,399
202607182029,1784377798.28477,-1.7314250469207764,-494.2017211914062,-226.0576782226562,14.806114646309528,D:\data\300ms\202607182029\log\localization.log.INFO.20260718-202723.521625,400
202607182029,1784377798.390529,-1.6256661415100098,-494.1602172851562,-224.5539855957031,15.231821076212448,D:\data\300ms\202607182029\log\localization.log.INFO.20260718-202723.521625,401
202607182029,1784377798.500163,-1.5160319805145264,-494.1099548339844,-223.0108489990234,15.594176288844569,D:\data\300ms\202607182029\log\localization.log.INFO.20260718-202723.521625,402
202607182029,1784377798.609931,-1.406264066696167,-494.0500793457031,-221.4430389404297,15.710606959494925,D:\data\300ms\202607182029\log\localization.log.INFO.20260718-202723.521625,403
202607182029,1784377798.717332,-1.298863172531128,-493.9814453125,-219.8814239501953,15.54674177127873,D:\data\300ms\202607182029\log\localization.log.INFO.20260718-202723.521625,404
202607182029,1784377798.821096,-1.195099115371704,-493.9062805175781,-218.3437194824219,15.26800596217378,D:\data\300ms\202607182029\log\localization.log.INFO.20260718-202723.521625,405
202607182029,1784377798.934504,-1.081691026687622,-493.8283996582031,-216.8363037109375,14.954189004741623,D:\data\300ms\202607182029\log\localization.log.INFO.20260718-202723.521625,406
202607182029,1784377799.036956,-0.9792389869689941,-493.7508239746094,-215.3589935302734,14.698152906049216,D:\data\300ms\202607182029\log\localization.log.INFO.20260718-202723.521625,407
202607182029,1784377799.184056,-0.8321390151977539,-493.6764831542969,-213.893310546875,14.677202442023885,D:\data\300ms\202607182029\log\localization.log.INFO.20260718-202723.521625,408
202607182029,1784377799.288301,-0.7278940677642822,-493.6090393066406,-212.4598541259766,14.180376732694539,D:\data\300ms\202607182029\log\localization.log.INFO.20260718-202723.521625,409
202607182029,1784377799.393403,-0.6227920055389404,-493.5503845214844,-211.0517730712891,14.059152935162441,D:\data\300ms\202607182029\log\localization.log.INFO.20260718-202723.521625,410
202607182029,1784377799.496475,-0.5197200775146484,-493.5003662109375,-209.6442108154297,14.121474899869108,D:\data\300ms\202607182029\log\localization.log.INFO.20260718-202723.521625,411
202607182029,1784377799.600267,-0.4159281253814697,-493.4585876464844,-208.2245788574219,14.273150862075973,D:\data\300ms\202607182029\log\localization.log.INFO.20260718-202723.521625,412
202607182029,1784377799.704315,-0.31188011169433594,-493.4245300292969,-206.7857055664062,14.504616464842085,D:\data\300ms\202607182029\log\localization.log.INFO.20260718-202723.521625,413
202607182029,1784377799.807144,-0.20905113220214844,-493.3969116210938,-205.3180236816406,14.830686122673441,D:\data\300ms\202607182029\log\localization.log.INFO.20260718-202723.521625,414
202607182029,1784377799.912248,-0.10394716262817383,-493.3743591308594,-203.8267669677734,14.9068733119984,D:\data\300ms\202607182029\log\localization.log.INFO.20260718-202723.521625,415
202607182029,1784377800.016195,0.0,-493.3553771972656,-202.3230743408203,15.249347291250235,D:\data\300ms\202607182029\log\localization.log.INFO.20260718-202723.521625,416
202607182029,1784377800.118778,0.10258293151855469,-493.3375549316406,-200.7742767333984,15.662382808162352,D:\data\300ms\202607182029\log\localization.log.INFO.20260718-202723.521625,417
202607182029,1784377800.242253,0.2260580062866211,-493.3190612792969,-199.1908721923828,15.960009570880208,D:\data\300ms\202607182029\log\localization.log.INFO.20260718-202723.521625,418
202607182029,1784377800.34772,0.3315248489379883,-493.2982788085938,-197.5828247070312,16.171376104795783,D:\data\300ms\202607182029\log\localization.log.INFO.20260718-202723.521625,419
202607182029,1784377800.462998,0.44680285453796387,-493.2739868164062,-195.95751953125,16.31539218079695,D:\data\300ms\202607182029\log\localization.log.INFO.20260718-202723.521625,420
202607182029,1784377800.569653,0.5534579753875732,-493.245849609375,-194.3212280273438,16.40040644228062,D:\data\300ms\202607182029\log\localization.log.INFO.20260718-202723.521625,421
202607182029,1784377800.67265,0.6564550399780273,-493.2140808105469,-192.6854400634766,16.2816546929833,D:\data\300ms\202607182029\log\localization.log.INFO.20260718-202723.521625,422
202607182029,1784377800.773271,0.7570760250091553,-493.1788024902344,-191.0734558105469,15.987071980595683,D:\data\300ms\202607182029\log\localization.log.INFO.20260718-202723.521625,423
202607182029,1784377800.88622,0.8700249195098877,-493.1404113769531,-189.4945068359375,15.635826437644047,D:\data\300ms\202607182029\log\localization.log.INFO.20260718-202723.521625,424
202607182029,1784377800.990091,0.9738960266113281,-493.1015014648438,-187.9518127441406,15.267119052908466,D:\data\300ms\202607182029\log\localization.log.INFO.20260718-202723.521625,425
202607182029,1784377801.095413,1.0792179107666016,-493.0628051757812,-186.4458618164062,14.900906396895301,D:\data\300ms\202607182029\log\localization.log.INFO.20260718-202723.521625,426
202607182029,1784377801.201774,1.1855788230895996,-493.0248413085938,-184.9680633544922,14.70514729319855,D:\data\300ms\202607182029\log\localization.log.INFO.20260718-202723.521625,427
202607182029,1784377801.303723,1.2875280380249023,-492.9910583496094,-183.5239868164062,14.136477186872185,D:\data\300ms\202607182029\log\localization.log.INFO.20260718-202723.521625,428
202607182029,1784377801.406183,1.3899879455566406,-492.9636535644531,-182.1439208984375,13.552116118517075,D:\data\300ms\202607182029\log\localization.log.INFO.20260718-202723.521625,429
202607182029,1784377801.520132,1.503937005996704,-492.9430847167969,-180.817138671875,13.04716564546059,D:\data\300ms\202607182029\log\localization.log.INFO.20260718-202723.521625,430
202607182029,1784377801.626167,1.6099720001220703,-492.9289245605469,-179.5383148193359,12.5820159631614,D:\data\300ms\202607182029\log\localization.log.INFO.20260718-202723.521625,431
202607182029,1784377801.731991,1.7157959938049316,-492.921630859375,-178.3045501708984,12.140012150042127,D:\data\300ms\202607182029\log\localization.log.INFO.20260718-202723.521625,432
202607182029,1784377801.833642,1.8174469470977783,-492.9199829101562,-177.1139831542969,11.714742704246992,D:\data\300ms\202607182029\log\localization.log.INFO.20260718-202723.521625,433
202607182029,1784377801.935772,1.91957688331604,-492.92333984375,-175.9651336669922,11.304856010656502,D:\data\300ms\202607182029\log\localization.log.INFO.20260718-202723.521625,434
202607182029,1784377802.036617,2.0204219818115234,-492.9309997558594,-174.8468322753906,11.091272880375886,D:\data\300ms\202607182029\log\localization.log.INFO.20260718-202723.521625,435
202607182029,1784377802.139693,2.12349796295166,-492.9412536621094,-173.7718963623047,10.281815814799272,D:\data\300ms\202607182029\log\localization.log.INFO.20260718-202723.521625,436
202607182029,1784377802.244788,2.228592872619629,-492.9522094726562,-172.7928161621094,9.43183123873171,D:\data\300ms\202607182029\log\localization.log.INFO.20260718-202723.521625,437
202607182029,1784377802.357525,2.341330051422119,-492.96337890625,-171.8876495361328,8.768213069238078,D:\data\300ms\202607182029\log\localization.log.INFO.20260718-202723.521625,438
202607182029,1784377802.486465,2.4702699184417725,-492.9732971191406,-171.0420227050781,8.209276164457911,D:\data\300ms\202607182029\log\localization.log.INFO.20260718-202723.521625,439
202607182029,1784377802.590379,2.574183940887451,-492.9813232421875,-170.2496185302734,7.6942956595796606,D:\data\300ms\202607182029\log\localization.log.INFO.20260718-202723.521625,440
202607182029,1784377802.692542,2.676347017288208,-492.9881286621094,-169.5037689208984,7.342128535154567,D:\data\300ms\202607182029\log\localization.log.INFO.20260718-202723.521625,441
202607182029,1784377802.807742,2.7915470600128174,-492.993896484375,-168.78369140625,6.9010794971384835,D:\data\300ms\202607182029\log\localization.log.INFO.20260718-202723.521625,442
202607182029,1784377802.912205,2.896009922027588,-492.9949035644531,-168.2068328857422,4.6330372975594925,D:\data\300ms\202607182029\log\localization.log.INFO.20260718-202723.521625,443
202607182029,1784377803.017032,3.0008368492126465,-492.9937438964844,-167.8699188232422,2.3600742524735354,D:\data\300ms\202607182029\log\localization.log.INFO.20260718-202723.521625,444
202607182029,1784377803.118716,3.1025209426879883,-492.9904479980469,-167.7603149414062,0.15485729456739314,D:\data\300ms\202607182029\log\localization.log.INFO.20260718-202723.521625,446
202607182029,1784377803.223984,3.2077889442443848,-492.9905090332031,-167.7596282958984,0.002211203890144667,D:\data\300ms\202607182029\log\localization.log.INFO.20260718-202723.521625,447
202607182029,1784377803.328537,3.3123419284820557,-492.9905090332031,-167.7586669921875,0.0018088254009348491,D:\data\300ms\202607182029\log\localization.log.INFO.20260718-202723.521625,448
202607182029,1784377803.429478,3.413282871246338,-492.9905090332031,-167.7581024169922,0.0010950422122186993,D:\data\300ms\202607182029\log\localization.log.INFO.20260718-202723.521625,449
202607182029,1784377803.535539,3.519343852996826,-492.9908142089844,-167.7525787353516,0.08240966750898933,D:\data\300ms\202607182029\log\localization.log.INFO.20260718-202723.521625,450
202607182029,1784377803.640467,3.624271869659424,-492.9916381835938,-167.7449951171875,0.0813861799564087,D:\data\300ms\202607182029\log\localization.log.INFO.20260718-202723.521625,451
202607182029,1784377803.741582,3.72538685798645,-492.9938049316406,-167.7319946289062,0.16855860194273792,D:\data\300ms\202607182029\log\localization.log.INFO.20260718-202723.521625,452
202607182029,1784377803.843219,3.827023983001709,-492.9967956542969,-167.714599609375,0.21951705943240518,D:\data\300ms\202607182029\log\localization.log.INFO.20260718-202723.521625,453
202607182029,1784377803.962876,3.946681022644043,-493.0007019042969,-167.6920013427734,0.24617922165422446,D:\data\300ms\202607182029\log\localization.log.INFO.20260718-202723.521625,454
202607182029,1784377804.068196,4.052000999450684,-493.0048217773438,-167.6672058105469,0.2803348954644039,D:\data\300ms\202607182029\log\localization.log.INFO.20260718-202723.521625,455
202607182029,1784377804.171113,4.15491795539856,-493.0095520019531,-167.6379699707031,0.3719980876227939,D:\data\300ms\202607182029\log\localization.log.INFO.20260718-202723.521625,456
202607182029,1784377804.274569,4.258373975753784,-493.0160522460938,-167.5960540771484,0.4594792080982848,D:\data\300ms\202607182029\log\localization.log.INFO.20260718-202723.521625,457
202607182029,1784377804.379162,4.362967014312744,-493.0238647460938,-167.5460968017578,0.5363156227919932,D:\data\300ms\202607182029\log\localization.log.INFO.20260718-202723.521625,458
202607182029,1784377804.480328,4.464133024215698,-493.0318603515625,-167.4926300048828,0.5596400030891592,D:\data\300ms\202607182029\log\localization.log.INFO.20260718-202723.521625,459
202607182029,1784377804.584655,4.568459987640381,-493.0328369140625,-167.4877166748047,0.00018048223633571208,D:\data\300ms\202607182029\log\localization.log.INFO.20260718-202723.521625,460
202607182029,1784377804.708212,4.692016839981079,-493.0328674316406,-167.4876556396484,0.00042821121295396925,D:\data\300ms\202607182029\log\localization.log.INFO.20260718-202723.521625,461
202607182029,1784377804.824728,4.808532953262329,-493.0329284667969,-167.487548828125,0.00030972877287153825,D:\data\300ms\202607182029\log\localization.log.INFO.20260718-202723.521625,462
202607182029,1784377804.928616,4.912420988082886,-493.0334167480469,-167.4828796386719,0.07610440845532769,D:\data\300ms\202607182029\log\localization.log.INFO.20260718-202723.521625,463
202607182029,1784377805.031823,5.015627861022949,-493.0340881347656,-167.4766693115234,0.07459425178293322,D:\data\300ms\202607182029\log\localization.log.INFO.20260718-202723.521625,464
202607182029,1784377805.137079,5.120883941650391,-493.0347595214844,-167.4703674316406,0.07802677354978182,D:\data\300ms\202607182029\log\localization.log.INFO.20260718-202723.521625,465
202607182029,1784377805.245027,5.228832006454468,-493.0353698730469,-167.4635467529297,0.0834811412716216,D:\data\300ms\202607182029\log\localization.log.INFO.20260718-202723.521625,466
202607182029,1784377805.350715,5.334519863128662,-493.0361938476562,-167.4554138183594,0.12505349829367987,D:\data\300ms\202607182029\log\localization.log.INFO.20260718-202723.521625,467
202607182029,1784377805.458647,5.4424519538879395,-493.0379638671875,-167.4360046386719,0.24411793126631598,D:\data\300ms\202607182029\log\localization.log.INFO.20260718-202723.521625,468
202607182029,1784377805.563192,5.546996831893921,-493.0404052734375,-167.4103546142578,0.3299434791097629,D:\data\300ms\202607182029\log\localization.log.INFO.20260718-202723.521625,469
202607182029,1784377805.665278,5.649082899093628,-493.0442504882812,-167.3736724853516,0.4429656936644789,D:\data\300ms\202607182029\log\localization.log.INFO.20260718-202723.521625,470
202607182029,1784377805.816325,5.8001298904418945,-493.0479431152344,-167.3325500488281,0.40489166239614544,D:\data\300ms\202607182029\log\localization.log.INFO.20260718-202723.521625,471
202607182029,1784377805.923891,5.907696008682251,-493.0483093261719,-167.3289184570312,0.00014667954235859451,D:\data\300ms\202607182029\log\localization.log.INFO.20260718-202723.521625,472
202607182029,1784377806.028113,6.01191782951355,-493.04833984375,-167.3288879394531,0.0001873226421924713,D:\data\300ms\202607182029\log\localization.log.INFO.20260718-202723.521625,473
202607182029,1784377806.131914,6.115718841552734,-493.04833984375,-167.3288269042969,0.00014124750923501453,D:\data\300ms\202607182029\log\localization.log.INFO.20260718-202723.521625,474
202607182029,1784377806.234876,6.2186808586120605,-493.0484924316406,-167.3256988525391,0.05689650609376934,D:\data\300ms\202607182029\log\localization.log.INFO.20260718-202723.521625,475
202607182029,1784377806.33755,6.321354866027832,-493.0487060546875,-167.321044921875,0.06102126162278705,D:\data\300ms\202607182029\log\localization.log.INFO.20260718-202723.521625,476
202607182029,1784377806.441242,6.425046920776367,-493.0490112304688,-167.31591796875,0.06621224116252127,D:\data\300ms\202607182029\log\localization.log.INFO.20260718-202723.521625,477
202607182029,1784377806.541796,6.525600910186768,-493.0494384765625,-167.3102874755859,0.07174306099246244,D:\data\300ms\202607182029\log\localization.log.INFO.20260718-202723.521625,478
202607182029,1784377806.642474,6.626278877258301,-493.0499877929688,-167.3040924072266,0.07733789758776362,D:\data\300ms\202607182029\log\localization.log.INFO.20260718-202723.521625,479
202607182029,1784377806.747635,6.731439828872681,-493.050537109375,-167.2973175048828,0.08320944330272358,D:\data\300ms\202607182029\log\localization.log.INFO.20260718-202723.521625,480
202607182029,1784377806.849656,6.833461046218872,-493.0514831542969,-167.2845916748047,0.22790462713890453,D:\data\300ms\202607182029\log\localization.log.INFO.20260718-202723.521625,481
202607182029,1784377806.951822,6.935626983642578,-493.0531616210938,-167.2580871582031,0.29716476793857205,D:\data\300ms\202607182029\log\localization.log.INFO.20260718-202723.521625,482
202607182029,1784377807.060895,7.0446999073028564,-493.0555725097656,-167.2182159423828,0.4123183625989549,D:\data\300ms\202607182029\log\localization.log.INFO.20260718-202723.521625,483
202607182029,1784377807.165361,7.149165868759155,-493.0586547851562,-167.173828125,0.4924374021142453,D:\data\300ms\202607182029\log\localization.log.INFO.20260718-202723.521625,484
202607182029,1784377807.266541,7.250345945358276,-493.0588989257812,-167.1694641113281,0.00017246912412547687,D:\data\300ms\202607182029\log\localization.log.INFO.20260718-202723.521625,485
202607182029,1784377807.390195,7.373999834060669,-493.0588989257812,-167.1694488525391,0.0001401210214252861,D:\data\300ms\202607182029\log\localization.log.INFO.20260718-202723.521625,486
202607182029,1784377807.493635,7.477439880371094,-493.0588989257812,-167.1693725585938,0.00012460825133472304,D:\data\300ms\202607182029\log\localization.log.INFO.20260718-202723.521625,487
202607182029,1784377807.597687,7.581491947174072,-493.0588989257812,-167.1693267822266,7.677090992065224e-05,D:\data\300ms\202607182029\log\localization.log.INFO.20260718-202723.521625,488
202607182029,1784377807.702731,7.686535835266113,-493.0588989257812,-167.1693115234375,3.2776268329108234e-05,D:\data\300ms\202607182029\log\localization.log.INFO.20260718-202723.521625,489
202607182029,1784377807.807662,7.791466951370239,-493.0588989257812,-167.1699829101562,0.006189908213875161,D:\data\300ms\202607182029\log\localization.log.INFO.20260718-202723.521625,490
202607182029,1784377807.909229,7.893033981323242,-493.0588989257812,-167.1703491210938,0.011022340936988428,D:\data\300ms\202607182029\log\localization.log.INFO.20260718-202723.521625,491
202607182029,1784377808.011289,7.995093822479248,-493.0588989257812,-167.1701202392578,0.01893818785786024,D:\data\300ms\202607182029\log\localization.log.INFO.20260718-202723.521625,492
202607182029,1784377808.132235,8.116039991378784,-493.0588989257812,-167.1689147949219,0.02917001726146962,D:\data\300ms\202607182029\log\localization.log.INFO.20260718-202723.521625,493
202607182029,1784377808.240394,8.224199056625366,-493.0589294433594,-167.1667785644531,0.039448569045229774,D:\data\300ms\202607182029\log\localization.log.INFO.20260718-202723.521625,494
202607182029,1784377808.344597,8.328402042388916,-493.0589294433594,-167.1635131835938,0.05016931171195877,D:\data\300ms\202607182029\log\localization.log.INFO.20260718-202723.521625,495
202607182029,1784377808.449515,8.433320045471191,-493.0589599609375,-167.1593170166016,0.058959511406754955,D:\data\300ms\202607182029\log\localization.log.INFO.20260718-202723.521625,496
202607182029,1784377808.55986,8.543664932250977,-493.059326171875,-167.14990234375,0.19511740244857131,D:\data\300ms\202607182029\log\localization.log.INFO.20260718-202723.521625,497
202607182029,1784377808.669489,8.65329384803772,-493.0604248046875,-167.1253662109375,0.33455083070467767,D:\data\300ms\202607182029\log\localization.log.INFO.20260718-202723.521625,498
202607182029,1784377808.784195,8.76799988746643,-493.0616760253906,-167.0912628173828,0.3752302551001886,D:\data\300ms\202607182029\log\localization.log.INFO.20260718-202723.521625,499
202607182029,1784377808.88875,8.872555017471313,-493.063232421875,-167.0485534667969,0.5304001964441165,D:\data\300ms\202607182029\log\localization.log.INFO.20260718-202723.521625,500
