record_file,record_time_ns,record_time_sec,channel,data_type,header_timestamp_sec,header_sequence_num,header_module_name,header_lidar_timestamp,header_camera_timestamp,header_radar_timestamp,raw_size_bytes,parsed_class,parse_error
/apollo_workspace/records/202607092002_MkzExample_CarlaTown01.00000.20260709200220.record,1783598540548085631,1783598540.5480855,/apollo/sensor/radar/front,apollo.drivers.ContiRadar,1783598540.5183544,0,,0,0,1783598540518354552,1896,ContiRadar,
/apollo_workspace/records/202607092002_MkzExample_CarlaTown01.00000.20260709200220.record,1783598540661696399,1783598540.6616964,/apollo/sensor/radar/front,apollo.drivers.ContiRadar,1783598540.6185155,0,,0,0,1783598540618515479,1972,ContiRadar,
/apollo_workspace/records/202607092002_MkzExample_CarlaTown01.00000.20260709200220.record,1783598540749462178,1783598540.7494624,/apollo/sensor/radar/front,apollo.drivers.ContiRadar,1783598540.7185135,0,,0,0,1783598540718513376,2200,ContiRadar,
/apollo_workspace/records/202607092002_MkzExample_CarlaTown01.00000.20260709200220.record,1783598540846690032,1783598540.84669,/apollo/sensor/radar/front,apollo.drivers.ContiRadar,1783598540.8184028,0,,0,0,1783598540818402802,2276,ContiRadar,
/apollo_workspace/records/202607092002_MkzExample_CarlaTown01.00000.20260709200220.record,1783598540946968307,1783598540.9469683,/apollo/sensor/radar/front,apollo.drivers.ContiRadar,1783598540.9187262,0,,0,0,1783598540918726059,2200,ContiRadar,
/apollo_workspace/records/202607092002_MkzExample_CarlaTown01.00000.20260709200220.record,1783598541054445434,1783598541.0544453,/apollo/sensor/radar/front,apollo.drivers.ContiRadar,1783598541.0186172,0,,0,0,1783598541018617000,2656,ContiRadar,
/apollo_workspace/records/202607092002_MkzExample_CarlaTown01.00000.20260709200220.record,1783598541146135421,1783598541.1461353,/apollo/sensor/radar/front,apollo.drivers.ContiRadar,1783598541.1187027,0,,0,0,1783598541118702503,2276,ContiRadar,
/apollo_workspace/records/202607092002_MkzExample_CarlaTown01.00000.20260709200220.record,1783598541249424189,1783598541.2494242,/apollo/sensor/radar/front,apollo.drivers.ContiRadar,1783598541.2184472,0,,0,0,1783598541218447132,2200,ContiRadar,
/apollo_workspace/records/202607092002_MkzExample_CarlaTown01.00000.20260709200220.record,1783598541347641384,1783598541.3476412,/apollo/sensor/radar/front,apollo.drivers.ContiRadar,1783598541.3191264,0,,0,0,1783598541319126382,2276,ContiRadar,
/apollo_workspace/records/202607092002_MkzExample_CarlaTown01.00000.20260709200220.record,1783598541466625916,1783598541.4666257,/apollo/sensor/radar/front,apollo.drivers.ContiRadar,1783598541.4186049,0,,0,0,1783598541418604901,2010,ContiRadar,
/apollo_workspace/records/202607092002_MkzExample_CarlaTown01.00000.20260709200220.record,1783598541545682929,1783598541.545683,/apollo/sensor/radar/front,apollo.drivers.ContiRadar,1783598541.5183773,0,,0,0,1783598541518377217,2314,ContiRadar,
/apollo_workspace/records/202607092002_MkzExample_CarlaTown01.00000.20260709200220.record,1783598541658592215,1783598541.6585922,/apollo/sensor/radar/front,apollo.drivers.ContiRadar,1783598541.6185322,0,,0,0,1783598541618532002,2162,ContiRadar,
/apollo_workspace/records/202607092002_MkzExample_CarlaTown01.00000.20260709200220.record,1783598541746658080,1783598541.746658,/apollo/sensor/radar/front,apollo.drivers.ContiRadar,1783598541.7184472,0,,0,0,1783598541718447022,1744,ContiRadar,
/apollo_workspace/records/202607092002_MkzExample_CarlaTown01.00000.20260709200220.record,1783598541858149812,1783598541.85815,/apollo/sensor/radar/front,apollo.drivers.ContiRadar,1783598541.818326,0,,0,0,1783598541818325986,2048,ContiRadar,
/apollo_workspace/records/202607092002_MkzExample_CarlaTown01.00000.20260709200220.record,1783598541951031130,1783598541.951031,/apollo/sensor/radar/front,apollo.drivers.ContiRadar,1783598541.918539,0,,0,0,1783598541918539053,2732,ContiRadar,
/apollo_workspace/records/202607092002_MkzExample_CarlaTown01.00000.20260709200220.record,1783598542060795352,1783598542.0607953,/apollo/sensor/radar/front,apollo.drivers.ContiRadar,1783598542.0186584,0,,0,0,1783598542018658358,2542,ContiRadar,
/apollo_workspace/records/202607092002_MkzExample_CarlaTown01.00000.20260709200220.record,1783598542147656593,1783598542.1476567,/apollo/sensor/radar/front,apollo.drivers.ContiRadar,1783598542.1192424,0,,0,0,1783598542119242510,2618,ContiRadar,
/apollo_workspace/records/202607092002_MkzExample_CarlaTown01.00000.20260709200220.record,1783598542246728999,1783598542.246729,/apollo/sensor/radar/front,apollo.drivers.ContiRadar,1783598542.218345,0,,0,0,1783598542218344993,2162,ContiRadar,
/apollo_workspace/records/202607092002_MkzExample_CarlaTown01.00000.20260709200220.record,1783598542347101740,1783598542.3471017,/apollo/sensor/radar/front,apollo.drivers.ContiRadar,1783598542.318808,0,,0,0,1783598542318808189,2124,ContiRadar,
/apollo_workspace/records/202607092002_MkzExample_CarlaTown01.00000.20260709200220.record,1783598542447543891,1783598542.4475439,/apollo/sensor/radar/front,apollo.drivers.ContiRadar,1783598542.418509,0,,0,0,1783598542418509056,2390,ContiRadar,
/apollo_workspace/records/202607092002_MkzExample_CarlaTown01.00000.20260709200220.record,1783598542546783467,1783598542.5467834,/apollo/sensor/radar/front,apollo.drivers.ContiRadar,1783598542.518449,0,,0,0,1783598542518449238,2162,ContiRadar,
/apollo_workspace/records/202607092002_MkzExample_CarlaTown01.00000.20260709200220.record,1783598542646748588,1783598542.6467488,/apollo/sensor/radar/front,apollo.drivers.ContiRadar,1783598542.6183357,0,,0,0,1783598542618335724,2200,ContiRadar,
/apollo_workspace/records/202607092002_MkzExample_CarlaTown01.00000.20260709200220.record,1783598542747039600,1783598542.7470396,/apollo/sensor/radar/front,apollo.drivers.ContiRadar,1783598542.718217,0,,0,0,1783598542718216881,2238,ContiRadar,
/apollo_workspace/records/202607092002_MkzExample_CarlaTown01.00000.20260709200220.record,1783598542846383977,1783598542.8463838,/apollo/sensor/radar/front,apollo.drivers.ContiRadar,1783598542.8182967,0,,0,0,1783598542818296495,2428,ContiRadar,
/apollo_workspace/records/202607092002_MkzExample_CarlaTown01.00000.20260709200220.record,1783598542946468907,1783598542.9464688,/apollo/sensor/radar/front,apollo.drivers.ContiRadar,1783598542.9184582,0,,0,0,1783598542918458182,2276,ContiRadar,
/apollo_workspace/records/202607092002_MkzExample_CarlaTown01.00000.20260709200220.record,1783598543047117877,1783598543.0471177,/apollo/sensor/radar/front,apollo.drivers.ContiRadar,1783598543.0183778,0,,0,0,1783598543018377768,2124,ContiRadar,
/apollo_workspace/records/202607092002_MkzExample_CarlaTown01.00000.20260709200220.record,1783598543148569289,1783598543.1485693,/apollo/sensor/radar/front,apollo.drivers.ContiRadar,1783598543.1186907,0,,0,0,1783598543118690915,2580,ContiRadar,
/apollo_workspace/records/202607092002_MkzExample_CarlaTown01.00000.20260709200220.record,1783598543268777229,1783598543.2687771,/apollo/sensor/radar/front,apollo.drivers.ContiRadar,1783598543.2183132,0,,0,0,1783598543218313329,2314,ContiRadar,
/apollo_workspace/records/202607092002_MkzExample_CarlaTown01.00000.20260709200220.record,1783598543346553969,1783598543.3465538,/apollo/sensor/radar/front,apollo.drivers.ContiRadar,1783598543.3184505,0,,0,0,1783598543318450418,2162,ContiRadar,
/apollo_workspace/records/202607092002_MkzExample_CarlaTown01.00000.20260709200220.record,1783598543446303599,1783598543.4463036,/apollo/sensor/radar/front,apollo.drivers.ContiRadar,1783598543.4185436,0,,0,0,1783598543418543711,2200,ContiRadar,
/apollo_workspace/records/202607092002_MkzExample_CarlaTown01.00000.20260709200220.record,1783598543546108558,1783598543.5461087,/apollo/sensor/radar/front,apollo.drivers.ContiRadar,1783598543.518495,0,,0,0,1783598543518494957,2276,ContiRadar,
/apollo_workspace/records/202607092002_MkzExample_CarlaTown01.00000.20260709200220.record,1783598543645953005,1783598543.645953,/apollo/sensor/radar/front,apollo.drivers.ContiRadar,1783598543.6184475,0,,0,0,1783598543618447514,2618,ContiRadar,
/apollo_workspace/records/202607092002_MkzExample_CarlaTown01.00000.20260709200220.record,1783598543768758771,1783598543.7687588,/apollo/sensor/radar/front,apollo.drivers.ContiRadar,1783598543.7191901,0,,0,0,1783598543719190025,2580,ContiRadar,
/apollo_workspace/records/202607092002_MkzExample_CarlaTown01.00000.20260709200220.record,1783598543846075537,1783598543.8460755,/apollo/sensor/radar/front,apollo.drivers.ContiRadar,1783598543.8184688,0,,0,0,1783598543818468788,2884,ContiRadar,
/apollo_workspace/records/202607092002_MkzExample_CarlaTown01.00000.20260709200220.record,1783598543957644070,1783598543.957644,/apollo/sensor/radar/front,apollo.drivers.ContiRadar,1783598543.9185793,0,,0,0,1783598543918579434,2580,ContiRadar,
/apollo_workspace/records/202607092002_MkzExample_CarlaTown01.00000.20260709200220.record,1783598544048814583,1783598544.0488145,/apollo/sensor/radar/front,apollo.drivers.ContiRadar,1783598544.0184104,0,,0,0,1783598544018410474,2314,ContiRadar,
/apollo_workspace/records/202607092002_MkzExample_CarlaTown01.00000.20260709200220.record,1783598544146340344,1783598544.1463404,/apollo/sensor/radar/front,apollo.drivers.ContiRadar,1783598544.1184175,0,,0,0,1783598544118417413,2466,ContiRadar,
/apollo_workspace/records/202607092002_MkzExample_CarlaTown01.00000.20260709200220.record,1783598544245865939,1783598544.245866,/apollo/sensor/radar/front,apollo.drivers.ContiRadar,1783598544.218444,0,,0,0,1783598544218444041,2580,ContiRadar,
/apollo_workspace/records/202607092002_MkzExample_CarlaTown01.00000.20260709200220.record,1783598544357174725,1783598544.3571749,/apollo/sensor/radar/front,apollo.drivers.ContiRadar,1783598544.3184896,0,,0,0,1783598544318489532,2770,ContiRadar,
/apollo_workspace/records/202607092002_MkzExample_CarlaTown01.00000.20260709200220.record,1783598544446304731,1783598544.4463048,/apollo/sensor/radar/front,apollo.drivers.ContiRadar,1783598544.4187143,0,,0,0,1783598544418714477,2960,ContiRadar,
/apollo_workspace/records/202607092002_MkzExample_CarlaTown01.00000.20260709200220.record,1783598544546229083,1783598544.546229,/apollo/sensor/radar/front,apollo.drivers.ContiRadar,1783598544.518407,0,,0,0,1783598544518407146,2428,ContiRadar,
/apollo_workspace/records/202607092002_MkzExample_CarlaTown01.00000.20260709200220.record,1783598544646374174,1783598544.6463742,/apollo/sensor/radar/front,apollo.drivers.ContiRadar,1783598544.6183429,0,,0,0,1783598544618343028,2542,ContiRadar,
/apollo_workspace/records/202607092002_MkzExample_CarlaTown01.00000.20260709200220.record,1783598544745757720,1783598544.7457576,/apollo/sensor/radar/front,apollo.drivers.ContiRadar,1783598544.7183988,0,,0,0,1783598544718398620,2884,ContiRadar,
/apollo_workspace/records/202607092002_MkzExample_CarlaTown01.00000.20260709200220.record,1783598544846998953,1783598544.846999,/apollo/sensor/radar/front,apollo.drivers.ContiRadar,1783598544.8184445,0,,0,0,1783598544818444642,3074,ContiRadar,
/apollo_workspace/records/202607092002_MkzExample_CarlaTown01.00000.20260709200220.record,1783598544947230637,1783598544.9472308,/apollo/sensor/radar/front,apollo.drivers.ContiRadar,1783598544.9193687,0,,0,0,1783598544919368585,2656,ContiRadar,
/apollo_workspace/records/202607092002_MkzExample_CarlaTown01.00000.20260709200220.record,1783598545046102720,1783598545.0461028,/apollo/sensor/radar/front,apollo.drivers.ContiRadar,1783598545.018448,0,,0,0,1783598545018448140,2618,ContiRadar,
/apollo_workspace/records/202607092002_MkzExample_CarlaTown01.00000.20260709200220.record,1783598545146554151,1783598545.146554,/apollo/sensor/radar/front,apollo.drivers.ContiRadar,1783598545.11856,0,,0,0,1783598545118560022,2048,ContiRadar,
/apollo_workspace/records/202607092002_MkzExample_CarlaTown01.00000.20260709200220.record,1783598545246055073,1783598545.2460551,/apollo/sensor/radar/front,apollo.drivers.ContiRadar,1783598545.2186494,0,,0,0,1783598545218649251,2238,ContiRadar,
/apollo_workspace/records/202607092002_MkzExample_CarlaTown01.00000.20260709200220.record,1783598545347163505,1783598545.3471634,/apollo/sensor/radar/front,apollo.drivers.ContiRadar,1783598545.3184683,0,,0,0,1783598545318468450,2580,ContiRadar,
/apollo_workspace/records/202607092002_MkzExample_CarlaTown01.00000.20260709200220.record,1783598545446528746,1783598545.4465287,/apollo/sensor/radar/front,apollo.drivers.ContiRadar,1783598545.4184644,0,,0,0,1783598545418464556,2238,ContiRadar,
/apollo_workspace/records/202607092002_MkzExample_CarlaTown01.00000.20260709200220.record,1783598545546624972,1783598545.5466251,/apollo/sensor/radar/front,apollo.drivers.ContiRadar,1783598545.5185268,0,,0,0,1783598545518526796,2428,ContiRadar,
/apollo_workspace/records/202607092002_MkzExample_CarlaTown01.00000.20260709200220.record,1783598545646947506,1783598545.6469476,/apollo/sensor/radar/front,apollo.drivers.ContiRadar,1783598545.6188679,0,,0,0,1783598545618867956,2580,ContiRadar,
/apollo_workspace/records/202607092002_MkzExample_CarlaTown01.00000.20260709200220.record,1783598545746575566,1783598545.7465756,/apollo/sensor/radar/front,apollo.drivers.ContiRadar,1783598545.718609,0,,0,0,1783598545718609113,2086,ContiRadar,
/apollo_workspace/records/202607092002_MkzExample_CarlaTown01.00000.20260709200220.record,1783598545846363340,1783598545.8463633,/apollo/sensor/radar/front,apollo.drivers.ContiRadar,1783598545.818686,0,,0,0,1783598545818685998,2314,ContiRadar,
/apollo_workspace/records/202607092002_MkzExample_CarlaTown01.00000.20260709200220.record,1783598545947257081,1783598545.947257,/apollo/sensor/radar/front,apollo.drivers.ContiRadar,1783598545.9185808,0,,0,0,1783598545918580709,2618,ContiRadar,
/apollo_workspace/records/202607092002_MkzExample_CarlaTown01.00000.20260709200220.record,1783598546047452509,1783598546.0474524,/apollo/sensor/radar/front,apollo.drivers.ContiRadar,1783598546.01853,0,,0,0,1783598546018529842,2352,ContiRadar,
/apollo_workspace/records/202607092002_MkzExample_CarlaTown01.00000.20260709200220.record,1783598546147145466,1783598546.1471455,/apollo/sensor/radar/front,apollo.drivers.ContiRadar,1783598546.1183748,0,,0,0,1783598546118374834,2352,ContiRadar,
/apollo_workspace/records/202607092002_MkzExample_CarlaTown01.00000.20260709200220.record,1783598546265043008,1783598546.265043,/apollo/sensor/radar/front,apollo.drivers.ContiRadar,1783598546.2186513,0,,0,0,1783598546218651382,2238,ContiRadar,
/apollo_workspace/records/202607092002_MkzExample_CarlaTown01.00000.20260709200220.record,1783598546345821547,1783598546.3458214,/apollo/sensor/radar/front,apollo.drivers.ContiRadar,1783598546.3184743,0,,0,0,1783598546318474248,2884,ContiRadar,
/apollo_workspace/records/202607092002_MkzExample_CarlaTown01.00000.20260709200220.record,1783598546446092784,1783598546.4460928,/apollo/sensor/radar/front,apollo.drivers.ContiRadar,1783598546.4185603,0,,0,0,1783598546418560325,2276,ContiRadar,
/apollo_workspace/records/202607092002_MkzExample_CarlaTown01.00000.20260709200220.record,1783598546546451894,1783598546.546452,/apollo/sensor/radar/front,apollo.drivers.ContiRadar,1783598546.518466,0,,0,0,1783598546518465951,2048,ContiRadar,
/apollo_workspace/records/202607092002_MkzExample_CarlaTown01.00000.20260709200220.record,1783598546645776558,1783598546.6457767,/apollo/sensor/radar/front,apollo.drivers.ContiRadar,1783598546.6185308,0,,0,0,1783598546618530796,2276,ContiRadar,
/apollo_workspace/records/202607092002_MkzExample_CarlaTown01.00000.20260709200220.record,1783598546746461400,1783598546.7464614,/apollo/sensor/radar/front,apollo.drivers.ContiRadar,1783598546.7184527,0,,0,0,1783598546718452671,2504,ContiRadar,
/apollo_workspace/records/202607092002_MkzExample_CarlaTown01.00000.20260709200220.record,1783598546846671580,1783598546.8466716,/apollo/sensor/radar/front,apollo.drivers.ContiRadar,1783598546.8185596,0,,0,0,1783598546818559850,2352,ContiRadar,
/apollo_workspace/records/202607092002_MkzExample_CarlaTown01.00000.20260709200220.record,1783598546947625290,1783598546.9476252,/apollo/sensor/radar/front,apollo.drivers.ContiRadar,1783598546.918401,0,,0,0,1783598546918401088,2352,ContiRadar,
/apollo_workspace/records/202607092002_MkzExample_CarlaTown01.00000.20260709200220.record,1783598547046633406,1783598547.0466335,/apollo/sensor/radar/front,apollo.drivers.ContiRadar,1783598547.0184305,0,,0,0,1783598547018430386,2580,ContiRadar,
/apollo_workspace/records/202607092002_MkzExample_CarlaTown01.00000.20260709200220.record,1783598547147802766,1783598547.1478028,/apollo/sensor/radar/front,apollo.drivers.ContiRadar,1783598547.1186008,0,,0,0,1783598547118601046,2390,ContiRadar,
/apollo_workspace/records/202607092002_MkzExample_CarlaTown01.00000.20260709200220.record,1783598547253707259,1783598547.2537072,/apollo/sensor/radar/front,apollo.drivers.ContiRadar,1783598547.2185166,0,,0,0,1783598547218516486,3074,ContiRadar,
/apollo_workspace/records/202607092002_MkzExample_CarlaTown01.00000.20260709200220.record,1783598547346574369,1783598547.3465743,/apollo/sensor/radar/front,apollo.drivers.ContiRadar,1783598547.318582,0,,0,0,1783598547318581892,2276,ContiRadar,
/apollo_workspace/records/202607092002_MkzExample_CarlaTown01.00000.20260709200220.record,1783598547446464385,1783598547.4464645,/apollo/sensor/radar/front,apollo.drivers.ContiRadar,1783598547.4184692,0,,0,0,1783598547418469080,2694,ContiRadar,
/apollo_workspace/records/202607092002_MkzExample_CarlaTown01.00000.20260709200220.record,1783598547545801593,1783598547.5458014,/apollo/sensor/radar/front,apollo.drivers.ContiRadar,1783598547.5185108,0,,0,0,1783598547518510816,2580,ContiRadar,
/apollo_workspace/records/202607092002_MkzExample_CarlaTown01.00000.20260709200220.record,1783598547646082494,1783598547.6460826,/apollo/sensor/radar/front,apollo.drivers.ContiRadar,1783598547.618503,0,,0,0,1783598547618503206,2998,ContiRadar,
/apollo_workspace/records/202607092002_MkzExample_CarlaTown01.00000.20260709200220.record,1783598547746496581,1783598547.7464964,/apollo/sensor/radar/front,apollo.drivers.ContiRadar,1783598547.718469,0,,0,0,1783598547718468864,2580,ContiRadar,
/apollo_workspace/records/202607092002_MkzExample_CarlaTown01.00000.20260709200220.record,1783598547847178767,1783598547.8471787,/apollo/sensor/radar/front,apollo.drivers.ContiRadar,1783598547.8185754,0,,0,0,1783598547818575370,2352,ContiRadar,
/apollo_workspace/records/202607092002_MkzExample_CarlaTown01.00000.20260709200220.record,1783598547946653449,1783598547.9466534,/apollo/sensor/radar/front,apollo.drivers.ContiRadar,1783598547.9184206,0,,0,0,1783598547918420525,2542,ContiRadar,
/apollo_workspace/records/202607092002_MkzExample_CarlaTown01.00000.20260709200220.record,1783598548047445044,1783598548.047445,/apollo/sensor/radar/front,apollo.drivers.ContiRadar,1783598548.018539,0,,0,0,1783598548018539078,2466,ContiRadar,
/apollo_workspace/records/202607092002_MkzExample_CarlaTown01.00000.20260709200220.record,1783598548147590487,1783598548.1475904,/apollo/sensor/radar/front,apollo.drivers.ContiRadar,1783598548.11846,0,,0,0,1783598548118459940,2010,ContiRadar,
/apollo_workspace/records/202607092002_MkzExample_CarlaTown01.00000.20260709200220.record,1783598548246351497,1783598548.2463517,/apollo/sensor/radar/front,apollo.drivers.ContiRadar,1783598548.2186003,0,,0,0,1783598548218600135,2352,ContiRadar,
/apollo_workspace/records/202607092002_MkzExample_CarlaTown01.00000.20260709200220.record,1783598548346232872,1783598548.346233,/apollo/sensor/radar/front,apollo.drivers.ContiRadar,1783598548.318459,0,,0,0,1783598548318459013,2846,ContiRadar,
/apollo_workspace/records/202607092002_MkzExample_CarlaTown01.00000.20260709200220.record,1783598548447327096,1783598548.447327,/apollo/sensor/radar/front,apollo.drivers.ContiRadar,1783598548.418883,0,,0,0,1783598548418883143,2808,ContiRadar,
/apollo_workspace/records/202607092002_MkzExample_CarlaTown01.00000.20260709200220.record,1783598548549016654,1783598548.5490165,/apollo/sensor/radar/front,apollo.drivers.ContiRadar,1783598548.5185194,0,,0,0,1783598548518519304,2162,ContiRadar,
/apollo_workspace/records/202607092002_MkzExample_CarlaTown01.00000.20260709200220.record,1783598548660429378,1783598548.6604292,/apollo/sensor/radar/front,apollo.drivers.ContiRadar,1783598548.6185224,0,,0,0,1783598548618522493,2048,ContiRadar,
/apollo_workspace/records/202607092002_MkzExample_CarlaTown01.00000.20260709200220.record,1783598548747413276,1783598548.7474132,/apollo/sensor/radar/front,apollo.drivers.ContiRadar,1783598548.7190125,0,,0,0,1783598548719012553,2656,ContiRadar,
/apollo_workspace/records/202607092002_MkzExample_CarlaTown01.00000.20260709200220.record,1783598548846446001,1783598548.846446,/apollo/sensor/radar/front,apollo.drivers.ContiRadar,1783598548.8188305,0,,0,0,1783598548818830534,2124,ContiRadar,
/apollo_workspace/records/202607092002_MkzExample_CarlaTown01.00000.20260709200220.record,1783598548946370417,1783598548.9463704,/apollo/sensor/radar/front,apollo.drivers.ContiRadar,1783598548.918426,0,,0,0,1783598548918426061,2390,ContiRadar,
/apollo_workspace/records/202607092002_MkzExample_CarlaTown01.00000.20260709200220.record,1783598549050413062,1783598549.0504131,/apollo/sensor/radar/front,apollo.drivers.ContiRadar,1783598549.0184946,0,,0,0,1783598549018494804,2542,ContiRadar,
/apollo_workspace/records/202607092002_MkzExample_CarlaTown01.00000.20260709200220.record,1783598549145978959,1783598549.145979,/apollo/sensor/radar/front,apollo.drivers.ContiRadar,1783598549.1187906,0,,0,0,1783598549118790575,2276,ContiRadar,
/apollo_workspace/records/202607092002_MkzExample_CarlaTown01.00000.20260709200220.record,1783598549246343988,1783598549.2463439,/apollo/sensor/radar/front,apollo.drivers.ContiRadar,1783598549.2185886,0,,0,0,1783598549218588593,2504,ContiRadar,
/apollo_workspace/records/202607092002_MkzExample_CarlaTown01.00000.20260709200220.record,1783598549346402454,1783598549.3464026,/apollo/sensor/radar/front,apollo.drivers.ContiRadar,1783598549.3186803,0,,0,0,1783598549318680366,2162,ContiRadar,
/apollo_workspace/records/202607092002_MkzExample_CarlaTown01.00000.20260709200220.record,1783598549446701659,1783598549.4467015,/apollo/sensor/radar/front,apollo.drivers.ContiRadar,1783598549.4193313,0,,0,0,1783598549419331429,2466,ContiRadar,
/apollo_workspace/records/202607092002_MkzExample_CarlaTown01.00000.20260709200220.record,1783598549545549198,1783598549.5455494,/apollo/sensor/radar/front,apollo.drivers.ContiRadar,1783598549.5184693,0,,0,0,1783598549518469396,2580,ContiRadar,
/apollo_workspace/records/202607092002_MkzExample_CarlaTown01.00000.20260709200220.record,1783598549646901856,1783598549.6469018,/apollo/sensor/radar/front,apollo.drivers.ContiRadar,1783598549.6183488,0,,0,0,1783598549618348732,2694,ContiRadar,
/apollo_workspace/records/202607092002_MkzExample_CarlaTown01.00000.20260709200220.record,1783598549745581521,1783598549.7455816,/apollo/sensor/radar/front,apollo.drivers.ContiRadar,1783598549.7183611,0,,0,0,1783598549718361103,2238,ContiRadar,
/apollo_workspace/records/202607092002_MkzExample_CarlaTown01.00000.20260709200220.record,1783598549845377519,1783598549.8453774,/apollo/sensor/radar/front,apollo.drivers.ContiRadar,1783598549.818429,0,,0,0,1783598549818429018,2124,ContiRadar,
/apollo_workspace/records/202607092002_MkzExample_CarlaTown01.00000.20260709200220.record,1783598549945797686,1783598549.9457977,/apollo/sensor/radar/front,apollo.drivers.ContiRadar,1783598549.9189286,0,,0,0,1783598549918928720,2314,ContiRadar,
/apollo_workspace/records/202607092002_MkzExample_CarlaTown01.00000.20260709200220.record,1783598550056467360,1783598550.0564675,/apollo/sensor/radar/front,apollo.drivers.ContiRadar,1783598550.0184796,0,,0,0,1783598550018479554,2162,ContiRadar,
/apollo_workspace/records/202607092002_MkzExample_CarlaTown01.00000.20260709200220.record,1783598550145729879,1783598550.1457298,/apollo/sensor/radar/front,apollo.drivers.ContiRadar,1783598550.1186135,0,,0,0,1783598550118613460,2656,ContiRadar,
/apollo_workspace/records/202607092002_MkzExample_CarlaTown01.00000.20260709200220.record,1783598550246007164,1783598550.246007,/apollo/sensor/radar/front,apollo.drivers.ContiRadar,1783598550.2184994,0,,0,0,1783598550218499447,2314,ContiRadar,
/apollo_workspace/records/202607092002_MkzExample_CarlaTown01.00000.20260709200220.record,1783598550345423670,1783598550.3454237,/apollo/sensor/radar/front,apollo.drivers.ContiRadar,1783598550.3184252,0,,0,0,1783598550318424975,2314,ContiRadar,
/apollo_workspace/records/202607092002_MkzExample_CarlaTown01.00000.20260709200220.record,1783598550447435953,1783598550.447436,/apollo/sensor/radar/front,apollo.drivers.ContiRadar,1783598550.418474,0,,0,0,1783598550418474003,2542,ContiRadar,
/apollo_workspace/records/202607092002_MkzExample_CarlaTown01.00000.20260709200220.record,1783598550546367620,1783598550.5463676,/apollo/sensor/radar/front,apollo.drivers.ContiRadar,1783598550.5185006,0,,0,0,1783598550518500547,2162,ContiRadar,
/apollo_workspace/records/202607092002_MkzExample_CarlaTown01.00000.20260709200220.record,1783598550680656093,1783598550.6806562,/apollo/sensor/radar/front,apollo.drivers.ContiRadar,1783598550.618614,0,,0,0,1783598550618614117,2276,ContiRadar,
/apollo_workspace/records/202607092002_MkzExample_CarlaTown01.00000.20260709200220.record,1783598550745359706,1783598550.7453597,/apollo/sensor/radar/front,apollo.drivers.ContiRadar,1783598550.7182434,0,,0,0,1783598550718243406,2542,ContiRadar,
/apollo_workspace/records/202607092002_MkzExample_CarlaTown01.00000.20260709200220.record,1783598550845777344,1783598550.8457775,/apollo/sensor/radar/front,apollo.drivers.ContiRadar,1783598550.8184419,0,,0,0,1783598550818441993,2162,ContiRadar,
/apollo_workspace/records/202607092002_MkzExample_CarlaTown01.00000.20260709200220.record,1783598550945392316,1783598550.9453924,/apollo/sensor/radar/front,apollo.drivers.ContiRadar,1783598550.91854,0,,0,0,1783598550918540113,2010,ContiRadar,
/apollo_workspace/records/202607092002_MkzExample_CarlaTown01.00000.20260709200220.record,1783598551046955730,1783598551.0469558,/apollo/sensor/radar/front,apollo.drivers.ContiRadar,1783598551.0184402,0,,0,0,1783598551018440218,2884,ContiRadar,
/apollo_workspace/records/202607092002_MkzExample_CarlaTown01.00000.20260709200220.record,1783598551150793604,1783598551.1507938,/apollo/sensor/radar/front,apollo.drivers.ContiRadar,1783598551.1184514,0,,0,0,1783598551118451502,2542,ContiRadar,
/apollo_workspace/records/202607092002_MkzExample_CarlaTown01.00000.20260709200220.record,1783598551259768056,1783598551.259768,/apollo/sensor/radar/front,apollo.drivers.ContiRadar,1783598551.2184196,0,,0,0,1783598551218419422,2352,ContiRadar,
/apollo_workspace/records/202607092002_MkzExample_CarlaTown01.00000.20260709200220.record,1783598551346882164,1783598551.346882,/apollo/sensor/radar/front,apollo.drivers.ContiRadar,1783598551.3190346,0,,0,0,1783598551319034699,2200,ContiRadar,
/apollo_workspace/records/202607092002_MkzExample_CarlaTown01.00000.20260709200220.record,1783598551479999934,1783598551.48,/apollo/sensor/radar/front,apollo.drivers.ContiRadar,1783598551.4184854,0,,0,0,1783598551418485620,2010,ContiRadar,
/apollo_workspace/records/202607092002_MkzExample_CarlaTown01.00000.20260709200220.record,1783598551556904375,1783598551.5569046,/apollo/sensor/radar/front,apollo.drivers.ContiRadar,1783598551.5184166,0,,0,0,1783598551518416627,2504,ContiRadar,
/apollo_workspace/records/202607092002_MkzExample_CarlaTown01.00000.20260709200220.record,1783598551663316170,1783598551.6633162,/apollo/sensor/radar/front,apollo.drivers.ContiRadar,1783598551.6183321,0,,0,0,1783598551618332259,2162,ContiRadar,
/apollo_workspace/records/202607092002_MkzExample_CarlaTown01.00000.20260709200220.record,1783598551746324626,1783598551.7463248,/apollo/sensor/radar/front,apollo.drivers.ContiRadar,1783598551.7184615,0,,0,0,1783598551718461431,2124,ContiRadar,
/apollo_workspace/records/202607092002_MkzExample_CarlaTown01.00000.20260709200220.record,1783598551845640906,1783598551.845641,/apollo/sensor/radar/front,apollo.drivers.ContiRadar,1783598551.8185012,0,,0,0,1783598551818501166,2200,ContiRadar,
/apollo_workspace/records/202607092002_MkzExample_CarlaTown01.00000.20260709200220.record,1783598551945593995,1783598551.945594,/apollo/sensor/radar/front,apollo.drivers.ContiRadar,1783598551.9185011,0,,0,0,1783598551918501018,2390,ContiRadar,
/apollo_workspace/records/202607092002_MkzExample_CarlaTown01.00000.20260709200220.record,1783598552057320490,1783598552.0573204,/apollo/sensor/radar/front,apollo.drivers.ContiRadar,1783598552.0184293,0,,0,0,1783598552018429079,2276,ContiRadar,
/apollo_workspace/records/202607092002_MkzExample_CarlaTown01.00000.20260709200220.record,1783598552146219066,1783598552.146219,/apollo/sensor/radar/front,apollo.drivers.ContiRadar,1783598552.118441,0,,0,0,1783598552118441126,2314,ContiRadar,
/apollo_workspace/records/202607092002_MkzExample_CarlaTown01.00000.20260709200220.record,1783598552245048657,1783598552.2450485,/apollo/sensor/radar/front,apollo.drivers.ContiRadar,1783598552.218349,0,,0,0,1783598552218349152,2162,ContiRadar,
/apollo_workspace/records/202607092002_MkzExample_CarlaTown01.00000.20260709200220.record,1783598552346454820,1783598552.3464549,/apollo/sensor/radar/front,apollo.drivers.ContiRadar,1783598552.3184953,0,,0,0,1783598552318495272,1630,ContiRadar,
/apollo_workspace/records/202607092002_MkzExample_CarlaTown01.00000.20260709200220.record,1783598552445510432,1783598552.4455104,/apollo/sensor/radar/front,apollo.drivers.ContiRadar,1783598552.4183273,0,,0,0,1783598552418327251,1934,ContiRadar,
/apollo_workspace/records/202607092002_MkzExample_CarlaTown01.00000.20260709200220.record,1783598552546101344,1783598552.5461013,/apollo/sensor/radar/front,apollo.drivers.ContiRadar,1783598552.518381,0,,0,0,1783598552518381113,2086,ContiRadar,
/apollo_workspace/records/202607092002_MkzExample_CarlaTown01.00000.20260709200220.record,1783598552646329527,1783598552.6463296,/apollo/sensor/radar/front,apollo.drivers.ContiRadar,1783598552.6183515,0,,0,0,1783598552618351475,2466,ContiRadar,
/apollo_workspace/records/202607092002_MkzExample_CarlaTown01.00000.20260709200220.record,1783598552755322874,1783598552.755323,/apollo/sensor/radar/front,apollo.drivers.ContiRadar,1783598552.7185042,0,,0,0,1783598552718504137,2086,ContiRadar,
/apollo_workspace/records/202607092002_MkzExample_CarlaTown01.00000.20260709200220.record,1783598552846237818,1783598552.8462377,/apollo/sensor/radar/front,apollo.drivers.ContiRadar,1783598552.8183465,0,,0,0,1783598552818346486,1896,ContiRadar,
/apollo_workspace/records/202607092002_MkzExample_CarlaTown01.00000.20260709200220.record,1783598552946439728,1783598552.9464397,/apollo/sensor/radar/front,apollo.drivers.ContiRadar,1783598552.9190857,0,,0,0,1783598552919085872,2352,ContiRadar,
/apollo_workspace/records/202607092002_MkzExample_CarlaTown01.00000.20260709200220.record,1783598553049686670,1783598553.0496867,/apollo/sensor/radar/front,apollo.drivers.ContiRadar,1783598553.0188866,0,,0,0,1783598553018886760,2124,ContiRadar,
/apollo_workspace/records/202607092002_MkzExample_CarlaTown01.00000.20260709200220.record,1783598553146582104,1783598553.1465821,/apollo/sensor/radar/front,apollo.drivers.ContiRadar,1783598553.118591,0,,0,0,1783598553118590999,2086,ContiRadar,
/apollo_workspace/records/202607092002_MkzExample_CarlaTown01.00000.20260709200220.record,1783598553246107519,1783598553.2461073,/apollo/sensor/radar/front,apollo.drivers.ContiRadar,1783598553.2187388,0,,0,0,1783598553218738621,1896,ContiRadar,
/apollo_workspace/records/202607092002_MkzExample_CarlaTown01.00000.20260709200220.record,1783598553347234668,1783598553.3472345,/apollo/sensor/radar/front,apollo.drivers.ContiRadar,1783598553.3190145,0,,0,0,1783598553319014642,1744,ContiRadar,
/apollo_workspace/records/202607092002_MkzExample_CarlaTown01.00000.20260709200220.record,1783598553446264999,1783598553.446265,/apollo/sensor/radar/front,apollo.drivers.ContiRadar,1783598553.4184096,0,,0,0,1783598553418409436,2162,ContiRadar,
/apollo_workspace/records/202607092002_MkzExample_CarlaTown01.00000.20260709200220.record,1783598553546873959,1783598553.5468738,/apollo/sensor/radar/front,apollo.drivers.ContiRadar,1783598553.5185952,0,,0,0,1783598553518595281,1516,ContiRadar,
/apollo_workspace/records/202607092002_MkzExample_CarlaTown01.00000.20260709200220.record,1783598553646709270,1783598553.6467092,/apollo/sensor/radar/front,apollo.drivers.ContiRadar,1783598553.6184373,0,,0,0,1783598553618437346,2504,ContiRadar,
/apollo_workspace/records/202607092002_MkzExample_CarlaTown01.00000.20260709200220.record,1783598553771996499,1783598553.7719965,/apollo/sensor/radar/front,apollo.drivers.ContiRadar,1783598553.71852,0,,0,0,1783598553718519912,2276,ContiRadar,
/apollo_workspace/records/202607092002_MkzExample_CarlaTown01.00000.20260709200220.record,1783598553854370796,1783598553.8543708,/apollo/sensor/radar/front,apollo.drivers.ContiRadar,1783598553.8184366,0,,0,0,1783598553818436498,2010,ContiRadar,
/apollo_workspace/records/202607092002_MkzExample_CarlaTown01.00000.20260709200220.record,1783598553946672299,1783598553.9466724,/apollo/sensor/radar/front,apollo.drivers.ContiRadar,1783598553.9188008,0,,0,0,1783598553918800792,1820,ContiRadar,
/apollo_workspace/records/202607092002_MkzExample_CarlaTown01.00000.20260709200220.record,1783598554046014318,1783598554.0460143,/apollo/sensor/radar/front,apollo.drivers.ContiRadar,1783598554.0184207,0,,0,0,1783598554018420863,2352,ContiRadar,
/apollo_workspace/records/202607092002_MkzExample_CarlaTown01.00000.20260709200220.record,1783598554147388608,1783598554.1473887,/apollo/sensor/radar/front,apollo.drivers.ContiRadar,1783598554.1185465,0,,0,0,1783598554118546400,2200,ContiRadar,
/apollo_workspace/records/202607092002_MkzExample_CarlaTown01.00000.20260709200220.record,1783598554248096643,1783598554.2480967,/apollo/sensor/radar/front,apollo.drivers.ContiRadar,1783598554.218522,0,,0,0,1783598554218522068,2124,ContiRadar,
/apollo_workspace/records/202607092002_MkzExample_CarlaTown01.00000.20260709200220.record,1783598554346047046,1783598554.346047,/apollo/sensor/radar/front,apollo.drivers.ContiRadar,1783598554.3184717,0,,0,0,1783598554318471652,1896,ContiRadar,
/apollo_workspace/records/202607092002_MkzExample_CarlaTown01.00000.20260709200220.record,1783598554446665894,1783598554.446666,/apollo/sensor/radar/front,apollo.drivers.ContiRadar,1783598554.4185169,0,,0,0,1783598554418516931,2048,ContiRadar,
/apollo_workspace/records/202607092002_MkzExample_CarlaTown01.00000.20260709200220.record,1783598554546961439,1783598554.5469613,/apollo/sensor/radar/front,apollo.drivers.ContiRadar,1783598554.518357,0,,0,0,1783598554518357041,2086,ContiRadar,
/apollo_workspace/records/202607092002_MkzExample_CarlaTown01.00000.20260709200220.record,1783598554645560497,1783598554.6455605,/apollo/sensor/radar/front,apollo.drivers.ContiRadar,1783598554.6182754,0,,0,0,1783598554618275300,2048,ContiRadar,
/apollo_workspace/records/202607092002_MkzExample_CarlaTown01.00000.20260709200220.record,1783598554745588548,1783598554.7455885,/apollo/sensor/radar/front,apollo.drivers.ContiRadar,1783598554.7182808,0,,0,0,1783598554718280661,2352,ContiRadar,
/apollo_workspace/records/202607092002_MkzExample_CarlaTown01.00000.20260709200220.record,1783598554846399657,1783598554.8463998,/apollo/sensor/radar/front,apollo.drivers.ContiRadar,1783598554.8183382,0,,0,0,1783598554818338080,2276,ContiRadar,
/apollo_workspace/records/202607092002_MkzExample_CarlaTown01.00000.20260709200220.record,1783598554945976081,1783598554.945976,/apollo/sensor/radar/front,apollo.drivers.ContiRadar,1783598554.9184349,0,,0,0,1783598554918434768,1744,ContiRadar,
/apollo_workspace/records/202607092002_MkzExample_CarlaTown01.00000.20260709200220.record,1783598555046158183,1783598555.046158,/apollo/sensor/radar/front,apollo.drivers.ContiRadar,1783598555.018772,0,,0,0,1783598555018772001,2466,ContiRadar,
/apollo_workspace/records/202607092002_MkzExample_CarlaTown01.00000.20260709200220.record,1783598555146506178,1783598555.1465063,/apollo/sensor/radar/front,apollo.drivers.ContiRadar,1783598555.118606,0,,0,0,1783598555118606054,2162,ContiRadar,
/apollo_workspace/records/202607092002_MkzExample_CarlaTown01.00000.20260709200220.record,1783598555246865628,1783598555.2468657,/apollo/sensor/radar/front,apollo.drivers.ContiRadar,1783598555.218432,0,,0,0,1783598555218432092,1820,ContiRadar,
/apollo_workspace/records/202607092002_MkzExample_CarlaTown01.00000.20260709200220.record,1783598555346594728,1783598555.3465948,/apollo/sensor/radar/front,apollo.drivers.ContiRadar,1783598555.318534,0,,0,0,1783598555318533908,1820,ContiRadar,
/apollo_workspace/records/202607092002_MkzExample_CarlaTown01.00000.20260709200220.record,1783598555446132175,1783598555.4461322,/apollo/sensor/radar/front,apollo.drivers.ContiRadar,1783598555.4187052,0,,0,0,1783598555418705148,2238,ContiRadar,
/apollo_workspace/records/202607092002_MkzExample_CarlaTown01.00000.20260709200220.record,1783598555564260038,1783598555.56426,/apollo/sensor/radar/front,apollo.drivers.ContiRadar,1783598555.5185285,0,,0,0,1783598555518528611,2238,ContiRadar,
/apollo_workspace/records/202607092002_MkzExample_CarlaTown01.00000.20260709200220.record,1783598555645980784,1783598555.6459806,/apollo/sensor/radar/front,apollo.drivers.ContiRadar,1783598555.6185298,0,,0,0,1783598555618529916,1972,ContiRadar,
/apollo_workspace/records/202607092002_MkzExample_CarlaTown01.00000.20260709200220.record,1783598555746122630,1783598555.7461228,/apollo/sensor/radar/front,apollo.drivers.ContiRadar,1783598555.7184484,0,,0,0,1783598555718448347,1934,ContiRadar,
/apollo_workspace/records/202607092002_MkzExample_CarlaTown01.00000.20260709200220.record,1783598555845848561,1783598555.8458486,/apollo/sensor/radar/front,apollo.drivers.ContiRadar,1783598555.8184116,0,,0,0,1783598555818411490,1972,ContiRadar,
/apollo_workspace/records/202607092002_MkzExample_CarlaTown01.00000.20260709200220.record,1783598555946209196,1783598555.9462092,/apollo/sensor/radar/front,apollo.drivers.ContiRadar,1783598555.918443,0,,0,0,1783598555918442910,1934,ContiRadar,
/apollo_workspace/records/202607092002_MkzExample_CarlaTown01.00000.20260709200220.record,1783598556045780372,1783598556.0457804,/apollo/sensor/radar/front,apollo.drivers.ContiRadar,1783598556.0185585,0,,0,0,1783598556018558441,2048,ContiRadar,
/apollo_workspace/records/202607092002_MkzExample_CarlaTown01.00000.20260709200220.record,1783598556147728820,1783598556.147729,/apollo/sensor/radar/front,apollo.drivers.ContiRadar,1783598556.1184201,0,,0,0,1783598556118420101,1706,ContiRadar,
/apollo_workspace/records/202607092002_MkzExample_CarlaTown01.00000.20260709200220.record,1783598556246681837,1783598556.246682,/apollo/sensor/radar/front,apollo.drivers.ContiRadar,1783598556.218424,0,,0,0,1783598556218424149,2086,ContiRadar,
/apollo_workspace/records/202607092002_MkzExample_CarlaTown01.00000.20260709200220.record,1783598556346099378,1783598556.3460994,/apollo/sensor/radar/front,apollo.drivers.ContiRadar,1783598556.3184638,0,,0,0,1783598556318463641,1972,ContiRadar,
/apollo_workspace/records/202607092002_MkzExample_CarlaTown01.00000.20260709200220.record,1783598556447854605,1783598556.4478545,/apollo/sensor/radar/front,apollo.drivers.ContiRadar,1783598556.4184728,0,,0,0,1783598556418472706,2276,ContiRadar,
/apollo_workspace/records/202607092002_MkzExample_CarlaTown01.00000.20260709200220.record,1783598556557936297,1783598556.5579364,/apollo/sensor/radar/front,apollo.drivers.ContiRadar,1783598556.518592,0,,0,0,1783598556518592016,2010,ContiRadar,
/apollo_workspace/records/202607092002_MkzExample_CarlaTown01.00000.20260709200220.record,1783598556645902500,1783598556.6459026,/apollo/sensor/radar/front,apollo.drivers.ContiRadar,1783598556.6182861,0,,0,0,1783598556618285990,2048,ContiRadar,
/apollo_workspace/records/202607092002_MkzExample_CarlaTown01.00000.20260709200220.record,1783598556746260350,1783598556.7462602,/apollo/sensor/radar/front,apollo.drivers.ContiRadar,1783598556.7185335,0,,0,0,1783598556718533691,2200,ContiRadar,
/apollo_workspace/records/202607092002_MkzExample_CarlaTown01.00000.20260709200220.record,1783598556845916489,1783598556.8459165,/apollo/sensor/radar/front,apollo.drivers.ContiRadar,1783598556.8184474,0,,0,0,1783598556818447273,2428,ContiRadar,
/apollo_workspace/records/202607092002_MkzExample_CarlaTown01.00000.20260709200220.record,1783598556945788088,1783598556.9457881,/apollo/sensor/radar/front,apollo.drivers.ContiRadar,1783598556.918321,0,,0,0,1783598556918321018,2048,ContiRadar,
/apollo_workspace/records/202607092002_MkzExample_CarlaTown01.00000.20260709200220.record,1783598557046202676,1783598557.0462027,/apollo/sensor/radar/front,apollo.drivers.ContiRadar,1783598557.0184174,0,,0,0,1783598557018417488,1896,ContiRadar,
/apollo_workspace/records/202607092002_MkzExample_CarlaTown01.00000.20260709200220.record,1783598557147108443,1783598557.1471083,/apollo/sensor/radar/front,apollo.drivers.ContiRadar,1783598557.1183429,0,,0,0,1783598557118343022,1668,ContiRadar,
/apollo_workspace/records/202607092002_MkzExample_CarlaTown01.00000.20260709200220.record,1783598557246652578,1783598557.2466526,/apollo/sensor/radar/front,apollo.drivers.ContiRadar,1783598557.2183294,0,,0,0,1783598557218329271,1478,ContiRadar,
/apollo_workspace/records/202607092002_MkzExample_CarlaTown01.00000.20260709200220.record,1783598557346207466,1783598557.3462074,/apollo/sensor/radar/front,apollo.drivers.ContiRadar,1783598557.3185198,0,,0,0,1783598557318519892,1972,ContiRadar,
/apollo_workspace/records/202607092002_MkzExample_CarlaTown01.00000.20260709200220.record,1783598557446887308,1783598557.4468875,/apollo/sensor/radar/front,apollo.drivers.ContiRadar,1783598557.4193904,0,,0,0,1783598557419390372,2086,ContiRadar,
/apollo_workspace/records/202607092002_MkzExample_CarlaTown01.00000.20260709200220.record,1783598557546354802,1783598557.5463548,/apollo/sensor/radar/front,apollo.drivers.ContiRadar,1783598557.5186965,0,,0,0,1783598557518696490,2010,ContiRadar,
/apollo_workspace/records/202607092002_MkzExample_CarlaTown01.00000.20260709200220.record,1783598557646239649,1783598557.6462398,/apollo/sensor/radar/front,apollo.drivers.ContiRadar,1783598557.6184733,0,,0,0,1783598557618473101,2542,ContiRadar,
/apollo_workspace/records/202607092002_MkzExample_CarlaTown01.00000.20260709200220.record,1783598557745534083,1783598557.7455342,/apollo/sensor/radar/front,apollo.drivers.ContiRadar,1783598557.718276,0,,0,0,1783598557718276067,3720,ContiRadar,
/apollo_workspace/records/202607092002_MkzExample_CarlaTown01.00000.20260709200220.record,1783598557848176403,1783598557.8481765,/apollo/sensor/radar/front,apollo.drivers.ContiRadar,1783598557.8184144,0,,0,0,1783598557818414390,4214,ContiRadar,
/apollo_workspace/records/202607092002_MkzExample_CarlaTown01.00000.20260709200220.record,1783598557945878011,1783598557.945878,/apollo/sensor/radar/front,apollo.drivers.ContiRadar,1783598557.9183137,0,,0,0,1783598557918313833,4632,ContiRadar,
/apollo_workspace/records/202607092002_MkzExample_CarlaTown01.00000.20260709200220.record,1783598558045380119,1783598558.04538,/apollo/sensor/radar/front,apollo.drivers.ContiRadar,1783598558.0183418,0,,0,0,1783598558018341881,4632,ContiRadar,
/apollo_workspace/records/202607092002_MkzExample_CarlaTown01.00000.20260709200220.record,1783598558146453224,1783598558.1464531,/apollo/sensor/radar/front,apollo.drivers.ContiRadar,1783598558.1182652,0,,0,0,1783598558118265198,4784,ContiRadar,
/apollo_workspace/records/202607092002_MkzExample_CarlaTown01.00000.20260709200220.record,1783598558258037867,1783598558.2580378,/apollo/sensor/radar/front,apollo.drivers.ContiRadar,1783598558.2184615,0,,0,0,1783598558218461342,4898,ContiRadar,
/apollo_workspace/records/202607092002_MkzExample_CarlaTown01.00000.20260709200220.record,1783598558347304282,1783598558.347304,/apollo/sensor/radar/front,apollo.drivers.ContiRadar,1783598558.3186424,0,,0,0,1783598558318642559,5126,ContiRadar,
/apollo_workspace/records/202607092002_MkzExample_CarlaTown01.00000.20260709200220.record,1783598558445915753,1783598558.4459157,/apollo/sensor/radar/front,apollo.drivers.ContiRadar,1783598558.4185114,0,,0,0,1783598558418511398,4936,ContiRadar,
/apollo_workspace/records/202607092002_MkzExample_CarlaTown01.00000.20260709200220.record,1783598558549430396,1783598558.5494304,/apollo/sensor/radar/front,apollo.drivers.ContiRadar,1783598558.5188007,0,,0,0,1783598558518800752,5430,ContiRadar,
/apollo_workspace/records/202607092002_MkzExample_CarlaTown01.00000.20260709200220.record,1783598558646483510,1783598558.6464834,/apollo/sensor/radar/front,apollo.drivers.ContiRadar,1783598558.61821,0,,0,0,1783598558618209997,5164,ContiRadar,
/apollo_workspace/records/202607092002_MkzExample_CarlaTown01.00000.20260709200220.record,1783598558746380152,1783598558.74638,/apollo/sensor/radar/front,apollo.drivers.ContiRadar,1783598558.718257,0,,0,0,1783598558718256840,5354,ContiRadar,
/apollo_workspace/records/202607092002_MkzExample_CarlaTown01.00000.20260709200220.record,1783598558846257497,1783598558.8462574,/apollo/sensor/radar/front,apollo.drivers.ContiRadar,1783598558.8184888,0,,0,0,1783598558818488885,5354,ContiRadar,
/apollo_workspace/records/202607092002_MkzExample_CarlaTown01.00000.20260709200220.record,1783598558946163322,1783598558.9461632,/apollo/sensor/radar/front,apollo.drivers.ContiRadar,1783598558.9184358,0,,0,0,1783598558918435783,5354,ContiRadar,
/apollo_workspace/records/202607092002_MkzExample_CarlaTown01.00000.20260709200220.record,1783598559046275390,1783598559.0462754,/apollo/sensor/radar/front,apollo.drivers.ContiRadar,1783598559.01869,0,,0,0,1783598559018689951,5620,ContiRadar,
/apollo_workspace/records/202607092002_MkzExample_CarlaTown01.00000.20260709200220.record,1783598559154130029,1783598559.15413,/apollo/sensor/radar/front,apollo.drivers.ContiRadar,1783598559.1184523,0,,0,0,1783598559118452352,5202,ContiRadar,
/apollo_workspace/records/202607092002_MkzExample_CarlaTown01.00000.20260709200220.record,1783598559260049538,1783598559.2600496,/apollo/sensor/radar/front,apollo.drivers.ContiRadar,1783598559.2184315,0,,0,0,1783598559218431545,5392,ContiRadar,
/apollo_workspace/records/202607092002_MkzExample_CarlaTown01.00000.20260709200220.record,1783598559347256436,1783598559.3472564,/apollo/sensor/radar/front,apollo.drivers.ContiRadar,1783598559.3185174,0,,0,0,1783598559318517430,5240,ContiRadar,
/apollo_workspace/records/202607092002_MkzExample_CarlaTown01.00000.20260709200220.record,1783598559446017766,1783598559.4460177,/apollo/sensor/radar/front,apollo.drivers.ContiRadar,1783598559.4186509,0,,0,0,1783598559418650949,5392,ContiRadar,
/apollo_workspace/records/202607092002_MkzExample_CarlaTown01.00000.20260709200220.record,1783598559546576784,1783598559.546577,/apollo/sensor/radar/front,apollo.drivers.ContiRadar,1783598559.5191982,0,,0,0,1783598559519198269,5392,ContiRadar,
/apollo_workspace/records/202607092002_MkzExample_CarlaTown01.00000.20260709200220.record,1783598559645676903,1783598559.6456769,/apollo/sensor/radar/front,apollo.drivers.ContiRadar,1783598559.6185288,0,,0,0,1783598559618528697,5506,ContiRadar,
/apollo_workspace/records/202607092002_MkzExample_CarlaTown01.00000.20260709200220.record,1783598559745563912,1783598559.745564,/apollo/sensor/radar/front,apollo.drivers.ContiRadar,1783598559.7183995,0,,0,0,1783598559718399481,5658,ContiRadar,
/apollo_workspace/records/202607092002_MkzExample_CarlaTown01.00000.20260709200220.record,1783598559845932368,1783598559.8459322,/apollo/sensor/radar/front,apollo.drivers.ContiRadar,1783598559.8184621,0,,0,0,1783598559818462255,5430,ContiRadar,
/apollo_workspace/records/202607092002_MkzExample_CarlaTown01.00000.20260709200220.record,1783598559945553613,1783598559.9455538,/apollo/sensor/radar/front,apollo.drivers.ContiRadar,1783598559.918365,0,,0,0,1783598559918364934,5506,ContiRadar,
/apollo_workspace/records/202607092002_MkzExample_CarlaTown01.00000.20260709200220.record,1783598560046364603,1783598560.0463648,/apollo/sensor/radar/front,apollo.drivers.ContiRadar,1783598560.0184586,0,,0,0,1783598560018458525,5544,ContiRadar,
/apollo_workspace/records/202607092002_MkzExample_CarlaTown01.00000.20260709200220.record,1783598560145581267,1783598560.1455812,/apollo/sensor/radar/front,apollo.drivers.ContiRadar,1783598560.1182804,0,,0,0,1783598560118280446,5430,ContiRadar,
/apollo_workspace/records/202607092002_MkzExample_CarlaTown01.00000.20260709200220.record,1783598560245018862,1783598560.245019,/apollo/sensor/radar/front,apollo.drivers.ContiRadar,1783598560.2183423,0,,0,0,1783598560218342429,5544,ContiRadar,
/apollo_workspace/records/202607092002_MkzExample_CarlaTown01.00000.20260709200220.record,1783598560344961488,1783598560.3449616,/apollo/sensor/radar/front,apollo.drivers.ContiRadar,1783598560.318487,0,,0,0,1783598560318487087,5544,ContiRadar,
/apollo_workspace/records/202607092002_MkzExample_CarlaTown01.00000.20260709200220.record,1783598560445757565,1783598560.4457574,/apollo/sensor/radar/front,apollo.drivers.ContiRadar,1783598560.4192004,0,,0,0,1783598560419200552,5544,ContiRadar,
/apollo_workspace/records/202607092002_MkzExample_CarlaTown01.00000.20260709200220.record,1783598560544787155,1783598560.5447872,/apollo/sensor/radar/front,apollo.drivers.ContiRadar,1783598560.518713,0,,0,0,1783598560518712993,5392,ContiRadar,
/apollo_workspace/records/202607092002_MkzExample_CarlaTown01.00000.20260709200220.record,1783598560646240426,1783598560.6462405,/apollo/sensor/radar/front,apollo.drivers.ContiRadar,1783598560.6183493,0,,0,0,1783598560618349298,5392,ContiRadar,
/apollo_workspace/records/202607092002_MkzExample_CarlaTown01.00000.20260709200220.record,1783598560745554115,1783598560.7455542,/apollo/sensor/radar/front,apollo.drivers.ContiRadar,1783598560.7183285,0,,0,0,1783598560718328507,5620,ContiRadar,
/apollo_workspace/records/202607092002_MkzExample_CarlaTown01.00000.20260709200220.record,1783598560845723496,1783598560.8457234,/apollo/sensor/radar/front,apollo.drivers.ContiRadar,1783598560.8184035,0,,0,0,1783598560818403592,5544,ContiRadar,
/apollo_workspace/records/202607092002_MkzExample_CarlaTown01.00000.20260709200220.record,1783598560974050385,1783598560.9740503,/apollo/sensor/radar/front,apollo.drivers.ContiRadar,1783598560.9186957,0,,0,0,1783598560918695730,5658,ContiRadar,
/apollo_workspace/records/202607092002_MkzExample_CarlaTown01.00000.20260709200220.record,1783598561045424265,1783598561.0454245,/apollo/sensor/radar/front,apollo.drivers.ContiRadar,1783598561.0182905,0,,0,0,1783598561018290324,5582,ContiRadar,
/apollo_workspace/records/202607092002_MkzExample_CarlaTown01.00000.20260709200220.record,1783598561145777137,1783598561.1457772,/apollo/sensor/radar/front,apollo.drivers.ContiRadar,1783598561.118343,0,,0,0,1783598561118343291,5620,ContiRadar,
/apollo_workspace/records/202607092002_MkzExample_CarlaTown01.00000.20260709200220.record,1783598561256277828,1783598561.2562778,/apollo/sensor/radar/front,apollo.drivers.ContiRadar,1783598561.2190983,0,,0,0,1783598561219098342,5620,ContiRadar,
/apollo_workspace/records/202607092002_MkzExample_CarlaTown01.00000.20260709200220.record,1783598561351537286,1783598561.3515375,/apollo/sensor/radar/front,apollo.drivers.ContiRadar,1783598561.3187351,0,,0,0,1783598561318735003,5506,ContiRadar,
/apollo_workspace/records/202607092002_MkzExample_CarlaTown01.00000.20260709200220.record,1783598561476235229,1783598561.4762352,/apollo/sensor/radar/front,apollo.drivers.ContiRadar,1783598561.4184084,0,,0,0,1783598561418408562,5658,ContiRadar,
/apollo_workspace/records/202607092002_MkzExample_CarlaTown01.00000.20260709200220.record,1783598561559670779,1783598561.5596707,/apollo/sensor/radar/front,apollo.drivers.ContiRadar,1783598561.5184753,0,,0,0,1783598561518475324,5696,ContiRadar,
/apollo_workspace/records/202607092002_MkzExample_CarlaTown01.00000.20260709200220.record,1783598561651325227,1783598561.6513252,/apollo/sensor/radar/front,apollo.drivers.ContiRadar,1783598561.618447,0,,0,0,1783598561618447031,5582,ContiRadar,
/apollo_workspace/records/202607092002_MkzExample_CarlaTown01.00000.20260709200220.record,1783598561777431574,1783598561.7774315,/apollo/sensor/radar/front,apollo.drivers.ContiRadar,1783598561.7183733,0,,0,0,1783598561718373336,5582,ContiRadar,
/apollo_workspace/records/202607092002_MkzExample_CarlaTown01.00000.20260709200220.record,1783598561852175516,1783598561.8521757,/apollo/sensor/radar/front,apollo.drivers.ContiRadar,1783598561.8185272,0,,0,0,1783598561818527288,5544,ContiRadar,
/apollo_workspace/records/202607092002_MkzExample_CarlaTown01.00000.20260709200220.record,1783598561945278656,1783598561.9452786,/apollo/sensor/radar/front,apollo.drivers.ContiRadar,1783598561.918341,0,,0,0,1783598561918340805,5582,ContiRadar,
/apollo_workspace/records/202607092002_MkzExample_CarlaTown01.00000.20260709200220.record,1783598562076839478,1783598562.0768394,/apollo/sensor/radar/front,apollo.drivers.ContiRadar,1783598562.0183253,0,,0,0,1783598562018325259,5658,ContiRadar,
/apollo_workspace/records/202607092002_MkzExample_CarlaTown01.00000.20260709200220.record,1783598562145490248,1783598562.1454902,/apollo/sensor/radar/front,apollo.drivers.ContiRadar,1783598562.1184347,0,,0,0,1783598562118434448,5506,ContiRadar,
/apollo_workspace/records/202607092002_MkzExample_CarlaTown01.00000.20260709200220.record,1783598562246636827,1783598562.2466369,/apollo/sensor/radar/front,apollo.drivers.ContiRadar,1783598562.2181804,0,,0,0,1783598562218180454,5658,ContiRadar,
/apollo_workspace/records/202607092002_MkzExample_CarlaTown01.00000.20260709200220.record,1783598562356859626,1783598562.3568597,/apollo/sensor/radar/front,apollo.drivers.ContiRadar,1783598562.31865,0,,0,0,1783598562318650097,5658,ContiRadar,
/apollo_workspace/records/202607092002_MkzExample_CarlaTown01.00000.20260709200220.record,1783598562445318222,1783598562.4453182,/apollo/sensor/radar/front,apollo.drivers.ContiRadar,1783598562.4183562,0,,0,0,1783598562418356198,5544,ContiRadar,
/apollo_workspace/records/202607092002_MkzExample_CarlaTown01.00000.20260709200220.record,1783598562545044365,1783598562.5450444,/apollo/sensor/radar/front,apollo.drivers.ContiRadar,1783598562.518449,0,,0,0,1783598562518449256,5696,ContiRadar,
/apollo_workspace/records/202607092002_MkzExample_CarlaTown01.00000.20260709200220.record,1783598562646553252,1783598562.6465533,/apollo/sensor/radar/front,apollo.drivers.ContiRadar,1783598562.6192074,0,,0,0,1783598562619207367,5696,ContiRadar,
/apollo_workspace/records/202607092002_MkzExample_CarlaTown01.00000.20260709200220.record,1783598562745736956,1783598562.745737,/apollo/sensor/radar/front,apollo.drivers.ContiRadar,1783598562.7184112,0,,0,0,1783598562718411322,5582,ContiRadar,
/apollo_workspace/records/202607092002_MkzExample_CarlaTown01.00000.20260709200220.record,1783598562845245848,1783598562.8452458,/apollo/sensor/radar/front,apollo.drivers.ContiRadar,1783598562.8182578,0,,0,0,1783598562818257943,5696,ContiRadar,
/apollo_workspace/records/202607092002_MkzExample_CarlaTown01.00000.20260709200220.record,1783598562945710593,1783598562.9457107,/apollo/sensor/radar/front,apollo.drivers.ContiRadar,1783598562.9183812,0,,0,0,1783598562918381305,5696,ContiRadar,
/apollo_workspace/records/202607092002_MkzExample_CarlaTown01.00000.20260709200220.record,1783598563045433056,1783598563.045433,/apollo/sensor/radar/front,apollo.drivers.ContiRadar,1783598563.0190706,0,,0,0,1783598563019070693,5620,ContiRadar,
/apollo_workspace/records/202607092002_MkzExample_CarlaTown01.00000.20260709200220.record,1783598563145500484,1783598563.1455004,/apollo/sensor/radar/front,apollo.drivers.ContiRadar,1783598563.1186066,0,,0,0,1783598563118606630,5696,ContiRadar,
/apollo_workspace/records/202607092002_MkzExample_CarlaTown01.00000.20260709200220.record,1783598563246219440,1783598563.2462196,/apollo/sensor/radar/front,apollo.drivers.ContiRadar,1783598563.2195086,0,,0,0,1783598563219508756,5544,ContiRadar,
/apollo_workspace/records/202607092002_MkzExample_CarlaTown01.00000.20260709200220.record,1783598563345058243,1783598563.3450582,/apollo/sensor/radar/front,apollo.drivers.ContiRadar,1783598563.318304,0,,0,0,1783598563318303949,5620,ContiRadar,
/apollo_workspace/records/202607092002_MkzExample_CarlaTown01.00000.20260709200220.record,1783598563444795938,1783598563.4447958,/apollo/sensor/radar/front,apollo.drivers.ContiRadar,1783598563.4183946,0,,0,0,1783598563418394615,5658,ContiRadar,
/apollo_workspace/records/202607092002_MkzExample_CarlaTown01.00000.20260709200220.record,1783598563546836673,1783598563.5468369,/apollo/sensor/radar/front,apollo.drivers.ContiRadar,1783598563.519125,0,,0,0,1783598563519125113,5620,ContiRadar,
/apollo_workspace/records/202607092002_MkzExample_CarlaTown01.00000.20260709200220.record,1783598563657128530,1783598563.6571283,/apollo/sensor/radar/front,apollo.drivers.ContiRadar,1783598563.6184058,0,,0,0,1783598563618405833,5696,ContiRadar,
/apollo_workspace/records/202607092002_MkzExample_CarlaTown01.00000.20260709200220.record,1783598563745273201,1783598563.745273,/apollo/sensor/radar/front,apollo.drivers.ContiRadar,1783598563.718222,0,,0,0,1783598563718221719,5544,ContiRadar,
/apollo_workspace/records/202607092002_MkzExample_CarlaTown01.00000.20260709200220.record,1783598563845933149,1783598563.845933,/apollo/sensor/radar/front,apollo.drivers.ContiRadar,1783598563.8183453,0,,0,0,1783598563818345211,5620,ContiRadar,
/apollo_workspace/records/202607092002_MkzExample_CarlaTown01.00000.20260709200220.record,1783598563947173488,1783598563.9471734,/apollo/sensor/radar/front,apollo.drivers.ContiRadar,1783598563.918349,0,,0,0,1783598563918349078,5658,ContiRadar,
/apollo_workspace/records/202607092002_MkzExample_CarlaTown01.00000.20260709200220.record,1783598564044222218,1783598564.044222,/apollo/sensor/radar/front,apollo.drivers.ContiRadar,1783598564.018427,0,,0,0,1783598564018426928,5734,ContiRadar,
/apollo_workspace/records/202607092002_MkzExample_CarlaTown01.00000.20260709200220.record,1783598564145203963,1783598564.145204,/apollo/sensor/radar/front,apollo.drivers.ContiRadar,1783598564.1182806,0,,0,0,1783598564118280664,5658,ContiRadar,
/apollo_workspace/records/202607092002_MkzExample_CarlaTown01.00000.20260709200220.record,1783598564258464628,1783598564.2584646,/apollo/sensor/radar/front,apollo.drivers.ContiRadar,1783598564.2183256,0,,0,0,1783598564218325587,5696,ContiRadar,
/apollo_workspace/records/202607092002_MkzExample_CarlaTown01.00000.20260709200220.record,1783598564344656345,1783598564.3446565,/apollo/sensor/radar/front,apollo.drivers.ContiRadar,1783598564.318361,0,,0,0,1783598564318360976,5658,ContiRadar,
/apollo_workspace/records/202607092002_MkzExample_CarlaTown01.00000.20260709200220.record,1783598564476202510,1783598564.4762025,/apollo/sensor/radar/front,apollo.drivers.ContiRadar,1783598564.4184964,0,,0,0,1783598564418496212,5620,ContiRadar,
/apollo_workspace/records/202607092002_MkzExample_CarlaTown01.00000.20260709200220.record,1783598564553754300,1783598564.5537543,/apollo/sensor/radar/front,apollo.drivers.ContiRadar,1783598564.5182993,0,,0,0,1783598564518299477,5582,ContiRadar,
/apollo_workspace/records/202607092002_MkzExample_CarlaTown01.00000.20260709200220.record,1783598564645194024,1783598564.645194,/apollo/sensor/radar/front,apollo.drivers.ContiRadar,1783598564.6184645,0,,0,0,1783598564618464530,5658,ContiRadar,
/apollo_workspace/records/202607092002_MkzExample_CarlaTown01.00000.20260709200220.record,1783598564745957525,1783598564.7459576,/apollo/sensor/radar/front,apollo.drivers.ContiRadar,1783598564.7183685,0,,0,0,1783598564718368582,5620,ContiRadar,
/apollo_workspace/records/202607092002_MkzExample_CarlaTown01.00000.20260709200220.record,1783598564845549267,1783598564.8455493,/apollo/sensor/radar/front,apollo.drivers.ContiRadar,1783598564.8182688,0,,0,0,1783598564818268556,5696,ContiRadar,
/apollo_workspace/records/202607092002_MkzExample_CarlaTown01.00000.20260709200220.record,1783598564955999781,1783598564.9559999,/apollo/sensor/radar/front,apollo.drivers.ContiRadar,1783598564.9183273,0,,0,0,1783598564918327393,5582,ContiRadar,
/apollo_workspace/records/202607092002_MkzExample_CarlaTown01.00000.20260709200220.record,1783598565046918763,1783598565.0469186,/apollo/sensor/radar/front,apollo.drivers.ContiRadar,1783598565.0183053,0,,0,0,1783598565018305249,5582,ContiRadar,
/apollo_workspace/records/202607092002_MkzExample_CarlaTown01.00000.20260709200220.record,1783598565145452217,1783598565.1454523,/apollo/sensor/radar/front,apollo.drivers.ContiRadar,1783598565.1184008,0,,0,0,1783598565118400862,5620,ContiRadar,
/apollo_workspace/records/202607092002_MkzExample_CarlaTown01.00000.20260709200220.record,1783598565259518270,1783598565.2595181,/apollo/sensor/radar/front,apollo.drivers.ContiRadar,1783598565.2182395,0,,0,0,1783598565218239548,5620,ContiRadar,
/apollo_workspace/records/202607092002_MkzExample_CarlaTown01.00000.20260709200220.record,1783598565345228476,1783598565.3452284,/apollo/sensor/radar/front,apollo.drivers.ContiRadar,1783598565.3182566,0,,0,0,1783598565318256552,5658,ContiRadar,
/apollo_workspace/records/202607092002_MkzExample_CarlaTown01.00000.20260709200220.record,1783598565445046716,1783598565.445047,/apollo/sensor/radar/front,apollo.drivers.ContiRadar,1783598565.4183953,0,,0,0,1783598565418395336,5620,ContiRadar,
/apollo_workspace/records/202607092002_MkzExample_CarlaTown01.00000.20260709200220.record,1783598565545179137,1783598565.5451791,/apollo/sensor/radar/front,apollo.drivers.ContiRadar,1783598565.5184095,0,,0,0,1783598565518409495,5468,ContiRadar,
/apollo_workspace/records/202607092002_MkzExample_CarlaTown01.00000.20260709200220.record,1783598565645685546,1783598565.6456854,/apollo/sensor/radar/front,apollo.drivers.ContiRadar,1783598565.6184177,0,,0,0,1783598565618417682,5734,ContiRadar,
/apollo_workspace/records/202607092002_MkzExample_CarlaTown01.00000.20260709200220.record,1783598565747073696,1783598565.747074,/apollo/sensor/radar/front,apollo.drivers.ContiRadar,1783598565.7184887,0,,0,0,1783598565718488454,5658,ContiRadar,
/apollo_workspace/records/202607092002_MkzExample_CarlaTown01.00000.20260709200220.record,1783598565846149270,1783598565.8461494,/apollo/sensor/radar/front,apollo.drivers.ContiRadar,1783598565.8182821,0,,0,0,1783598565818282207,5696,ContiRadar,
/apollo_workspace/records/202607092002_MkzExample_CarlaTown01.00000.20260709200220.record,1783598565944744101,1783598565.944744,/apollo/sensor/radar/front,apollo.drivers.ContiRadar,1783598565.9182863,0,,0,0,1783598565918286249,5620,ContiRadar,
/apollo_workspace/records/202607092002_MkzExample_CarlaTown01.00000.20260709200220.record,1783598566045879928,1783598566.0458798,/apollo/sensor/radar/front,apollo.drivers.ContiRadar,1783598566.0183735,0,,0,0,1783598566018373269,5620,ContiRadar,
/apollo_workspace/records/202607092002_MkzExample_CarlaTown01.00000.20260709200220.record,1783598566145341011,1783598566.145341,/apollo/sensor/radar/front,apollo.drivers.ContiRadar,1783598566.1183786,0,,0,0,1783598566118378728,5734,ContiRadar,
/apollo_workspace/records/202607092002_MkzExample_CarlaTown01.00000.20260709200220.record,1783598566246385220,1783598566.246385,/apollo/sensor/radar/front,apollo.drivers.ContiRadar,1783598566.2183783,0,,0,0,1783598566218378161,5544,ContiRadar,
/apollo_workspace/records/202607092002_MkzExample_CarlaTown01.00000.20260709200220.record,1783598566344788561,1783598566.3447886,/apollo/sensor/radar/front,apollo.drivers.ContiRadar,1783598566.3184009,0,,0,0,1783598566318400735,5696,ContiRadar,
/apollo_workspace/records/202607092002_MkzExample_CarlaTown01.00000.20260709200220.record,1783598566445188985,1783598566.4451888,/apollo/sensor/radar/front,apollo.drivers.ContiRadar,1783598566.4186926,0,,0,0,1783598566418692544,5696,ContiRadar,
/apollo_workspace/records/202607092002_MkzExample_CarlaTown01.00000.20260709200220.record,1783598566546690385,1783598566.5466902,/apollo/sensor/radar/front,apollo.drivers.ContiRadar,1783598566.5184364,0,,0,0,1783598566518436395,5658,ContiRadar,
/apollo_workspace/records/202607092002_MkzExample_CarlaTown01.00000.20260709200220.record,1783598566645203519,1783598566.6452034,/apollo/sensor/radar/front,apollo.drivers.ContiRadar,1783598566.6183786,0,,0,0,1783598566618378656,5696,ContiRadar,
/apollo_workspace/records/202607092002_MkzExample_CarlaTown01.00000.20260709200220.record,1783598566745633640,1783598566.7456336,/apollo/sensor/radar/front,apollo.drivers.ContiRadar,1783598566.7183087,0,,0,0,1783598566718308566,5696,ContiRadar,
/apollo_workspace/records/202607092002_MkzExample_CarlaTown01.00000.20260709200220.record,1783598566845669547,1783598566.8456697,/apollo/sensor/radar/front,apollo.drivers.ContiRadar,1783598566.8183153,0,,0,0,1783598566818315143,5696,ContiRadar,
/apollo_workspace/records/202607092002_MkzExample_CarlaTown01.00000.20260709200220.record,1783598566945244072,1783598566.945244,/apollo/sensor/radar/front,apollo.drivers.ContiRadar,1783598566.9182122,0,,0,0,1783598566918211980,5658,ContiRadar,
/apollo_workspace/records/202607092002_MkzExample_CarlaTown01.00000.20260709200220.record,1783598567045654768,1783598567.0456548,/apollo/sensor/radar/front,apollo.drivers.ContiRadar,1783598567.0182624,0,,0,0,1783598567018262281,5658,ContiRadar,
/apollo_workspace/records/202607092002_MkzExample_CarlaTown01.00000.20260709200220.record,1783598567146050360,1783598567.1460502,/apollo/sensor/radar/front,apollo.drivers.ContiRadar,1783598567.1182895,0,,0,0,1783598567118289434,5734,ContiRadar,
/apollo_workspace/records/202607092002_MkzExample_CarlaTown01.00000.20260709200220.record,1783598567245220399,1783598567.2452204,/apollo/sensor/radar/front,apollo.drivers.ContiRadar,1783598567.2183447,0,,0,0,1783598567218344603,5658,ContiRadar,
/apollo_workspace/records/202607092002_MkzExample_CarlaTown01.00000.20260709200220.record,1783598567345118097,1783598567.3451183,/apollo/sensor/radar/front,apollo.drivers.ContiRadar,1783598567.318392,0,,0,0,1783598567318392051,5620,ContiRadar,
/apollo_workspace/records/202607092002_MkzExample_CarlaTown01.00000.20260709200220.record,1783598567445329782,1783598567.4453297,/apollo/sensor/radar/front,apollo.drivers.ContiRadar,1783598567.418304,0,,0,0,1783598567418304128,5696,ContiRadar,
/apollo_workspace/records/202607092002_MkzExample_CarlaTown01.00000.20260709200220.record,1783598567546178917,1783598567.5461788,/apollo/sensor/radar/front,apollo.drivers.ContiRadar,1783598567.518314,0,,0,0,1783598567518313929,5620,ContiRadar,
/apollo_workspace/records/202607092002_MkzExample_CarlaTown01.00000.20260709200220.record,1783598567673792612,1783598567.6737926,/apollo/sensor/radar/front,apollo.drivers.ContiRadar,1783598567.6182704,0,,0,0,1783598567618270369,5696,ContiRadar,
/apollo_workspace/records/202607092002_MkzExample_CarlaTown01.00000.20260709200220.record,1783598567750531110,1783598567.750531,/apollo/sensor/radar/front,apollo.drivers.ContiRadar,1783598567.7182827,0,,0,0,1783598567718282730,5696,ContiRadar,
/apollo_workspace/records/202607092002_MkzExample_CarlaTown01.00000.20260709200220.record,1783598567859330658,1783598567.8593307,/apollo/sensor/radar/front,apollo.drivers.ContiRadar,1783598567.8183396,0,,0,0,1783598567818339600,5658,ContiRadar,
/apollo_workspace/records/202607092002_MkzExample_CarlaTown01.00000.20260709200220.record,1783598567945544423,1783598567.9455445,/apollo/sensor/radar/front,apollo.drivers.ContiRadar,1783598567.9182174,0,,0,0,1783598567918217474,5658,ContiRadar,
/apollo_workspace/records/202607092002_MkzExample_CarlaTown01.00000.20260709200220.record,1783598568054547302,1783598568.0545473,/apollo/sensor/radar/front,apollo.drivers.ContiRadar,1783598568.018306,0,,0,0,1783598568018305964,5696,ContiRadar,
/apollo_workspace/records/202607092002_MkzExample_CarlaTown01.00000.20260709200220.record,1783598568146565083,1783598568.1465652,/apollo/sensor/radar/front,apollo.drivers.ContiRadar,1783598568.1192486,0,,0,0,1783598568119248621,5658,ContiRadar,
/apollo_workspace/records/202607092002_MkzExample_CarlaTown01.00000.20260709200220.record,1783598568245184327,1783598568.2451842,/apollo/sensor/radar/front,apollo.drivers.ContiRadar,1783598568.2183337,0,,0,0,1783598568218333776,5696,ContiRadar,
/apollo_workspace/records/202607092002_MkzExample_CarlaTown01.00000.20260709200220.record,1783598568346913494,1783598568.3469136,/apollo/sensor/radar/front,apollo.drivers.ContiRadar,1783598568.3183541,0,,0,0,1783598568318354237,5696,ContiRadar,
/apollo_workspace/records/202607092002_MkzExample_CarlaTown01.00000.20260709200220.record,1783598568445780630,1783598568.4457808,/apollo/sensor/radar/front,apollo.drivers.ContiRadar,1783598568.4184496,0,,0,0,1783598568418449604,5734,ContiRadar,
/apollo_workspace/records/202607092002_MkzExample_CarlaTown01.00000.20260709200220.record,1783598568545384706,1783598568.5453846,/apollo/sensor/radar/front,apollo.drivers.ContiRadar,1783598568.518445,0,,0,0,1783598568518444944,5734,ContiRadar,
/apollo_workspace/records/202607092002_MkzExample_CarlaTown01.00000.20260709200220.record,1783598568646499719,1783598568.6464999,/apollo/sensor/radar/front,apollo.drivers.ContiRadar,1783598568.61843,0,,0,0,1783598568618429937,5734,ContiRadar,
/apollo_workspace/records/202607092002_MkzExample_CarlaTown01.00000.20260709200220.record,1783598568746086547,1783598568.7460866,/apollo/sensor/radar/front,apollo.drivers.ContiRadar,1783598568.7184486,0,,0,0,1783598568718448525,5658,ContiRadar,
/apollo_workspace/records/202607092002_MkzExample_CarlaTown01.00000.20260709200220.record,1783598568845123990,1783598568.845124,/apollo/sensor/radar/front,apollo.drivers.ContiRadar,1783598568.818353,0,,0,0,1783598568818352977,5734,ContiRadar,
/apollo_workspace/records/202607092002_MkzExample_CarlaTown01.00000.20260709200220.record,1783598568947297420,1783598568.9472976,/apollo/sensor/radar/front,apollo.drivers.ContiRadar,1783598568.9187875,0,,0,0,1783598568918787708,5734,ContiRadar,
/apollo_workspace/records/202607092002_MkzExample_CarlaTown01.00000.20260709200220.record,1783598569047075035,1783598569.047075,/apollo/sensor/radar/front,apollo.drivers.ContiRadar,1783598569.018473,0,,0,0,1783598569018472879,5734,ContiRadar,
/apollo_workspace/records/202607092002_MkzExample_CarlaTown01.00000.20260709200220.record,1783598569146904043,1783598569.146904,/apollo/sensor/radar/front,apollo.drivers.ContiRadar,1783598569.1183994,0,,0,0,1783598569118399494,5658,ContiRadar,
/apollo_workspace/records/202607092002_MkzExample_CarlaTown01.00000.20260709200220.record,1783598569279168946,1783598569.279169,/apollo/sensor/radar/front,apollo.drivers.ContiRadar,1783598569.2183604,0,,0,0,1783598569218360359,5696,ContiRadar,
/apollo_workspace/records/202607092002_MkzExample_CarlaTown01.00000.20260709200220.record,1783598569352788977,1783598569.352789,/apollo/sensor/radar/front,apollo.drivers.ContiRadar,1783598569.318259,0,,0,0,1783598569318258990,5734,ContiRadar,
/apollo_workspace/records/202607092002_MkzExample_CarlaTown01.00000.20260709200220.record,1783598569463083694,1783598569.4630837,/apollo/sensor/radar/front,apollo.drivers.ContiRadar,1783598569.4183488,0,,0,0,1783598569418348778,5734,ContiRadar,
/apollo_workspace/records/202607092002_MkzExample_CarlaTown01.00000.20260709200220.record,1783598569553655429,1783598569.5536556,/apollo/sensor/radar/front,apollo.drivers.ContiRadar,1783598569.5183883,0,,0,0,1783598569518388148,5734,ContiRadar,
/apollo_workspace/records/202607092002_MkzExample_CarlaTown01.00000.20260709200220.record,1783598569647445521,1783598569.6474454,/apollo/sensor/radar/front,apollo.drivers.ContiRadar,1783598569.6183968,0,,0,0,1783598569618396784,5734,ContiRadar,
/apollo_workspace/records/202607092002_MkzExample_CarlaTown01.00000.20260709200220.record,1783598569746861530,1783598569.7468615,/apollo/sensor/radar/front,apollo.drivers.ContiRadar,1783598569.7186267,0,,0,0,1783598569718626938,5734,ContiRadar,
/apollo_workspace/records/202607092002_MkzExample_CarlaTown01.00000.20260709200220.record,1783598569845668089,1783598569.845668,/apollo/sensor/radar/front,apollo.drivers.ContiRadar,1783598569.81869,0,,0,0,1783598569818690091,5734,ContiRadar,
/apollo_workspace/records/202607092002_MkzExample_CarlaTown01.00000.20260709200220.record,1783598569945547625,1783598569.9455476,/apollo/sensor/radar/front,apollo.drivers.ContiRadar,1783598569.9183257,0,,0,0,1783598569918325820,5658,ContiRadar,
/apollo_workspace/records/202607092002_MkzExample_CarlaTown01.00000.20260709200220.record,1783598570046159782,1783598570.04616,/apollo/sensor/radar/front,apollo.drivers.ContiRadar,1783598570.0183928,0,,0,0,1783598570018392809,5734,ContiRadar,
/apollo_workspace/records/202607092002_MkzExample_CarlaTown01.00000.20260709200220.record,1783598570156750696,1783598570.1567507,/apollo/sensor/radar/front,apollo.drivers.ContiRadar,1783598570.118324,0,,0,0,1783598570118323941,5734,ContiRadar,
/apollo_workspace/records/202607092002_MkzExample_CarlaTown01.00000.20260709200220.record,1783598570261260325,1783598570.2612603,/apollo/sensor/radar/front,apollo.drivers.ContiRadar,1783598570.2182815,0,,0,0,1783598570218281458,5734,ContiRadar,
/apollo_workspace/records/202607092002_MkzExample_CarlaTown01.00000.20260709200220.record,1783598570346311936,1783598570.346312,/apollo/sensor/radar/front,apollo.drivers.ContiRadar,1783598570.318422,0,,0,0,1783598570318422100,5734,ContiRadar,
/apollo_workspace/records/202607092002_MkzExample_CarlaTown01.00000.20260709200220.record,1783598570446565943,1783598570.4465659,/apollo/sensor/radar/front,apollo.drivers.ContiRadar,1783598570.4184325,0,,0,0,1783598570418432521,5734,ContiRadar,
/apollo_workspace/records/202607092002_MkzExample_CarlaTown01.00000.20260709200220.record,1783598570575956431,1783598570.5759566,/apollo/sensor/radar/front,apollo.drivers.ContiRadar,1783598570.5183291,0,,0,0,1783598570518328964,5734,ContiRadar,
/apollo_workspace/records/202607092002_MkzExample_CarlaTown01.00000.20260709200220.record,1783598570656272189,1783598570.6562722,/apollo/sensor/radar/front,apollo.drivers.ContiRadar,1783598570.6183205,0,,0,0,1783598570618320438,5734,ContiRadar,
/apollo_workspace/records/202607092002_MkzExample_CarlaTown01.00000.20260709200220.record,1783598570771034083,1783598570.771034,/apollo/sensor/radar/front,apollo.drivers.ContiRadar,1783598570.7183309,0,,0,0,1783598570718330897,5734,ContiRadar,
/apollo_workspace/records/202607092002_MkzExample_CarlaTown01.00000.20260709200220.record,1783598570845598642,1783598570.8455987,/apollo/sensor/radar/front,apollo.drivers.ContiRadar,1783598570.8184037,0,,0,0,1783598570818403872,5734,ContiRadar,
/apollo_workspace/records/202607092002_MkzExample_CarlaTown01.00000.20260709200220.record,1783598570946933722,1783598570.9469337,/apollo/sensor/radar/front,apollo.drivers.ContiRadar,1783598570.9182732,0,,0,0,1783598570918273184,5734,ContiRadar,
/apollo_workspace/records/202607092002_MkzExample_CarlaTown01.00000.20260709200220.record,1783598571046443365,1783598571.0464432,/apollo/sensor/radar/front,apollo.drivers.ContiRadar,1783598571.018359,0,,0,0,1783598571018359127,5734,ContiRadar,
/apollo_workspace/records/202607092002_MkzExample_CarlaTown01.00000.20260709200220.record,1783598571147537898,1783598571.147538,/apollo/sensor/radar/front,apollo.drivers.ContiRadar,1783598571.118434,0,,0,0,1783598571118434008,5734,ContiRadar,
/apollo_workspace/records/202607092002_MkzExample_CarlaTown01.00000.20260709200220.record,1783598571246244423,1783598571.2462444,/apollo/sensor/radar/front,apollo.drivers.ContiRadar,1783598571.2188723,0,,0,0,1783598571218872316,5734,ContiRadar,
/apollo_workspace/records/202607092002_MkzExample_CarlaTown01.00000.20260709200220.record,1783598571346720065,1783598571.34672,/apollo/sensor/radar/front,apollo.drivers.ContiRadar,1783598571.318305,0,,0,0,1783598571318305036,5734,ContiRadar,
/apollo_workspace/records/202607092002_MkzExample_CarlaTown01.00000.20260709200220.record,1783598571463119939,1783598571.46312,/apollo/sensor/radar/front,apollo.drivers.ContiRadar,1783598571.4183502,0,,0,0,1783598571418350250,5734,ContiRadar,
/apollo_workspace/records/202607092002_MkzExample_CarlaTown01.00000.20260709200220.record,1783598571547230991,1783598571.547231,/apollo/sensor/radar/front,apollo.drivers.ContiRadar,1783598571.5183153,0,,0,0,1783598571518315165,5734,ContiRadar,
/apollo_workspace/records/202607092002_MkzExample_CarlaTown01.00000.20260709200220.record,1783598571657087876,1783598571.657088,/apollo/sensor/radar/front,apollo.drivers.ContiRadar,1783598571.618441,0,,0,0,1783598571618441303,5734,ContiRadar,
/apollo_workspace/records/202607092002_MkzExample_CarlaTown01.00000.20260709200220.record,1783598571746725804,1783598571.7467258,/apollo/sensor/radar/front,apollo.drivers.ContiRadar,1783598571.718387,0,,0,0,1783598571718386847,5734,ContiRadar,
/apollo_workspace/records/202607092002_MkzExample_CarlaTown01.00000.20260709200220.record,1783598571846678590,1783598571.8466785,/apollo/sensor/radar/front,apollo.drivers.ContiRadar,1783598571.8182914,0,,0,0,1783598571818291434,5734,ContiRadar,
/apollo_workspace/records/202607092002_MkzExample_CarlaTown01.00000.20260709200220.record,1783598571945575902,1783598571.945576,/apollo/sensor/radar/front,apollo.drivers.ContiRadar,1783598571.9182906,0,,0,0,1783598571918290715,5734,ContiRadar,
/apollo_workspace/records/202607092002_MkzExample_CarlaTown01.00000.20260709200220.record,1783598572046200795,1783598572.0462008,/apollo/sensor/radar/front,apollo.drivers.ContiRadar,1783598572.0182788,0,,0,0,1783598572018278882,5734,ContiRadar,
/apollo_workspace/records/202607092002_MkzExample_CarlaTown01.00000.20260709200220.record,1783598572146718262,1783598572.1467183,/apollo/sensor/radar/front,apollo.drivers.ContiRadar,1783598572.118395,0,,0,0,1783598572118395152,5734,ContiRadar,
/apollo_workspace/records/202607092002_MkzExample_CarlaTown01.00000.20260709200220.record,1783598572279771595,1783598572.2797716,/apollo/sensor/radar/front,apollo.drivers.ContiRadar,1783598572.2183564,0,,0,0,1783598572218356465,5734,ContiRadar,
/apollo_workspace/records/202607092002_MkzExample_CarlaTown01.00000.20260709200220.record,1783598572345671562,1783598572.3456717,/apollo/sensor/radar/front,apollo.drivers.ContiRadar,1783598572.3184834,0,,0,0,1783598572318483358,5734,ContiRadar,
/apollo_workspace/records/202607092002_MkzExample_CarlaTown01.00000.20260709200220.record,1783598572447119669,1783598572.4471197,/apollo/sensor/radar/front,apollo.drivers.ContiRadar,1783598572.4184825,0,,0,0,1783598572418482366,5734,ContiRadar,
/apollo_workspace/records/202607092002_MkzExample_CarlaTown01.00000.20260709200220.record,1783598572547933365,1783598572.5479333,/apollo/sensor/radar/front,apollo.drivers.ContiRadar,1783598572.518485,0,,0,0,1783598572518484947,5734,ContiRadar,
/apollo_workspace/records/202607092002_MkzExample_CarlaTown01.00000.20260709200220.record,1783598572646983832,1783598572.6469839,/apollo/sensor/radar/front,apollo.drivers.ContiRadar,1783598572.6190367,0,,0,0,1783598572619036738,5734,ContiRadar,
/apollo_workspace/records/202607092002_MkzExample_CarlaTown01.00000.20260709200220.record,1783598572745722710,1783598572.7457225,/apollo/sensor/radar/front,apollo.drivers.ContiRadar,1783598572.7183785,0,,0,0,1783598572718378550,5734,ContiRadar,
/apollo_workspace/records/202607092002_MkzExample_CarlaTown01.00000.20260709200220.record,1783598572848651289,1783598572.8486512,/apollo/sensor/radar/front,apollo.drivers.ContiRadar,1783598572.8185203,0,,0,0,1783598572818520298,5734,ContiRadar,
/apollo_workspace/records/202607092002_MkzExample_CarlaTown01.00000.20260709200220.record,1783598572946565257,1783598572.9465654,/apollo/sensor/radar/front,apollo.drivers.ContiRadar,1783598572.918423,0,,0,0,1783598572918422999,5734,ContiRadar,
/apollo_workspace/records/202607092002_MkzExample_CarlaTown01.00000.20260709200220.record,1783598573048492091,1783598573.048492,/apollo/sensor/radar/front,apollo.drivers.ContiRadar,1783598573.018562,0,,0,0,1783598573018562111,5734,ContiRadar,
/apollo_workspace/records/202607092002_MkzExample_CarlaTown01.00000.20260709200220.record,1783598573147450685,1783598573.1474507,/apollo/sensor/radar/front,apollo.drivers.ContiRadar,1783598573.1195738,0,,0,0,1783598573119573643,5734,ContiRadar,
