run_id,schema_version,event_id,trace_id,proc_id,module,phase,mono_ns,pid,tid
202607271643,e2e_trace_v3,10,72224298898556140,0,perception.pointcloud_map_based_roi,proc_enter,22643788891072,1218462,1218638
202607271643,e2e_trace_v3,14,72224298898556140,0,perception.pointcloud_map_based_roi,output_pub,22643794289216,1218462,1218638
202607271643,e2e_trace_v3,19,72224298898556141,0,perception.pointcloud_map_based_roi,proc_enter,22643870539424,1218462,1218630
202607271643,e2e_trace_v3,20,72224298898556141,0,perception.pointcloud_map_based_roi,output_pub,22643875175776,1218462,1218630
202607271643,e2e_trace_v3,37,72224298898556142,0,perception.pointcloud_map_based_roi,proc_enter,22643967008480,1218462,1218628
202607271643,e2e_trace_v3,38,72224298898556142,0,perception.pointcloud_map_based_roi,output_pub,22643972419776,1218462,1218628
202607271643,e2e_trace_v3,53,72224298898556143,0,perception.pointcloud_map_based_roi,proc_enter,22644065386816,1218462,1218637
202607271643,e2e_trace_v3,55,72224298898556143,0,perception.pointcloud_map_based_roi,output_pub,22644069914816,1218462,1218637
202607271643,e2e_trace_v3,71,72224298898556144,0,perception.pointcloud_map_based_roi,proc_enter,22644165463808,1218462,1218642
202607271643,e2e_trace_v3,77,72224298898556144,0,perception.pointcloud_map_based_roi,output_pub,22644168738720,1218462,1218642
202607271643,e2e_trace_v3,87,72224298898556145,0,perception.pointcloud_map_based_roi,proc_enter,22644262231488,1218462,1218630
202607271643,e2e_trace_v3,91,72224298898556145,0,perception.pointcloud_map_based_roi,output_pub,22644265698816,1218462,1218630
202607271643,e2e_trace_v3,104,72224298898556146,0,perception.pointcloud_map_based_roi,proc_enter,22644362135488,1218462,1218637
202607271643,e2e_trace_v3,113,72224298898556146,0,perception.pointcloud_map_based_roi,output_pub,22644366790048,1218462,1218637
202607271643,e2e_trace_v3,129,72224298898556147,0,perception.pointcloud_map_based_roi,proc_enter,22644472570592,1218462,1218634
202607271643,e2e_trace_v3,130,72224298898556147,0,perception.pointcloud_map_based_roi,output_pub,22644475821920,1218462,1218634
202607271643,e2e_trace_v3,138,72224298898556148,0,perception.pointcloud_map_based_roi,proc_enter,22644565919936,1218462,1218633
202607271643,e2e_trace_v3,140,72224298898556148,0,perception.pointcloud_map_based_roi,output_pub,22644569707488,1218462,1218633
202607271643,e2e_trace_v3,162,72224298898556149,0,perception.pointcloud_map_based_roi,proc_enter,22644668491328,1218462,1218629
202607271643,e2e_trace_v3,164,72224298898556149,0,perception.pointcloud_map_based_roi,output_pub,22644672374304,1218462,1218629
202607271643,e2e_trace_v3,173,72224298898556150,0,perception.pointcloud_map_based_roi,proc_enter,22644768410144,1218462,1218637
202607271643,e2e_trace_v3,174,72224298898556150,0,perception.pointcloud_map_based_roi,output_pub,22644772475264,1218462,1218637
202607271643,e2e_trace_v3,188,72224298898556151,0,perception.pointcloud_map_based_roi,proc_enter,22644868332096,1218462,1218633
202607271643,e2e_trace_v3,196,72224298898556151,0,perception.pointcloud_map_based_roi,output_pub,22644872638240,1218462,1218633
202607271643,e2e_trace_v3,203,72224298898556152,0,perception.pointcloud_map_based_roi,proc_enter,22644964297504,1218462,1218632
202607271643,e2e_trace_v3,204,72224298898556152,0,perception.pointcloud_map_based_roi,output_pub,22644966771136,1218462,1218632
202607271643,e2e_trace_v3,221,72224298898556153,0,perception.pointcloud_map_based_roi,proc_enter,22645065621504,1218462,1218631
202607271643,e2e_trace_v3,229,72224298898556153,0,perception.pointcloud_map_based_roi,output_pub,22645069683776,1218462,1218631
202607271643,e2e_trace_v3,237,72224298898556154,0,perception.pointcloud_map_based_roi,proc_enter,22645162623328,1218462,1218628
202607271643,e2e_trace_v3,239,72224298898556154,0,perception.pointcloud_map_based_roi,output_pub,22645165218432,1218462,1218628
202607271643,e2e_trace_v3,254,72224298898556155,0,perception.pointcloud_map_based_roi,proc_enter,22645261989088,1218462,1218632
202607271643,e2e_trace_v3,263,72224298898556155,0,perception.pointcloud_map_based_roi,output_pub,22645264601824,1218462,1218632
202607271643,e2e_trace_v3,279,72224298898556156,0,perception.pointcloud_map_based_roi,proc_enter,22645371345856,1218462,1218635
202607271643,e2e_trace_v3,280,72224298898556156,0,perception.pointcloud_map_based_roi,output_pub,22645373671136,1218462,1218635
202607271643,e2e_trace_v3,289,72224298898556157,0,perception.pointcloud_map_based_roi,proc_enter,22645466022656,1218462,1218632
202607271643,e2e_trace_v3,295,72224298898556157,0,perception.pointcloud_map_based_roi,output_pub,22645469352384,1218462,1218632
202607271643,e2e_trace_v3,306,72224298898556158,0,perception.pointcloud_map_based_roi,proc_enter,22645564845344,1218462,1218641
202607271643,e2e_trace_v3,307,72224298898556158,0,perception.pointcloud_map_based_roi,output_pub,22645568178624,1218462,1218641
202607271643,e2e_trace_v3,322,72224298898556159,0,perception.pointcloud_map_based_roi,proc_enter,22645664030784,1218462,1218633
202607271643,e2e_trace_v3,330,72224298898556159,0,perception.pointcloud_map_based_roi,output_pub,22645667023552,1218462,1218633
202607271643,e2e_trace_v3,347,72224298898556160,0,perception.pointcloud_map_based_roi,proc_enter,22645766396768,1218462,1218635
202607271643,e2e_trace_v3,348,72224298898556160,0,perception.pointcloud_map_based_roi,output_pub,22645768864384,1218462,1218635
202607271643,e2e_trace_v3,357,72224298898556161,0,perception.pointcloud_map_based_roi,proc_enter,22645865602688,1218462,1218630
202607271643,e2e_trace_v3,365,72224298898556161,0,perception.pointcloud_map_based_roi,output_pub,22645868229120,1218462,1218630
202607271643,e2e_trace_v3,376,72224298898556162,0,perception.pointcloud_map_based_roi,proc_enter,22645967520672,1218462,1218630
202607271643,e2e_trace_v3,382,72224298898556162,0,perception.pointcloud_map_based_roi,output_pub,22645969912704,1218462,1218630
202607271643,e2e_trace_v3,391,72224298898556163,0,perception.pointcloud_map_based_roi,proc_enter,22646066028640,1218462,1218639
202607271643,e2e_trace_v3,398,72224298898556163,0,perception.pointcloud_map_based_roi,output_pub,22646070096064,1218462,1218639
202607271643,e2e_trace_v3,408,72224298898556164,0,perception.pointcloud_map_based_roi,proc_enter,22646166956064,1218462,1218629
202607271643,e2e_trace_v3,409,72224298898556164,0,perception.pointcloud_map_based_roi,output_pub,22646169477952,1218462,1218629
202607271643,e2e_trace_v3,424,72224298898556165,0,perception.pointcloud_map_based_roi,proc_enter,22646263359168,1218462,1218628
202607271643,e2e_trace_v3,426,72224298898556165,0,perception.pointcloud_map_based_roi,output_pub,22646265962784,1218462,1218628
202607271643,e2e_trace_v3,448,72224298898556166,0,perception.pointcloud_map_based_roi,proc_enter,22646364618912,1218462,1218629
202607271643,e2e_trace_v3,450,72224298898556166,0,perception.pointcloud_map_based_roi,output_pub,22646368437344,1218462,1218629
202607271643,e2e_trace_v3,462,72224298898556167,0,perception.pointcloud_map_based_roi,proc_enter,22646469422464,1218462,1218641
202607271643,e2e_trace_v3,469,72224298898556167,0,perception.pointcloud_map_based_roi,output_pub,22646473961056,1218462,1218641
202607271643,e2e_trace_v3,482,72224298898556168,0,perception.pointcloud_map_based_roi,proc_enter,22646581168288,1218462,1218632
202607271643,e2e_trace_v3,486,72224298898556168,0,perception.pointcloud_map_based_roi,output_pub,22646588332832,1218462,1218632
202607271643,e2e_trace_v3,493,72224298898556169,0,perception.pointcloud_map_based_roi,proc_enter,22646669519840,1218462,1218641
202607271643,e2e_trace_v3,494,72224298898556169,0,perception.pointcloud_map_based_roi,output_pub,22646672560768,1218462,1218641
202607271643,e2e_trace_v3,509,72224298898556170,0,perception.pointcloud_map_based_roi,proc_enter,22646777495616,1218462,1218631
202607271643,e2e_trace_v3,510,72224298898556170,0,perception.pointcloud_map_based_roi,output_pub,22646780699264,1218462,1218631
202607271643,e2e_trace_v3,527,72224298898556171,0,perception.pointcloud_map_based_roi,proc_enter,22646869524896,1218462,1218635
202607271643,e2e_trace_v3,528,72224298898556171,0,perception.pointcloud_map_based_roi,output_pub,22646872624064,1218462,1218635
202607271643,e2e_trace_v3,543,72224298898556172,0,perception.pointcloud_map_based_roi,proc_enter,22646973924992,1218462,1218628
202607271643,e2e_trace_v3,545,72224298898556172,0,perception.pointcloud_map_based_roi,output_pub,22646976684992,1218462,1218628
202607271643,e2e_trace_v3,560,72224298898556173,0,perception.pointcloud_map_based_roi,proc_enter,22647069548928,1218462,1218642
202607271643,e2e_trace_v3,562,72224298898556173,0,perception.pointcloud_map_based_roi,output_pub,22647072961248,1218462,1218642
202607271643,e2e_trace_v3,577,72224298898556174,0,perception.pointcloud_map_based_roi,proc_enter,22647167122880,1218462,1218629
202607271643,e2e_trace_v3,580,72224298898556174,0,perception.pointcloud_map_based_roi,output_pub,22647172295136,1218462,1218629
202607271643,e2e_trace_v3,595,72224298898556175,0,perception.pointcloud_map_based_roi,proc_enter,22647266798752,1218462,1218631
202607271643,e2e_trace_v3,596,72224298898556175,0,perception.pointcloud_map_based_roi,output_pub,22647269708640,1218462,1218631
202607271643,e2e_trace_v3,619,72224298898556176,0,perception.pointcloud_map_based_roi,proc_enter,22647369779136,1218462,1218627
202607271643,e2e_trace_v3,621,72224298898556176,0,perception.pointcloud_map_based_roi,output_pub,22647372868224,1218462,1218627
202607271643,e2e_trace_v3,629,72224298898556177,0,perception.pointcloud_map_based_roi,proc_enter,22647467819968,1218462,1218628
202607271643,e2e_trace_v3,630,72224298898556177,0,perception.pointcloud_map_based_roi,output_pub,22647470599552,1218462,1218628
202607271643,e2e_trace_v3,646,72224298898556178,0,perception.pointcloud_map_based_roi,proc_enter,22647568311392,1218462,1218639
202607271643,e2e_trace_v3,654,72224298898556178,0,perception.pointcloud_map_based_roi,output_pub,22647571449120,1218462,1218639
202607271643,e2e_trace_v3,663,72224298898556179,0,perception.pointcloud_map_based_roi,proc_enter,22647670179072,1218462,1218627
202607271643,e2e_trace_v3,670,72224298898556179,0,perception.pointcloud_map_based_roi,output_pub,22647673777248,1218462,1218627
202607271643,e2e_trace_v3,680,72224298898556180,0,perception.pointcloud_map_based_roi,proc_enter,22647768339328,1218462,1218634
202607271643,e2e_trace_v3,681,72224298898556180,0,perception.pointcloud_map_based_roi,output_pub,22647771755360,1218462,1218634
202607271643,e2e_trace_v3,697,72224298898556181,0,perception.pointcloud_map_based_roi,proc_enter,22647867016352,1218462,1218629
202607271643,e2e_trace_v3,698,72224298898556181,0,perception.pointcloud_map_based_roi,output_pub,22647871045952,1218462,1218629
202607271643,e2e_trace_v3,714,72224298898556182,0,perception.pointcloud_map_based_roi,proc_enter,22647971347200,1218462,1218634
202607271643,e2e_trace_v3,722,72224298898556182,0,perception.pointcloud_map_based_roi,output_pub,22647976644288,1218462,1218634
202607271643,e2e_trace_v3,731,72224298898556183,0,perception.pointcloud_map_based_roi,proc_enter,22648066932064,1218462,1218640
202607271643,e2e_trace_v3,732,72224298898556183,0,perception.pointcloud_map_based_roi,output_pub,22648072555360,1218462,1218640
202607271643,e2e_trace_v3,748,72224298898556184,0,perception.pointcloud_map_based_roi,proc_enter,22648174926176,1218462,1218639
202607271643,e2e_trace_v3,749,72224298898556184,0,perception.pointcloud_map_based_roi,output_pub,22648177594560,1218462,1218639
202607271643,e2e_trace_v3,765,72224298898556185,0,perception.pointcloud_map_based_roi,proc_enter,22648268754784,1218462,1218633
202607271643,e2e_trace_v3,766,72224298898556185,0,perception.pointcloud_map_based_roi,output_pub,22648271631584,1218462,1218633
202607271643,e2e_trace_v3,782,72224298898556186,0,perception.pointcloud_map_based_roi,proc_enter,22648365049024,1218462,1218636
202607271643,e2e_trace_v3,783,72224298898556186,0,perception.pointcloud_map_based_roi,output_pub,22648368264288,1218462,1218636
202607271643,e2e_trace_v3,799,72224298898556187,0,perception.pointcloud_map_based_roi,proc_enter,22648467717856,1218462,1218629
202607271643,e2e_trace_v3,801,72224298898556187,0,perception.pointcloud_map_based_roi,output_pub,22648470991168,1218462,1218629
202607271643,e2e_trace_v3,816,72224298898556188,0,perception.pointcloud_map_based_roi,proc_enter,22648566483424,1218462,1218637
202607271643,e2e_trace_v3,817,72224298898556188,0,perception.pointcloud_map_based_roi,output_pub,22648569653024,1218462,1218637
202607271643,e2e_trace_v3,832,72224298898556189,0,perception.pointcloud_map_based_roi,proc_enter,22648663579136,1218462,1218640
202607271643,e2e_trace_v3,835,72224298898556189,0,perception.pointcloud_map_based_roi,output_pub,22648666745216,1218462,1218640
202607271643,e2e_trace_v3,849,72224298898556190,0,perception.pointcloud_map_based_roi,proc_enter,22648769192448,1218462,1218638
202607271643,e2e_trace_v3,850,72224298898556190,0,perception.pointcloud_map_based_roi,output_pub,22648772342336,1218462,1218638
202607271643,e2e_trace_v3,867,72224298898556191,0,perception.pointcloud_map_based_roi,proc_enter,22648876106496,1218462,1218632
202607271643,e2e_trace_v3,872,72224298898556191,0,perception.pointcloud_map_based_roi,output_pub,22648879544608,1218462,1218632
202607271643,e2e_trace_v3,884,72224298898556192,0,perception.pointcloud_map_based_roi,proc_enter,22648974491872,1218462,1218634
202607271643,e2e_trace_v3,885,72224298898556192,0,perception.pointcloud_map_based_roi,output_pub,22648977389472,1218462,1218634
202607271643,e2e_trace_v3,901,72224298898556193,0,perception.pointcloud_map_based_roi,proc_enter,22649068122048,1218462,1218638
202607271643,e2e_trace_v3,902,72224298898556193,0,perception.pointcloud_map_based_roi,output_pub,22649071109920,1218462,1218638
202607271643,e2e_trace_v3,917,72224298898556194,0,perception.pointcloud_map_based_roi,proc_enter,22649168780512,1218462,1218630
202607271643,e2e_trace_v3,919,72224298898556194,0,perception.pointcloud_map_based_roi,output_pub,22649171780512,1218462,1218630
202607271643,e2e_trace_v3,934,72224298898556195,0,perception.pointcloud_map_based_roi,proc_enter,22649264620064,1218462,1218630
202607271643,e2e_trace_v3,936,72224298898556195,0,perception.pointcloud_map_based_roi,output_pub,22649267589792,1218462,1218630
202607271643,e2e_trace_v3,952,72224298898556196,0,perception.pointcloud_map_based_roi,proc_enter,22649367897376,1218462,1218627
202607271643,e2e_trace_v3,959,72224298898556196,0,perception.pointcloud_map_based_roi,output_pub,22649370396864,1218462,1218627
202607271643,e2e_trace_v3,969,72224298898556197,0,perception.pointcloud_map_based_roi,proc_enter,22649466774912,1218462,1218627
202607271643,e2e_trace_v3,970,72224298898556197,0,perception.pointcloud_map_based_roi,output_pub,22649470331104,1218462,1218627
202607271643,e2e_trace_v3,985,72224298898556198,0,perception.pointcloud_map_based_roi,proc_enter,22649567211136,1218462,1218630
202607271643,e2e_trace_v3,987,72224298898556198,0,perception.pointcloud_map_based_roi,output_pub,22649569806496,1218462,1218630
202607271643,e2e_trace_v3,1003,72224298898556199,0,perception.pointcloud_map_based_roi,proc_enter,22649678609472,1218462,1218639
202607271643,e2e_trace_v3,1010,72224298898556199,0,perception.pointcloud_map_based_roi,output_pub,22649681224960,1218462,1218639
202607271643,e2e_trace_v3,1020,72224298898556200,0,perception.pointcloud_map_based_roi,proc_enter,22649777539104,1218462,1218631
202607271643,e2e_trace_v3,1028,72224298898556200,0,perception.pointcloud_map_based_roi,output_pub,22649783242432,1218462,1218631
202607271643,e2e_trace_v3,1037,72224298898556201,0,perception.pointcloud_map_based_roi,proc_enter,22649869344512,1218462,1218637
202607271643,e2e_trace_v3,1038,72224298898556201,0,perception.pointcloud_map_based_roi,output_pub,22649871878400,1218462,1218637
202607271643,e2e_trace_v3,1054,72224298898556202,0,perception.pointcloud_map_based_roi,proc_enter,22649968591616,1218462,1218632
202607271643,e2e_trace_v3,1055,72224298898556202,0,perception.pointcloud_map_based_roi,output_pub,22649972242944,1218462,1218632
202607271643,e2e_trace_v3,1070,72224298898556203,0,perception.pointcloud_map_based_roi,proc_enter,22650077271968,1218462,1218639
202607271643,e2e_trace_v3,1071,72224298898556203,0,perception.pointcloud_map_based_roi,output_pub,22650079997024,1218462,1218639
202607271643,e2e_trace_v3,1084,72224298898556204,0,perception.pointcloud_map_based_roi,proc_enter,22650173020256,1218462,1218639
202607271643,e2e_trace_v3,1085,72224298898556204,0,perception.pointcloud_map_based_roi,output_pub,22650175990848,1218462,1218639
202607271643,e2e_trace_v3,1109,72224298898556205,0,perception.pointcloud_map_based_roi,proc_enter,22650282509728,1218462,1218635
202607271643,e2e_trace_v3,1110,72224298898556205,0,perception.pointcloud_map_based_roi,output_pub,22650285009760,1218462,1218635
202607271643,e2e_trace_v3,1119,72224298898556206,0,perception.pointcloud_map_based_roi,proc_enter,22650367348672,1218462,1218627
202607271643,e2e_trace_v3,1120,72224298898556206,0,perception.pointcloud_map_based_roi,output_pub,22650370321920,1218462,1218627
202607271643,e2e_trace_v3,1136,72224298898556207,0,perception.pointcloud_map_based_roi,proc_enter,22650471229312,1218462,1218640
202607271643,e2e_trace_v3,1137,72224298898556207,0,perception.pointcloud_map_based_roi,output_pub,22650473937280,1218462,1218640
202607271643,e2e_trace_v3,1152,72224298898556208,0,perception.pointcloud_map_based_roi,proc_enter,22650573465504,1218462,1218639
202607271643,e2e_trace_v3,1160,72224298898556208,0,perception.pointcloud_map_based_roi,output_pub,22650575986912,1218462,1218639
202607271643,e2e_trace_v3,1174,72224298898556209,0,perception.pointcloud_map_based_roi,proc_enter,22650716356800,1218462,1218627
202607271643,e2e_trace_v3,1175,72224298898556209,0,perception.pointcloud_map_based_roi,output_pub,22650718908160,1218462,1218627
202607271643,e2e_trace_v3,1184,72224298898556210,0,perception.pointcloud_map_based_roi,proc_enter,22650801374240,1218462,1218639
202607271643,e2e_trace_v3,1185,72224298898556210,0,perception.pointcloud_map_based_roi,output_pub,22650803925568,1218462,1218639
202607271643,e2e_trace_v3,1201,72224298898556211,0,perception.pointcloud_map_based_roi,proc_enter,22650886066432,1218462,1218629
202607271643,e2e_trace_v3,1202,72224298898556211,0,perception.pointcloud_map_based_roi,output_pub,22650888634144,1218462,1218629
202607271643,e2e_trace_v3,1218,72224298898556212,0,perception.pointcloud_map_based_roi,proc_enter,22650971860736,1218462,1218637
202607271643,e2e_trace_v3,1219,72224298898556212,0,perception.pointcloud_map_based_roi,output_pub,22650974614368,1218462,1218637
202607271643,e2e_trace_v3,1235,72224298898556213,0,perception.pointcloud_map_based_roi,proc_enter,22651066925024,1218462,1218628
202607271643,e2e_trace_v3,1236,72224298898556213,0,perception.pointcloud_map_based_roi,output_pub,22651069642400,1218462,1218628
202607271643,e2e_trace_v3,1252,72224298898556214,0,perception.pointcloud_map_based_roi,proc_enter,22651172599072,1218462,1218627
202607271643,e2e_trace_v3,1253,72224298898556214,0,perception.pointcloud_map_based_roi,output_pub,22651176680512,1218462,1218627
202607271643,e2e_trace_v3,1269,72224298898556215,0,perception.pointcloud_map_based_roi,proc_enter,22651269959392,1218462,1218633
202607271643,e2e_trace_v3,1270,72224298898556215,0,perception.pointcloud_map_based_roi,output_pub,22651273932896,1218462,1218633
202607271643,e2e_trace_v3,1286,72224298898556216,0,perception.pointcloud_map_based_roi,proc_enter,22651368224352,1218462,1218636
202607271643,e2e_trace_v3,1287,72224298898556216,0,perception.pointcloud_map_based_roi,output_pub,22651371502368,1218462,1218636
202607271643,e2e_trace_v3,1303,72224298898556217,0,perception.pointcloud_map_based_roi,proc_enter,22651465915776,1218462,1218634
202607271643,e2e_trace_v3,1304,72224298898556217,0,perception.pointcloud_map_based_roi,output_pub,22651469023776,1218462,1218634
202607271643,e2e_trace_v3,1320,72224298898556218,0,perception.pointcloud_map_based_roi,proc_enter,22651566888064,1218462,1218640
202607271643,e2e_trace_v3,1321,72224298898556218,0,perception.pointcloud_map_based_roi,output_pub,22651570321952,1218462,1218640
202607271643,e2e_trace_v3,1337,72224298898556219,0,perception.pointcloud_map_based_roi,proc_enter,22651669423520,1218462,1218630
202607271643,e2e_trace_v3,1338,72224298898556219,0,perception.pointcloud_map_based_roi,output_pub,22651673428800,1218462,1218630
202607271643,e2e_trace_v3,1354,72224298898556220,0,perception.pointcloud_map_based_roi,proc_enter,22651770324736,1218462,1218634
202607271643,e2e_trace_v3,1356,72224298898556220,0,perception.pointcloud_map_based_roi,output_pub,22651775365856,1218462,1218634
202607271643,e2e_trace_v3,1377,72224298898556221,0,perception.pointcloud_map_based_roi,proc_enter,22651885785440,1218462,1218630
202607271643,e2e_trace_v3,1379,72224298898556221,0,perception.pointcloud_map_based_roi,output_pub,22651891458016,1218462,1218630
202607271643,e2e_trace_v3,1388,72224298898556222,0,perception.pointcloud_map_based_roi,proc_enter,22651967426688,1218462,1218641
202607271643,e2e_trace_v3,1389,72224298898556222,0,perception.pointcloud_map_based_roi,output_pub,22651970751872,1218462,1218641
202607271643,e2e_trace_v3,1405,72224298898556223,0,perception.pointcloud_map_based_roi,proc_enter,22652072400256,1218462,1218629
202607271643,e2e_trace_v3,1406,72224298898556223,0,perception.pointcloud_map_based_roi,output_pub,22652075194336,1218462,1218629
202607271643,e2e_trace_v3,1422,72224298898556224,0,perception.pointcloud_map_based_roi,proc_enter,22652169749760,1218462,1218628
202607271643,e2e_trace_v3,1423,72224298898556224,0,perception.pointcloud_map_based_roi,output_pub,22652173611584,1218462,1218628
202607271643,e2e_trace_v3,1439,72224298898556225,0,perception.pointcloud_map_based_roi,proc_enter,22652266904736,1218462,1218637
202607271643,e2e_trace_v3,1440,72224298898556225,0,perception.pointcloud_map_based_roi,output_pub,22652270056320,1218462,1218637
202607271643,e2e_trace_v3,1456,72224298898556226,0,perception.pointcloud_map_based_roi,proc_enter,22652367204800,1218462,1218642
202607271643,e2e_trace_v3,1457,72224298898556226,0,perception.pointcloud_map_based_roi,output_pub,22652370024832,1218462,1218642
202607271643,e2e_trace_v3,1473,72224298898556227,0,perception.pointcloud_map_based_roi,proc_enter,22652466780480,1218462,1218631
202607271643,e2e_trace_v3,1474,72224298898556227,0,perception.pointcloud_map_based_roi,output_pub,22652469644032,1218462,1218631
202607271643,e2e_trace_v3,1490,72224298898556228,0,perception.pointcloud_map_based_roi,proc_enter,22652566803136,1218462,1218634
202607271643,e2e_trace_v3,1491,72224298898556228,0,perception.pointcloud_map_based_roi,output_pub,22652569808032,1218462,1218634
202607271643,e2e_trace_v3,1506,72224298898556229,0,perception.pointcloud_map_based_roi,proc_enter,22652668958240,1218462,1218635
202607271643,e2e_trace_v3,1507,72224298898556229,0,perception.pointcloud_map_based_roi,output_pub,22652673009344,1218462,1218635
202607271643,e2e_trace_v3,1524,72224298898556230,0,perception.pointcloud_map_based_roi,proc_enter,22652765943776,1218462,1218629
202607271643,e2e_trace_v3,1525,72224298898556230,0,perception.pointcloud_map_based_roi,output_pub,22652769226944,1218462,1218629
202607271643,e2e_trace_v3,1547,72224298898556231,0,perception.pointcloud_map_based_roi,proc_enter,22652876594048,1218462,1218635
202607271643,e2e_trace_v3,1548,72224298898556231,0,perception.pointcloud_map_based_roi,output_pub,22652878985280,1218462,1218635
202607271643,e2e_trace_v3,1554,72224298898556232,0,perception.pointcloud_map_based_roi,proc_enter,22652967246560,1218462,1218641
202607271643,e2e_trace_v3,1555,72224298898556232,0,perception.pointcloud_map_based_roi,output_pub,22652970163584,1218462,1218641
202607271643,e2e_trace_v3,1579,72224298898556233,0,perception.pointcloud_map_based_roi,proc_enter,22653074206976,1218462,1218629
202607271643,e2e_trace_v3,1580,72224298898556233,0,perception.pointcloud_map_based_roi,output_pub,22653076807904,1218462,1218629
202607271643,e2e_trace_v3,1588,72224298898556234,0,perception.pointcloud_map_based_roi,proc_enter,22653171857600,1218462,1218637
202607271643,e2e_trace_v3,1590,72224298898556234,0,perception.pointcloud_map_based_roi,output_pub,22653174998304,1218462,1218637
202607271643,e2e_trace_v3,1606,72224298898556235,0,perception.pointcloud_map_based_roi,proc_enter,22653272999840,1218462,1218630
202607271643,e2e_trace_v3,1607,72224298898556235,0,perception.pointcloud_map_based_roi,output_pub,22653276392640,1218462,1218630
202607271643,e2e_trace_v3,1622,72224298898556236,0,perception.pointcloud_map_based_roi,proc_enter,22653366555808,1218462,1218632
202607271643,e2e_trace_v3,1624,72224298898556236,0,perception.pointcloud_map_based_roi,output_pub,22653369268864,1218462,1218632
202607271643,e2e_trace_v3,1640,72224298898556237,0,perception.pointcloud_map_based_roi,proc_enter,22653470313728,1218462,1218638
202607271643,e2e_trace_v3,1649,72224298898556237,0,perception.pointcloud_map_based_roi,output_pub,22653473019008,1218462,1218638
202607271643,e2e_trace_v3,1663,72224298898556238,0,perception.pointcloud_map_based_roi,proc_enter,22653575787872,1218462,1218632
202607271643,e2e_trace_v3,1664,72224298898556238,0,perception.pointcloud_map_based_roi,output_pub,22653578716768,1218462,1218632
202607271643,e2e_trace_v3,1673,72224298898556239,0,perception.pointcloud_map_based_roi,proc_enter,22653670947072,1218462,1218632
202607271643,e2e_trace_v3,1676,72224298898556239,0,perception.pointcloud_map_based_roi,output_pub,22653674037184,1218462,1218632
202607271643,e2e_trace_v3,1691,72224298898556240,0,perception.pointcloud_map_based_roi,proc_enter,22653769869504,1218462,1218640
202607271643,e2e_trace_v3,1692,72224298898556240,0,perception.pointcloud_map_based_roi,output_pub,22653773342304,1218462,1218640
202607271643,e2e_trace_v3,1708,72224298898556241,0,perception.pointcloud_map_based_roi,proc_enter,22653869754240,1218462,1218629
202607271643,e2e_trace_v3,1709,72224298898556241,0,perception.pointcloud_map_based_roi,output_pub,22653872646880,1218462,1218629
202607271643,e2e_trace_v3,1724,72224298898556242,0,perception.pointcloud_map_based_roi,proc_enter,22653970079840,1218462,1218637
202607271643,e2e_trace_v3,1725,72224298898556242,0,perception.pointcloud_map_based_roi,output_pub,22653975056352,1218462,1218637
202607271643,e2e_trace_v3,1741,72224298898556243,0,perception.pointcloud_map_based_roi,proc_enter,22654071086464,1218462,1218642
202607271643,e2e_trace_v3,1742,72224298898556243,0,perception.pointcloud_map_based_roi,output_pub,22654074345760,1218462,1218642
202607271643,e2e_trace_v3,1766,72224298898556244,0,perception.pointcloud_map_based_roi,proc_enter,22654193620480,1218462,1218639
202607271643,e2e_trace_v3,1767,72224298898556244,0,perception.pointcloud_map_based_roi,output_pub,22654196929216,1218462,1218639
202607271643,e2e_trace_v3,1776,72224298898556245,0,perception.pointcloud_map_based_roi,proc_enter,22654283722336,1218462,1218631
202607271643,e2e_trace_v3,1777,72224298898556245,0,perception.pointcloud_map_based_roi,output_pub,22654288348416,1218462,1218631
202607271643,e2e_trace_v3,1792,72224298898556246,0,perception.pointcloud_map_based_roi,proc_enter,22654378224032,1218462,1218634
202607271643,e2e_trace_v3,1793,72224298898556246,0,perception.pointcloud_map_based_roi,output_pub,22654381117152,1218462,1218634
202607271643,e2e_trace_v3,1810,72224298898556247,0,perception.pointcloud_map_based_roi,proc_enter,22654468874400,1218462,1218635
202607271643,e2e_trace_v3,1811,72224298898556247,0,perception.pointcloud_map_based_roi,output_pub,22654471931520,1218462,1218635
202607271643,e2e_trace_v3,1827,72224298898556248,0,perception.pointcloud_map_based_roi,proc_enter,22654568761472,1218462,1218631
202607271643,e2e_trace_v3,1828,72224298898556248,0,perception.pointcloud_map_based_roi,output_pub,22654571726464,1218462,1218631
202607271643,e2e_trace_v3,1844,72224298898556249,0,perception.pointcloud_map_based_roi,proc_enter,22654669966208,1218462,1218629
202607271643,e2e_trace_v3,1852,72224298898556249,0,perception.pointcloud_map_based_roi,output_pub,22654672698848,1218462,1218629
202607271643,e2e_trace_v3,1861,72224298898556250,0,perception.pointcloud_map_based_roi,proc_enter,22654769308224,1218462,1218636
202607271643,e2e_trace_v3,1862,72224298898556250,0,perception.pointcloud_map_based_roi,output_pub,22654772062848,1218462,1218636
202607271643,e2e_trace_v3,1877,72224298898556251,0,perception.pointcloud_map_based_roi,proc_enter,22654868803968,1218462,1218631
202607271643,e2e_trace_v3,1879,72224298898556251,0,perception.pointcloud_map_based_roi,output_pub,22654871744960,1218462,1218631
202607271643,e2e_trace_v3,1895,72224298898556252,0,perception.pointcloud_map_based_roi,proc_enter,22654967369728,1218462,1218635
202607271643,e2e_trace_v3,1896,72224298898556252,0,perception.pointcloud_map_based_roi,output_pub,22654970428832,1218462,1218635
202607271643,e2e_trace_v3,1921,72224298898556253,0,perception.pointcloud_map_based_roi,proc_enter,22655082553440,1218462,1218641
202607271643,e2e_trace_v3,1922,72224298898556253,0,perception.pointcloud_map_based_roi,output_pub,22655085403744,1218462,1218641
202607271643,e2e_trace_v3,1936,72224298898556254,0,perception.pointcloud_map_based_roi,proc_enter,22655200461056,1218462,1218641
202607271643,e2e_trace_v3,1937,72224298898556254,0,perception.pointcloud_map_based_roi,output_pub,22655203200128,1218462,1218641
202607271643,e2e_trace_v3,1946,72224298898556255,0,perception.pointcloud_map_based_roi,proc_enter,22655281040064,1218462,1218639
202607271643,e2e_trace_v3,1947,72224298898556255,0,perception.pointcloud_map_based_roi,output_pub,22655283839008,1218462,1218639
202607271643,e2e_trace_v3,1963,72224298898556256,0,perception.pointcloud_map_based_roi,proc_enter,22655366271200,1218462,1218630
202607271643,e2e_trace_v3,1964,72224298898556256,0,perception.pointcloud_map_based_roi,output_pub,22655369305760,1218462,1218630
202607271643,e2e_trace_v3,1980,72224298898556257,0,perception.pointcloud_map_based_roi,proc_enter,22655466851104,1218462,1218629
202607271643,e2e_trace_v3,1981,72224298898556257,0,perception.pointcloud_map_based_roi,output_pub,22655469962752,1218462,1218629
202607271643,e2e_trace_v3,1997,72224298898556258,0,perception.pointcloud_map_based_roi,proc_enter,22655568539232,1218462,1218635
202607271643,e2e_trace_v3,1998,72224298898556258,0,perception.pointcloud_map_based_roi,output_pub,22655571425056,1218462,1218635
202607271643,e2e_trace_v3,2021,72224298898556259,0,perception.pointcloud_map_based_roi,proc_enter,22655679044672,1218462,1218639
202607271643,e2e_trace_v3,2022,72224298898556259,0,perception.pointcloud_map_based_roi,output_pub,22655682149344,1218462,1218639
202607271643,e2e_trace_v3,2031,72224298898556260,0,perception.pointcloud_map_based_roi,proc_enter,22655770563936,1218462,1218631
202607271643,e2e_trace_v3,2032,72224298898556260,0,perception.pointcloud_map_based_roi,output_pub,22655773756352,1218462,1218631
202607271643,e2e_trace_v3,2048,72224298898556261,0,perception.pointcloud_map_based_roi,proc_enter,22655879614848,1218462,1218635
202607271643,e2e_trace_v3,2049,72224298898556261,0,perception.pointcloud_map_based_roi,output_pub,22655883215744,1218462,1218635
202607271643,e2e_trace_v3,2064,72224298898556262,0,perception.pointcloud_map_based_roi,proc_enter,22655968202208,1218462,1218639
202607271643,e2e_trace_v3,2065,72224298898556262,0,perception.pointcloud_map_based_roi,output_pub,22655972092064,1218462,1218639
202607271643,e2e_trace_v3,2082,72224298898556263,0,perception.pointcloud_map_based_roi,proc_enter,22656072935232,1218462,1218632
202607271643,e2e_trace_v3,2083,72224298898556263,0,perception.pointcloud_map_based_roi,output_pub,22656075917632,1218462,1218632
202607271643,e2e_trace_v3,2099,72224298898556264,0,perception.pointcloud_map_based_roi,proc_enter,22656170118112,1218462,1218639
202607271643,e2e_trace_v3,2100,72224298898556264,0,perception.pointcloud_map_based_roi,output_pub,22656173208160,1218462,1218639
202607271643,e2e_trace_v3,2116,72224298898556265,0,perception.pointcloud_map_based_roi,proc_enter,22656270690272,1218462,1218637
202607271643,e2e_trace_v3,2121,72224298898556265,0,perception.pointcloud_map_based_roi,output_pub,22656274009312,1218462,1218637
202607271643,e2e_trace_v3,2133,72224298898556266,0,perception.pointcloud_map_based_roi,proc_enter,22656370696896,1218462,1218637
202607271643,e2e_trace_v3,2134,72224298898556266,0,perception.pointcloud_map_based_roi,output_pub,22656374169440,1218462,1218637
202607271643,e2e_trace_v3,2150,72224298898556267,0,perception.pointcloud_map_based_roi,proc_enter,22656467190752,1218462,1218627
202607271643,e2e_trace_v3,2151,72224298898556267,0,perception.pointcloud_map_based_roi,output_pub,22656470530048,1218462,1218627
202607271643,e2e_trace_v3,2166,72224298898556268,0,perception.pointcloud_map_based_roi,proc_enter,22656565902336,1218462,1218631
202607271643,e2e_trace_v3,2168,72224298898556268,0,perception.pointcloud_map_based_roi,output_pub,22656568936768,1218462,1218631
202607271643,e2e_trace_v3,2182,72224298898556269,0,perception.pointcloud_map_based_roi,proc_enter,22656665218144,1218462,1218634
202607271643,e2e_trace_v3,2183,72224298898556269,0,perception.pointcloud_map_based_roi,output_pub,22656668342336,1218462,1218634
202607271643,e2e_trace_v3,2200,72224298898556270,0,perception.pointcloud_map_based_roi,proc_enter,22656768543776,1218462,1218633
202607271643,e2e_trace_v3,2208,72224298898556270,0,perception.pointcloud_map_based_roi,output_pub,22656772014240,1218462,1218633
202607271643,e2e_trace_v3,2218,72224298898556271,0,perception.pointcloud_map_based_roi,proc_enter,22656872078240,1218462,1218641
202607271643,e2e_trace_v3,2226,72224298898556271,0,perception.pointcloud_map_based_roi,output_pub,22656876788512,1218462,1218641
202607271643,e2e_trace_v3,2235,72224298898556272,0,perception.pointcloud_map_based_roi,proc_enter,22656972430688,1218462,1218628
202607271643,e2e_trace_v3,2236,72224298898556272,0,perception.pointcloud_map_based_roi,output_pub,22656976557120,1218462,1218628
202607271643,e2e_trace_v3,2252,72224298898556273,0,perception.pointcloud_map_based_roi,proc_enter,22657066025728,1218462,1218628
202607271643,e2e_trace_v3,2253,72224298898556273,0,perception.pointcloud_map_based_roi,output_pub,22657069783872,1218462,1218628
202607271643,e2e_trace_v3,2269,72224298898556274,0,perception.pointcloud_map_based_roi,proc_enter,22657167983072,1218462,1218634
202607271643,e2e_trace_v3,2270,72224298898556274,0,perception.pointcloud_map_based_roi,output_pub,22657171599456,1218462,1218634
202607271643,e2e_trace_v3,2286,72224298898556275,0,perception.pointcloud_map_based_roi,proc_enter,22657271821312,1218462,1218638
202607271643,e2e_trace_v3,2287,72224298898556275,0,perception.pointcloud_map_based_roi,output_pub,22657275471360,1218462,1218638
202607271643,e2e_trace_v3,2303,72224298898556276,0,perception.pointcloud_map_based_roi,proc_enter,22657368442272,1218462,1218636
202607271643,e2e_trace_v3,2304,72224298898556276,0,perception.pointcloud_map_based_roi,output_pub,22657371494528,1218462,1218636
202607271643,e2e_trace_v3,2320,72224298898556277,0,perception.pointcloud_map_based_roi,proc_enter,22657466926048,1218462,1218633
202607271643,e2e_trace_v3,2321,72224298898556277,0,perception.pointcloud_map_based_roi,output_pub,22657471456480,1218462,1218633
202607271643,e2e_trace_v3,2337,72224298898556278,0,perception.pointcloud_map_based_roi,proc_enter,22657568170176,1218462,1218630
202607271643,e2e_trace_v3,2345,72224298898556278,0,perception.pointcloud_map_based_roi,output_pub,22657571426304,1218462,1218630
202607271643,e2e_trace_v3,2354,72224298898556279,0,perception.pointcloud_map_based_roi,proc_enter,22657668127520,1218462,1218637
202607271643,e2e_trace_v3,2355,72224298898556279,0,perception.pointcloud_map_based_roi,output_pub,22657672769056,1218462,1218637
202607271643,e2e_trace_v3,2371,72224298898556280,0,perception.pointcloud_map_based_roi,proc_enter,22657767935232,1218462,1218639
202607271643,e2e_trace_v3,2372,72224298898556280,0,perception.pointcloud_map_based_roi,output_pub,22657772987680,1218462,1218639
202607271643,e2e_trace_v3,2388,72224298898556281,0,perception.pointcloud_map_based_roi,proc_enter,22657873855360,1218462,1218635
202607271643,e2e_trace_v3,2389,72224298898556281,0,perception.pointcloud_map_based_roi,output_pub,22657877980352,1218462,1218635
202607271643,e2e_trace_v3,2405,72224298898556282,0,perception.pointcloud_map_based_roi,proc_enter,22657967561024,1218462,1218628
202607271643,e2e_trace_v3,2406,72224298898556282,0,perception.pointcloud_map_based_roi,output_pub,22657973418784,1218462,1218628
202607271643,e2e_trace_v3,2422,72224298898556283,0,perception.pointcloud_map_based_roi,proc_enter,22658066305952,1218462,1218641
202607271643,e2e_trace_v3,2423,72224298898556283,0,perception.pointcloud_map_based_roi,output_pub,22658069921504,1218462,1218641
202607271643,e2e_trace_v3,2438,72224298898556284,0,perception.pointcloud_map_based_roi,proc_enter,22658161386208,1218462,1218640
202607271643,e2e_trace_v3,2440,72224298898556284,0,perception.pointcloud_map_based_roi,output_pub,22658166992576,1218462,1218640
202607271643,e2e_trace_v3,2456,72224298898556285,0,perception.pointcloud_map_based_roi,proc_enter,22658267482144,1218462,1218630
202607271643,e2e_trace_v3,2457,72224298898556285,0,perception.pointcloud_map_based_roi,output_pub,22658272935072,1218462,1218630
202607271643,e2e_trace_v3,2473,72224298898556286,0,perception.pointcloud_map_based_roi,proc_enter,22658368786368,1218462,1218633
202607271643,e2e_trace_v3,2474,72224298898556286,0,perception.pointcloud_map_based_roi,output_pub,22658372051872,1218462,1218633
202607271643,e2e_trace_v3,2490,72224298898556287,0,perception.pointcloud_map_based_roi,proc_enter,22658466277472,1218462,1218638
202607271643,e2e_trace_v3,2491,72224298898556287,0,perception.pointcloud_map_based_roi,output_pub,22658469786880,1218462,1218638
202607271643,e2e_trace_v3,2507,72224298898556288,0,perception.pointcloud_map_based_roi,proc_enter,22658567708352,1218462,1218631
202607271643,e2e_trace_v3,2508,72224298898556288,0,perception.pointcloud_map_based_roi,output_pub,22658571266752,1218462,1218631
202607271643,e2e_trace_v3,2524,72224298898556289,0,perception.pointcloud_map_based_roi,proc_enter,22658666289632,1218462,1218627
202607271643,e2e_trace_v3,2525,72224298898556289,0,perception.pointcloud_map_based_roi,output_pub,22658669925056,1218462,1218627
202607271643,e2e_trace_v3,2540,72224298898556290,0,perception.pointcloud_map_based_roi,proc_enter,22658763607808,1218462,1218627
202607271643,e2e_trace_v3,2542,72224298898556290,0,perception.pointcloud_map_based_roi,output_pub,22658767060480,1218462,1218627
202607271643,e2e_trace_v3,2558,72224298898556291,0,perception.pointcloud_map_based_roi,proc_enter,22658868240544,1218462,1218632
202607271643,e2e_trace_v3,2559,72224298898556291,0,perception.pointcloud_map_based_roi,output_pub,22658871825280,1218462,1218632
202607271643,e2e_trace_v3,2575,72224298898556292,0,perception.pointcloud_map_based_roi,proc_enter,22658970795520,1218462,1218639
202607271643,e2e_trace_v3,2576,72224298898556292,0,perception.pointcloud_map_based_roi,output_pub,22658974486208,1218462,1218639
202607271643,e2e_trace_v3,2592,72224298898556293,0,perception.pointcloud_map_based_roi,proc_enter,22659068712448,1218462,1218628
202607271643,e2e_trace_v3,2593,72224298898556293,0,perception.pointcloud_map_based_roi,output_pub,22659071884512,1218462,1218628
202607271643,e2e_trace_v3,2608,72224298898556294,0,perception.pointcloud_map_based_roi,proc_enter,22659165389696,1218462,1218642
202607271643,e2e_trace_v3,2609,72224298898556294,0,perception.pointcloud_map_based_roi,output_pub,22659168717312,1218462,1218642
202607271643,e2e_trace_v3,2625,72224298898556295,0,perception.pointcloud_map_based_roi,proc_enter,22659265363488,1218462,1218639
202607271643,e2e_trace_v3,2627,72224298898556295,0,perception.pointcloud_map_based_roi,output_pub,22659269967616,1218462,1218639
202607271643,e2e_trace_v3,2643,72224298898556296,0,perception.pointcloud_map_based_roi,proc_enter,22659369649216,1218462,1218630
202607271643,e2e_trace_v3,2652,72224298898556296,0,perception.pointcloud_map_based_roi,output_pub,22659374905568,1218462,1218630
202607271643,e2e_trace_v3,2660,72224298898556297,0,perception.pointcloud_map_based_roi,proc_enter,22659468077888,1218462,1218635
202607271643,e2e_trace_v3,2661,72224298898556297,0,perception.pointcloud_map_based_roi,output_pub,22659471321440,1218462,1218635
202607271643,e2e_trace_v3,2676,72224298898556298,0,perception.pointcloud_map_based_roi,proc_enter,22659565071648,1218462,1218640
202607271643,e2e_trace_v3,2677,72224298898556298,0,perception.pointcloud_map_based_roi,output_pub,22659568076448,1218462,1218640
202607271643,e2e_trace_v3,2693,72224298898556299,0,perception.pointcloud_map_based_roi,proc_enter,22659665991744,1218462,1218629
202607271643,e2e_trace_v3,2697,72224298898556299,0,perception.pointcloud_map_based_roi,output_pub,22659669256960,1218462,1218629
202607271643,e2e_trace_v3,2711,72224298898556300,0,perception.pointcloud_map_based_roi,proc_enter,22659768320832,1218462,1218642
202607271643,e2e_trace_v3,2714,72224298898556300,0,perception.pointcloud_map_based_roi,output_pub,22659771539680,1218462,1218642
202607271643,e2e_trace_v3,2728,72224298898556301,0,perception.pointcloud_map_based_roi,proc_enter,22659867813792,1218462,1218628
202607271643,e2e_trace_v3,2729,72224298898556301,0,perception.pointcloud_map_based_roi,output_pub,22659870928736,1218462,1218628
202607271643,e2e_trace_v3,2747,72224298898556302,0,perception.pointcloud_map_based_roi,proc_enter,22659969572576,1218462,1218637
202607271643,e2e_trace_v3,2754,72224298898556302,0,perception.pointcloud_map_based_roi,output_pub,22659974359072,1218462,1218637
202607271643,e2e_trace_v3,2761,72224298898556303,0,perception.pointcloud_map_based_roi,proc_enter,22660070387648,1218462,1218630
202607271643,e2e_trace_v3,2769,72224298898556303,0,perception.pointcloud_map_based_roi,output_pub,22660074506496,1218462,1218630
202607271643,e2e_trace_v3,2779,72224298898556304,0,perception.pointcloud_map_based_roi,proc_enter,22660166712032,1218462,1218634
202607271643,e2e_trace_v3,2780,72224298898556304,0,perception.pointcloud_map_based_roi,output_pub,22660169728800,1218462,1218634
202607271643,e2e_trace_v3,2795,72224298898556305,0,perception.pointcloud_map_based_roi,proc_enter,22660264948640,1218462,1218634
202607271643,e2e_trace_v3,2797,72224298898556305,0,perception.pointcloud_map_based_roi,output_pub,22660268248640,1218462,1218634
202607271643,e2e_trace_v3,2813,72224298898556306,0,perception.pointcloud_map_based_roi,proc_enter,22660366335552,1218462,1218636
202607271643,e2e_trace_v3,2821,72224298898556306,0,perception.pointcloud_map_based_roi,output_pub,22660370004864,1218462,1218636
202607271643,e2e_trace_v3,2830,72224298898556307,0,perception.pointcloud_map_based_roi,proc_enter,22660467039712,1218462,1218631
202607271643,e2e_trace_v3,2831,72224298898556307,0,perception.pointcloud_map_based_roi,output_pub,22660470967808,1218462,1218631
202607271643,e2e_trace_v3,2846,72224298898556308,0,perception.pointcloud_map_based_roi,proc_enter,22660565301600,1218462,1218637
202607271643,e2e_trace_v3,2848,72224298898556308,0,perception.pointcloud_map_based_roi,output_pub,22660568490688,1218462,1218637
202607271643,e2e_trace_v3,2863,72224298898556309,0,perception.pointcloud_map_based_roi,proc_enter,22660665010368,1218462,1218638
202607271643,e2e_trace_v3,2870,72224298898556309,0,perception.pointcloud_map_based_roi,output_pub,22660668473504,1218462,1218638
202607271643,e2e_trace_v3,2881,72224298898556310,0,perception.pointcloud_map_based_roi,proc_enter,22660765827520,1218462,1218641
202607271643,e2e_trace_v3,2889,72224298898556310,0,perception.pointcloud_map_based_roi,output_pub,22660768763712,1218462,1218641
202607271643,e2e_trace_v3,2902,72224298898556311,0,perception.pointcloud_map_based_roi,proc_enter,22660867514944,1218462,1218632
202607271643,e2e_trace_v3,2906,72224298898556311,0,perception.pointcloud_map_based_roi,output_pub,22660870466560,1218462,1218632
202607271643,e2e_trace_v3,2915,72224298898556312,0,perception.pointcloud_map_based_roi,proc_enter,22660968015040,1218462,1218635
202607271643,e2e_trace_v3,2922,72224298898556312,0,perception.pointcloud_map_based_roi,output_pub,22660971958560,1218462,1218635
202607271643,e2e_trace_v3,2932,72224298898556313,0,perception.pointcloud_map_based_roi,proc_enter,22661070997920,1218462,1218637
202607271643,e2e_trace_v3,2933,72224298898556313,0,perception.pointcloud_map_based_roi,output_pub,22661074463296,1218462,1218637
202607271643,e2e_trace_v3,2949,72224298898556314,0,perception.pointcloud_map_based_roi,proc_enter,22661169160960,1218462,1218636
202607271643,e2e_trace_v3,2950,72224298898556314,0,perception.pointcloud_map_based_roi,output_pub,22661173796032,1218462,1218636
202607271643,e2e_trace_v3,2965,72224298898556315,0,perception.pointcloud_map_based_roi,proc_enter,22661270463680,1218462,1218639
202607271643,e2e_trace_v3,2967,72224298898556315,0,perception.pointcloud_map_based_roi,output_pub,22661273437280,1218462,1218639
202607271643,e2e_trace_v3,2983,72224298898556316,0,perception.pointcloud_map_based_roi,proc_enter,22661367561472,1218462,1218627
202607271643,e2e_trace_v3,2991,72224298898556316,0,perception.pointcloud_map_based_roi,output_pub,22661371847040,1218462,1218627
202607271643,e2e_trace_v3,3000,72224298898556317,0,perception.pointcloud_map_based_roi,proc_enter,22661465852512,1218462,1218631
202607271643,e2e_trace_v3,3001,72224298898556317,0,perception.pointcloud_map_based_roi,output_pub,22661469962464,1218462,1218631
202607271643,e2e_trace_v3,3024,72224298898556318,0,perception.pointcloud_map_based_roi,proc_enter,22661583651808,1218462,1218632
202607271643,e2e_trace_v3,3025,72224298898556318,0,perception.pointcloud_map_based_roi,output_pub,22661586802336,1218462,1218632
202607271643,e2e_trace_v3,3034,72224298898556319,0,perception.pointcloud_map_based_roi,proc_enter,22661667890336,1218462,1218640
202607271643,e2e_trace_v3,3035,72224298898556319,0,perception.pointcloud_map_based_roi,output_pub,22661671180992,1218462,1218640
202607271643,e2e_trace_v3,3051,72224298898556320,0,perception.pointcloud_map_based_roi,proc_enter,22661766181344,1218462,1218632
202607271643,e2e_trace_v3,3052,72224298898556320,0,perception.pointcloud_map_based_roi,output_pub,22661769543776,1218462,1218632
202607271643,e2e_trace_v3,3068,72224298898556321,0,perception.pointcloud_map_based_roi,proc_enter,22661868732512,1218462,1218632
202607271643,e2e_trace_v3,3069,72224298898556321,0,perception.pointcloud_map_based_roi,output_pub,22661871940960,1218462,1218632
202607271643,e2e_trace_v3,3085,72224298898556322,0,perception.pointcloud_map_based_roi,proc_enter,22661966545152,1218462,1218642
202607271643,e2e_trace_v3,3086,72224298898556322,0,perception.pointcloud_map_based_roi,output_pub,22661970060320,1218462,1218642
202607271643,e2e_trace_v3,3102,72224298898556323,0,perception.pointcloud_map_based_roi,proc_enter,22662067297568,1218462,1218632
202607271643,e2e_trace_v3,3103,72224298898556323,0,perception.pointcloud_map_based_roi,output_pub,22662070574816,1218462,1218632
202607271643,e2e_trace_v3,3126,72224298898556324,0,perception.pointcloud_map_based_roi,proc_enter,22662176102656,1218462,1218630
202607271643,e2e_trace_v3,3127,72224298898556324,0,perception.pointcloud_map_based_roi,output_pub,22662180391872,1218462,1218630
202607271643,e2e_trace_v3,3135,72224298898556325,0,perception.pointcloud_map_based_roi,proc_enter,22662262197536,1218462,1218627
202607271643,e2e_trace_v3,3137,72224298898556325,0,perception.pointcloud_map_based_roi,output_pub,22662266194240,1218462,1218627
202607271643,e2e_trace_v3,3153,72224298898556326,0,perception.pointcloud_map_based_roi,proc_enter,22662368618432,1218462,1218632
202607271643,e2e_trace_v3,3160,72224298898556326,0,perception.pointcloud_map_based_roi,output_pub,22662371755232,1218462,1218632
202607271643,e2e_trace_v3,3171,72224298898556327,0,perception.pointcloud_map_based_roi,proc_enter,22662475232288,1218462,1218636
202607271643,e2e_trace_v3,3178,72224298898556327,0,perception.pointcloud_map_based_roi,output_pub,22662480078528,1218462,1218636
202607271643,e2e_trace_v3,3187,72224298898556328,0,perception.pointcloud_map_based_roi,proc_enter,22662567527136,1218462,1218639
202607271643,e2e_trace_v3,3188,72224298898556328,0,perception.pointcloud_map_based_roi,output_pub,22662571149056,1218462,1218639
202607271643,e2e_trace_v3,3204,72224298898556329,0,perception.pointcloud_map_based_roi,proc_enter,22662666054592,1218462,1218642
202607271643,e2e_trace_v3,3205,72224298898556329,0,perception.pointcloud_map_based_roi,output_pub,22662669227072,1218462,1218642
202607271643,e2e_trace_v3,3220,72224298898556330,0,perception.pointcloud_map_based_roi,proc_enter,22662764565696,1218462,1218642
202607271643,e2e_trace_v3,3228,72224298898556330,0,perception.pointcloud_map_based_roi,output_pub,22662767867104,1218462,1218642
202607271643,e2e_trace_v3,3238,72224298898556331,0,perception.pointcloud_map_based_roi,proc_enter,22662866104768,1218462,1218638
202607271643,e2e_trace_v3,3245,72224298898556331,0,perception.pointcloud_map_based_roi,output_pub,22662869654016,1218462,1218638
202607271643,e2e_trace_v3,3257,72224298898556332,0,perception.pointcloud_map_based_roi,proc_enter,22662966910368,1218462,1218631
202607271643,e2e_trace_v3,3263,72224298898556332,0,perception.pointcloud_map_based_roi,output_pub,22662973493600,1218462,1218631
202607271643,e2e_trace_v3,3270,72224298898556333,0,perception.pointcloud_map_based_roi,proc_enter,22663072513184,1218462,1218628
202607271643,e2e_trace_v3,3279,72224298898556333,0,perception.pointcloud_map_based_roi,output_pub,22663077619776,1218462,1218628
202607271643,e2e_trace_v3,3285,72224298898556334,0,perception.pointcloud_map_based_roi,proc_enter,22663172447104,1218462,1218637
202607271643,e2e_trace_v3,3286,72224298898556334,0,perception.pointcloud_map_based_roi,output_pub,22663175968480,1218462,1218637
202607271643,e2e_trace_v3,3302,72224298898556335,0,perception.pointcloud_map_based_roi,proc_enter,22663271548768,1218462,1218627
202607271643,e2e_trace_v3,3304,72224298898556335,0,perception.pointcloud_map_based_roi,output_pub,22663276937440,1218462,1218627
202607271643,e2e_trace_v3,3319,72224298898556336,0,perception.pointcloud_map_based_roi,proc_enter,22663364294528,1218462,1218627
202607271643,e2e_trace_v3,3321,72224298898556336,0,perception.pointcloud_map_based_roi,output_pub,22663368027232,1218462,1218627
202607271643,e2e_trace_v3,3337,72224298898556337,0,perception.pointcloud_map_based_roi,proc_enter,22663465806976,1218462,1218639
202607271643,e2e_trace_v3,3338,72224298898556337,0,perception.pointcloud_map_based_roi,output_pub,22663469486496,1218462,1218639
202607271643,e2e_trace_v3,3353,72224298898556338,0,perception.pointcloud_map_based_roi,proc_enter,22663569899136,1218462,1218629
202607271643,e2e_trace_v3,3355,72224298898556338,0,perception.pointcloud_map_based_roi,output_pub,22663577082592,1218462,1218629
202607271643,e2e_trace_v3,3371,72224298898556339,0,perception.pointcloud_map_based_roi,proc_enter,22663669279616,1218462,1218637
202607271643,e2e_trace_v3,3372,72224298898556339,0,perception.pointcloud_map_based_roi,output_pub,22663675090880,1218462,1218637
202607271643,e2e_trace_v3,3388,72224298898556340,0,perception.pointcloud_map_based_roi,proc_enter,22663769799296,1218462,1218632
202607271643,e2e_trace_v3,3389,72224298898556340,0,perception.pointcloud_map_based_roi,output_pub,22663773357376,1218462,1218632
202607271643,e2e_trace_v3,3405,72224298898556341,0,perception.pointcloud_map_based_roi,proc_enter,22663868819392,1218462,1218631
202607271643,e2e_trace_v3,3407,72224298898556341,0,perception.pointcloud_map_based_roi,output_pub,22663873331680,1218462,1218631
202607271643,e2e_trace_v3,3422,72224298898556342,0,perception.pointcloud_map_based_roi,proc_enter,22663968225152,1218462,1218638
202607271643,e2e_trace_v3,3430,72224298898556342,0,perception.pointcloud_map_based_roi,output_pub,22663973194496,1218462,1218638
202607271643,e2e_trace_v3,3439,72224298898556343,0,perception.pointcloud_map_based_roi,proc_enter,22664070833248,1218462,1218641
202607271643,e2e_trace_v3,3442,72224298898556343,0,perception.pointcloud_map_based_roi,output_pub,22664077635808,1218462,1218641
202607271643,e2e_trace_v3,3456,72224298898556344,0,perception.pointcloud_map_based_roi,proc_enter,22664168371712,1218462,1218635
202607271643,e2e_trace_v3,3457,72224298898556344,0,perception.pointcloud_map_based_roi,output_pub,22664172656640,1218462,1218635
202607271643,e2e_trace_v3,3472,72224298898556345,0,perception.pointcloud_map_based_roi,proc_enter,22664272049216,1218462,1218640
202607271643,e2e_trace_v3,3473,72224298898556345,0,perception.pointcloud_map_based_roi,output_pub,22664278704480,1218462,1218640
202607271643,e2e_trace_v3,3490,72224298898556346,0,perception.pointcloud_map_based_roi,proc_enter,22664370691936,1218462,1218632
202607271643,e2e_trace_v3,3491,72224298898556346,0,perception.pointcloud_map_based_roi,output_pub,22664374580896,1218462,1218632
202607271643,e2e_trace_v3,3506,72224298898556347,0,perception.pointcloud_map_based_roi,proc_enter,22664466772800,1218462,1218638
202607271643,e2e_trace_v3,3509,72224298898556347,0,perception.pointcloud_map_based_roi,output_pub,22664472453408,1218462,1218638
202607271643,e2e_trace_v3,3524,72224298898556348,0,perception.pointcloud_map_based_roi,proc_enter,22664565774752,1218462,1218641
202607271643,e2e_trace_v3,3525,72224298898556348,0,perception.pointcloud_map_based_roi,output_pub,22664569403968,1218462,1218641
202607271643,e2e_trace_v3,3539,72224298898556349,0,perception.pointcloud_map_based_roi,proc_enter,22664665781984,1218462,1218639
202607271643,e2e_trace_v3,3540,72224298898556349,0,perception.pointcloud_map_based_roi,output_pub,22664668950528,1218462,1218639
202607271643,e2e_trace_v3,3561,72224298898556350,0,perception.pointcloud_map_based_roi,proc_enter,22664768542848,1218462,1218631
202607271643,e2e_trace_v3,3563,72224298898556350,0,perception.pointcloud_map_based_roi,output_pub,22664772561536,1218462,1218631
202607271643,e2e_trace_v3,3569,72224298898556351,0,perception.pointcloud_map_based_roi,proc_enter,22664868575264,1218462,1218637
202607271643,e2e_trace_v3,3574,72224298898556351,0,perception.pointcloud_map_based_roi,output_pub,22664871863968,1218462,1218637
202607271643,e2e_trace_v3,3594,72224298898556352,0,perception.pointcloud_map_based_roi,proc_enter,22664981525536,1218462,1218640
202607271643,e2e_trace_v3,3595,72224298898556352,0,perception.pointcloud_map_based_roi,output_pub,22664986150880,1218462,1218640
202607271643,e2e_trace_v3,3604,72224298898556353,0,perception.pointcloud_map_based_roi,proc_enter,22665067027200,1218462,1218632
202607271643,e2e_trace_v3,3605,72224298898556353,0,perception.pointcloud_map_based_roi,output_pub,22665070968832,1218462,1218632
202607271643,e2e_trace_v3,3621,72224298898556354,0,perception.pointcloud_map_based_roi,proc_enter,22665169148224,1218462,1218631
202607271643,e2e_trace_v3,3622,72224298898556354,0,perception.pointcloud_map_based_roi,output_pub,22665173197440,1218462,1218631
202607271643,e2e_trace_v3,3637,72224298898556355,0,perception.pointcloud_map_based_roi,proc_enter,22665270134112,1218462,1218642
202607271643,e2e_trace_v3,3638,72224298898556355,0,perception.pointcloud_map_based_roi,output_pub,22665274094112,1218462,1218642
202607271643,e2e_trace_v3,3651,72224298898556356,0,perception.pointcloud_map_based_roi,proc_enter,22665369002336,1218462,1218629
202607271643,e2e_trace_v3,3652,72224298898556356,0,perception.pointcloud_map_based_roi,output_pub,22665372944960,1218462,1218629
202607271643,e2e_trace_v3,3669,72224298898556357,0,perception.pointcloud_map_based_roi,proc_enter,22665476309344,1218462,1218640
202607271643,e2e_trace_v3,3670,72224298898556357,0,perception.pointcloud_map_based_roi,output_pub,22665479719264,1218462,1218640
202607271643,e2e_trace_v3,3686,72224298898556358,0,perception.pointcloud_map_based_roi,proc_enter,22665566902304,1218462,1218636
202607271643,e2e_trace_v3,3687,72224298898556358,0,perception.pointcloud_map_based_roi,output_pub,22665570616768,1218462,1218636
202607271643,e2e_trace_v3,3703,72224298898556359,0,perception.pointcloud_map_based_roi,proc_enter,22665665933568,1218462,1218639
202607271643,e2e_trace_v3,3705,72224298898556359,0,perception.pointcloud_map_based_roi,output_pub,22665670612576,1218462,1218639
202607271643,e2e_trace_v3,3720,72224298898556360,0,perception.pointcloud_map_based_roi,proc_enter,22665768858688,1218462,1218632
202607271643,e2e_trace_v3,3722,72224298898556360,0,perception.pointcloud_map_based_roi,output_pub,22665773895360,1218462,1218632
202607271643,e2e_trace_v3,3736,72224298898556361,0,perception.pointcloud_map_based_roi,proc_enter,22665865256576,1218462,1218641
202607271643,e2e_trace_v3,3738,72224298898556361,0,perception.pointcloud_map_based_roi,output_pub,22665870452800,1218462,1218641
202607271643,e2e_trace_v3,3753,72224298898556362,0,perception.pointcloud_map_based_roi,proc_enter,22665966271008,1218462,1218631
202607271643,e2e_trace_v3,3755,72224298898556362,0,perception.pointcloud_map_based_roi,output_pub,22665970030240,1218462,1218631
202607271643,e2e_trace_v3,3771,72224298898556363,0,perception.pointcloud_map_based_roi,proc_enter,22666069481312,1218462,1218627
202607271643,e2e_trace_v3,3772,72224298898556363,0,perception.pointcloud_map_based_roi,output_pub,22666073092352,1218462,1218627
202607271643,e2e_trace_v3,3787,72224298898556364,0,perception.pointcloud_map_based_roi,proc_enter,22666169047392,1218462,1218628
202607271643,e2e_trace_v3,3788,72224298898556364,0,perception.pointcloud_map_based_roi,output_pub,22666174397376,1218462,1218628
202607271643,e2e_trace_v3,3804,72224298898556365,0,perception.pointcloud_map_based_roi,proc_enter,22666267643968,1218462,1218630
202607271643,e2e_trace_v3,3806,72224298898556365,0,perception.pointcloud_map_based_roi,output_pub,22666271672960,1218462,1218630
202607271643,e2e_trace_v3,3822,72224298898556366,0,perception.pointcloud_map_based_roi,proc_enter,22666373761568,1218462,1218636
202607271643,e2e_trace_v3,3825,72224298898556366,0,perception.pointcloud_map_based_roi,output_pub,22666377337216,1218462,1218636
202607271643,e2e_trace_v3,3839,72224298898556367,0,perception.pointcloud_map_based_roi,proc_enter,22666467626976,1218462,1218627
202607271643,e2e_trace_v3,3840,72224298898556367,0,perception.pointcloud_map_based_roi,output_pub,22666471425408,1218462,1218627
202607271643,e2e_trace_v3,3855,72224298898556368,0,perception.pointcloud_map_based_roi,proc_enter,22666571562944,1218462,1218638
202607271643,e2e_trace_v3,3856,72224298898556368,0,perception.pointcloud_map_based_roi,output_pub,22666575222528,1218462,1218638
202607271643,e2e_trace_v3,3869,72224298898556369,0,perception.pointcloud_map_based_roi,proc_enter,22666671211008,1218462,1218630
202607271643,e2e_trace_v3,3870,72224298898556369,0,perception.pointcloud_map_based_roi,output_pub,22666675037408,1218462,1218630
202607271643,e2e_trace_v3,3879,72224298898556370,0,perception.pointcloud_map_based_roi,proc_enter,22666768256064,1218462,1218630
202607271643,e2e_trace_v3,3880,72224298898556370,0,perception.pointcloud_map_based_roi,output_pub,22666771875072,1218462,1218630
202607271643,e2e_trace_v3,3895,72224298898556371,0,perception.pointcloud_map_based_roi,proc_enter,22666872388864,1218462,1218636
202607271643,e2e_trace_v3,3896,72224298898556371,0,perception.pointcloud_map_based_roi,output_pub,22666876323616,1218462,1218636
202607271643,e2e_trace_v3,3903,72224298898556372,0,perception.pointcloud_map_based_roi,proc_enter,22666977571168,1218462,1218634
202607271643,e2e_trace_v3,3905,72224298898556372,0,perception.pointcloud_map_based_roi,output_pub,22666981329120,1218462,1218634
202607271643,e2e_trace_v3,3921,72224298898556373,0,perception.pointcloud_map_based_roi,proc_enter,22667076058080,1218462,1218641
202607271643,e2e_trace_v3,3922,72224298898556373,0,perception.pointcloud_map_based_roi,output_pub,22667080171392,1218462,1218641
202607271643,e2e_trace_v3,3930,72224298898556374,0,perception.pointcloud_map_based_roi,proc_enter,22667173085888,1218462,1218628
202607271643,e2e_trace_v3,3931,72224298898556374,0,perception.pointcloud_map_based_roi,output_pub,22667178186816,1218462,1218628
202607271643,e2e_trace_v3,3936,72224298898556375,0,perception.pointcloud_map_based_roi,proc_enter,22667266892288,1218462,1218636
202607271643,e2e_trace_v3,3937,72224298898556375,0,perception.pointcloud_map_based_roi,output_pub,22667270731616,1218462,1218636
202607271643,e2e_trace_v3,3954,72224298898556376,0,perception.pointcloud_map_based_roi,proc_enter,22667374400800,1218462,1218638
202607271643,e2e_trace_v3,3955,72224298898556376,0,perception.pointcloud_map_based_roi,output_pub,22667378510624,1218462,1218638
202607271643,e2e_trace_v3,3963,72224298898556377,0,perception.pointcloud_map_based_roi,proc_enter,22667473240128,1218462,1218641
202607271643,e2e_trace_v3,3964,72224298898556377,0,perception.pointcloud_map_based_roi,output_pub,22667476858528,1218462,1218641
202607271643,e2e_trace_v3,3980,72224298898556378,0,perception.pointcloud_map_based_roi,proc_enter,22667570760480,1218462,1218631
202607271643,e2e_trace_v3,3981,72224298898556378,0,perception.pointcloud_map_based_roi,output_pub,22667574456992,1218462,1218631
202607271643,e2e_trace_v3,3988,72224298898556379,0,perception.pointcloud_map_based_roi,proc_enter,22667668825696,1218462,1218631
202607271643,e2e_trace_v3,3990,72224298898556379,0,perception.pointcloud_map_based_roi,output_pub,22667672542784,1218462,1218631
202607271643,e2e_trace_v3,3997,72224298898556380,0,perception.pointcloud_map_based_roi,proc_enter,22667787063648,1218462,1218639
202607271643,e2e_trace_v3,3999,72224298898556380,0,perception.pointcloud_map_based_roi,output_pub,22667790780864,1218462,1218639
202607271643,e2e_trace_v3,4015,72224298898556381,0,perception.pointcloud_map_based_roi,proc_enter,22667878302496,1218462,1218641
202607271643,e2e_trace_v3,4016,72224298898556381,0,perception.pointcloud_map_based_roi,output_pub,22667882478304,1218462,1218641
202607271643,e2e_trace_v3,4023,72224298898556382,0,perception.pointcloud_map_based_roi,proc_enter,22667976146560,1218462,1218628
202607271643,e2e_trace_v3,4024,72224298898556382,0,perception.pointcloud_map_based_roi,output_pub,22667980150656,1218462,1218628
202607271643,e2e_trace_v3,4041,72224298898556383,0,perception.pointcloud_map_based_roi,proc_enter,22668087854624,1218462,1218632
202607271643,e2e_trace_v3,4042,72224298898556383,0,perception.pointcloud_map_based_roi,output_pub,22668091367552,1218462,1218632
202607271643,e2e_trace_v3,4050,72224298898556384,0,perception.pointcloud_map_based_roi,proc_enter,22668176170752,1218462,1218635
202607271643,e2e_trace_v3,4051,72224298898556384,0,perception.pointcloud_map_based_roi,output_pub,22668179732576,1218462,1218635
202607271643,e2e_trace_v3,4067,72224298898556385,0,perception.pointcloud_map_based_roi,proc_enter,22668272152640,1218462,1218634
202607271643,e2e_trace_v3,4068,72224298898556385,0,perception.pointcloud_map_based_roi,output_pub,22668275779744,1218462,1218634
202607271643,e2e_trace_v3,4084,72224298898556386,0,perception.pointcloud_map_based_roi,proc_enter,22668374156224,1218462,1218630
202607271643,e2e_trace_v3,4085,72224298898556386,0,perception.pointcloud_map_based_roi,output_pub,22668379083072,1218462,1218630
202607271643,e2e_trace_v3,4100,72224298898556387,0,perception.pointcloud_map_based_roi,proc_enter,22668471198656,1218462,1218636
202607271643,e2e_trace_v3,4101,72224298898556387,0,perception.pointcloud_map_based_roi,output_pub,22668475050176,1218462,1218636
202607271643,e2e_trace_v3,4125,72224298898556388,0,perception.pointcloud_map_based_roi,proc_enter,22668590614528,1218462,1218628
202607271643,e2e_trace_v3,4126,72224298898556388,0,perception.pointcloud_map_based_roi,output_pub,22668594726688,1218462,1218628
202607271643,e2e_trace_v3,4143,72224298898556389,0,perception.pointcloud_map_based_roi,proc_enter,22668680836640,1218462,1218641
202607271643,e2e_trace_v3,4144,72224298898556389,0,perception.pointcloud_map_based_roi,output_pub,22668684758240,1218462,1218641
202607271643,e2e_trace_v3,4151,72224298898556390,0,perception.pointcloud_map_based_roi,proc_enter,22668770182624,1218462,1218642
202607271643,e2e_trace_v3,4161,72224298898556390,0,perception.pointcloud_map_based_roi,output_pub,22668774191840,1218462,1218642
202607271643,e2e_trace_v3,4169,72224298898556391,0,perception.pointcloud_map_based_roi,proc_enter,22668868690752,1218462,1218631
202607271643,e2e_trace_v3,4177,72224298898556391,0,perception.pointcloud_map_based_roi,output_pub,22668872344960,1218462,1218631
202607271643,e2e_trace_v3,4194,72224298898556392,0,perception.pointcloud_map_based_roi,proc_enter,22668970523776,1218462,1218630
202607271643,e2e_trace_v3,4195,72224298898556392,0,perception.pointcloud_map_based_roi,output_pub,22668975860416,1218462,1218630
202607271643,e2e_trace_v3,4211,72224298898556393,0,perception.pointcloud_map_based_roi,proc_enter,22669071265632,1218462,1218638
202607271643,e2e_trace_v3,4212,72224298898556393,0,perception.pointcloud_map_based_roi,output_pub,22669075262624,1218462,1218638
202607271643,e2e_trace_v3,4228,72224298898556394,0,perception.pointcloud_map_based_roi,proc_enter,22669175477344,1218462,1218631
202607271643,e2e_trace_v3,4229,72224298898556394,0,perception.pointcloud_map_based_roi,output_pub,22669181013056,1218462,1218631
202607271643,e2e_trace_v3,4245,72224298898556395,0,perception.pointcloud_map_based_roi,proc_enter,22669267163552,1218462,1218634
202607271643,e2e_trace_v3,4246,72224298898556395,0,perception.pointcloud_map_based_roi,output_pub,22669271091648,1218462,1218634
202607271643,e2e_trace_v3,4262,72224298898556396,0,perception.pointcloud_map_based_roi,proc_enter,22669374425952,1218462,1218628
202607271643,e2e_trace_v3,4264,72224298898556396,0,perception.pointcloud_map_based_roi,output_pub,22669379382080,1218462,1218628
202607271643,e2e_trace_v3,4278,72224298898556397,0,perception.pointcloud_map_based_roi,proc_enter,22669475893536,1218462,1218637
202607271643,e2e_trace_v3,4279,72224298898556397,0,perception.pointcloud_map_based_roi,output_pub,22669480407104,1218462,1218637
202607271643,e2e_trace_v3,4296,72224298898556398,0,perception.pointcloud_map_based_roi,proc_enter,22669570444416,1218462,1218634
202607271643,e2e_trace_v3,4297,72224298898556398,0,perception.pointcloud_map_based_roi,output_pub,22669576375840,1218462,1218634
202607271643,e2e_trace_v3,4313,72224298898556399,0,perception.pointcloud_map_based_roi,proc_enter,22669672904320,1218462,1218628
202607271643,e2e_trace_v3,4315,72224298898556399,0,perception.pointcloud_map_based_roi,output_pub,22669679405536,1218462,1218628
202607271643,e2e_trace_v3,4330,72224298898556400,0,perception.pointcloud_map_based_roi,proc_enter,22669768956192,1218462,1218632
202607271643,e2e_trace_v3,4332,72224298898556400,0,perception.pointcloud_map_based_roi,output_pub,22669772818432,1218462,1218632
202607271643,e2e_trace_v3,4347,72224298898556401,0,perception.pointcloud_map_based_roi,proc_enter,22669875369984,1218462,1218634
202607271643,e2e_trace_v3,4348,72224298898556401,0,perception.pointcloud_map_based_roi,output_pub,22669879510176,1218462,1218634
202607271643,e2e_trace_v3,4364,72224298898556402,0,perception.pointcloud_map_based_roi,proc_enter,22669975840672,1218462,1218641
202607271643,e2e_trace_v3,4366,72224298898556402,0,perception.pointcloud_map_based_roi,output_pub,22669980212352,1218462,1218641
202607271643,e2e_trace_v3,4380,72224298898556403,0,perception.pointcloud_map_based_roi,proc_enter,22670070276704,1218462,1218639
202607271643,e2e_trace_v3,4383,72224298898556403,0,perception.pointcloud_map_based_roi,output_pub,22670074314592,1218462,1218639
202607271643,e2e_trace_v3,4398,72224298898556404,0,perception.pointcloud_map_based_roi,proc_enter,22670169713120,1218462,1218634
202607271643,e2e_trace_v3,4399,72224298898556404,0,perception.pointcloud_map_based_roi,output_pub,22670175635680,1218462,1218634
202607271643,e2e_trace_v3,4414,72224298898556405,0,perception.pointcloud_map_based_roi,proc_enter,22670275577504,1218462,1218640
202607271643,e2e_trace_v3,4417,72224298898556405,0,perception.pointcloud_map_based_roi,output_pub,22670280771488,1218462,1218640
202607271643,e2e_trace_v3,4431,72224298898556406,0,perception.pointcloud_map_based_roi,proc_enter,22670376054368,1218462,1218633
202607271643,e2e_trace_v3,4433,72224298898556406,0,perception.pointcloud_map_based_roi,output_pub,22670380028096,1218462,1218633
202607271643,e2e_trace_v3,4449,72224298898556407,0,perception.pointcloud_map_based_roi,proc_enter,22670473801984,1218462,1218627
202607271643,e2e_trace_v3,4450,72224298898556407,0,perception.pointcloud_map_based_roi,output_pub,22670478199584,1218462,1218627
202607271643,e2e_trace_v3,4466,72224298898556408,0,perception.pointcloud_map_based_roi,proc_enter,22670579970336,1218462,1218640
202607271643,e2e_trace_v3,4470,72224298898556408,0,perception.pointcloud_map_based_roi,output_pub,22670584740704,1218462,1218640
202607271643,e2e_trace_v3,4483,72224298898556409,0,perception.pointcloud_map_based_roi,proc_enter,22670674046688,1218462,1218633
202607271643,e2e_trace_v3,4484,72224298898556409,0,perception.pointcloud_map_based_roi,output_pub,22670678611136,1218462,1218633
202607271643,e2e_trace_v3,4499,72224298898556410,0,perception.pointcloud_map_based_roi,proc_enter,22670777783520,1218462,1218642
202607271643,e2e_trace_v3,4500,72224298898556410,0,perception.pointcloud_map_based_roi,output_pub,22670781641632,1218462,1218642
202607271643,e2e_trace_v3,4516,72224298898556411,0,perception.pointcloud_map_based_roi,proc_enter,22670879420256,1218462,1218638
202607271643,e2e_trace_v3,4517,72224298898556411,0,perception.pointcloud_map_based_roi,output_pub,22670883539648,1218462,1218638
202607271643,e2e_trace_v3,4533,72224298898556412,0,perception.pointcloud_map_based_roi,proc_enter,22670973970848,1218462,1218630
202607271643,e2e_trace_v3,4534,72224298898556412,0,perception.pointcloud_map_based_roi,output_pub,22670977873824,1218462,1218630
202607271643,e2e_trace_v3,4551,72224298898556413,0,perception.pointcloud_map_based_roi,proc_enter,22671071137184,1218462,1218628
202607271643,e2e_trace_v3,4552,72224298898556413,0,perception.pointcloud_map_based_roi,output_pub,22671075987968,1218462,1218628
202607271643,e2e_trace_v3,4567,72224298898556414,0,perception.pointcloud_map_based_roi,proc_enter,22671173251040,1218462,1218632
202607271643,e2e_trace_v3,4568,72224298898556414,0,perception.pointcloud_map_based_roi,output_pub,22671177967232,1218462,1218632
202607271643,e2e_trace_v3,4585,72224298898556415,0,perception.pointcloud_map_based_roi,proc_enter,22671274475584,1218462,1218634
202607271643,e2e_trace_v3,4586,72224298898556415,0,perception.pointcloud_map_based_roi,output_pub,22671280470144,1218462,1218634
202607271643,e2e_trace_v3,4602,72224298898556416,0,perception.pointcloud_map_based_roi,proc_enter,22671377015296,1218462,1218631
202607271643,e2e_trace_v3,4603,72224298898556416,0,perception.pointcloud_map_based_roi,output_pub,22671382661184,1218462,1218631
202607271643,e2e_trace_v3,4619,72224298898556417,0,perception.pointcloud_map_based_roi,proc_enter,22671485960992,1218462,1218639
202607271643,e2e_trace_v3,4620,72224298898556417,0,perception.pointcloud_map_based_roi,output_pub,22671489618656,1218462,1218639
202607271643,e2e_trace_v3,4636,72224298898556418,0,perception.pointcloud_map_based_roi,proc_enter,22671570501504,1218462,1218634
202607271643,e2e_trace_v3,4637,72224298898556418,0,perception.pointcloud_map_based_roi,output_pub,22671574770624,1218462,1218634
202607271643,e2e_trace_v3,4653,72224298898556419,0,perception.pointcloud_map_based_roi,proc_enter,22671674055840,1218462,1218632
202607271643,e2e_trace_v3,4654,72224298898556419,0,perception.pointcloud_map_based_roi,output_pub,22671677880896,1218462,1218632
202607271643,e2e_trace_v3,4670,72224298898556420,0,perception.pointcloud_map_based_roi,proc_enter,22671773091968,1218462,1218630
202607271643,e2e_trace_v3,4671,72224298898556420,0,perception.pointcloud_map_based_roi,output_pub,22671777551552,1218462,1218630
202607271643,e2e_trace_v3,4687,72224298898556421,0,perception.pointcloud_map_based_roi,proc_enter,22671877473824,1218462,1218635
202607271643,e2e_trace_v3,4688,72224298898556421,0,perception.pointcloud_map_based_roi,output_pub,22671880995968,1218462,1218635
202607271643,e2e_trace_v3,4704,72224298898556422,0,perception.pointcloud_map_based_roi,proc_enter,22671981712128,1218462,1218632
202607271643,e2e_trace_v3,4709,72224298898556422,0,perception.pointcloud_map_based_roi,output_pub,22671985507520,1218462,1218632
202607271643,e2e_trace_v3,4721,72224298898556423,0,perception.pointcloud_map_based_roi,proc_enter,22672074020064,1218462,1218631
202607271643,e2e_trace_v3,4722,72224298898556423,0,perception.pointcloud_map_based_roi,output_pub,22672079834112,1218462,1218631
202607271643,e2e_trace_v3,4738,72224298898556424,0,perception.pointcloud_map_based_roi,proc_enter,22672178384192,1218462,1218641
202607271643,e2e_trace_v3,4739,72224298898556424,0,perception.pointcloud_map_based_roi,output_pub,22672182433088,1218462,1218641
202607271643,e2e_trace_v3,4754,72224298898556425,0,perception.pointcloud_map_based_roi,proc_enter,22672269072832,1218462,1218632
202607271643,e2e_trace_v3,4756,72224298898556425,0,perception.pointcloud_map_based_roi,output_pub,22672273601376,1218462,1218632
202607271643,e2e_trace_v3,4772,72224298898556426,0,perception.pointcloud_map_based_roi,proc_enter,22672373323616,1218462,1218638
202607271643,e2e_trace_v3,4773,72224298898556426,0,perception.pointcloud_map_based_roi,output_pub,22672378460608,1218462,1218638
202607271643,e2e_trace_v3,4789,72224298898556427,0,perception.pointcloud_map_based_roi,proc_enter,22672477141120,1218462,1218629
202607271643,e2e_trace_v3,4790,72224298898556427,0,perception.pointcloud_map_based_roi,output_pub,22672483884288,1218462,1218629
202607271643,e2e_trace_v3,4805,72224298898556428,0,perception.pointcloud_map_based_roi,proc_enter,22672573878560,1218462,1218637
202607271643,e2e_trace_v3,4806,72224298898556428,0,perception.pointcloud_map_based_roi,output_pub,22672578422336,1218462,1218637
202607271643,e2e_trace_v3,4823,72224298898556429,0,perception.pointcloud_map_based_roi,proc_enter,22672670740832,1218462,1218640
202607271643,e2e_trace_v3,4824,72224298898556429,0,perception.pointcloud_map_based_roi,output_pub,22672676028704,1218462,1218640
202607271643,e2e_trace_v3,4840,72224298898556430,0,perception.pointcloud_map_based_roi,proc_enter,22672777296960,1218462,1218631
202607271643,e2e_trace_v3,4841,72224298898556430,0,perception.pointcloud_map_based_roi,output_pub,22672782534464,1218462,1218631
202607271643,e2e_trace_v3,4857,72224298898556431,0,perception.pointcloud_map_based_roi,proc_enter,22672868253216,1218462,1218628
202607271643,e2e_trace_v3,4859,72224298898556431,0,perception.pointcloud_map_based_roi,output_pub,22672872417344,1218462,1218628
202607271643,e2e_trace_v3,4874,72224298898556432,0,perception.pointcloud_map_based_roi,proc_enter,22672973183264,1218462,1218634
202607271643,e2e_trace_v3,4875,72224298898556432,0,perception.pointcloud_map_based_roi,output_pub,22672977034208,1218462,1218634
202607271643,e2e_trace_v3,4890,72224298898556433,0,perception.pointcloud_map_based_roi,proc_enter,22673069350208,1218462,1218635
202607271643,e2e_trace_v3,4893,72224298898556433,0,perception.pointcloud_map_based_roi,output_pub,22673074340320,1218462,1218635
