group_name,nominal_injected_delay_ms,run_id,run_directory,analysis_status,target_id,physical_target_id_chain,target_association_method,target_association_confidence,t_sensor_origin_s,t_perception_stable_output_s,t_prediction_first_s,t_planning_stop_s,t_planning_decel_s,t_control_brake_command_s,t_brake_effective_s,t_stop_s,t_near_stop_s,t_minimum_speed_s,stop_event_status,braking_endpoint_type,t_collision_s,t_end_s,t1_speed_mps,brake_start_speed_mps,D1_center_m,D1_euclidean_center_m,D1_clear_m,D1_lateral_offset_m,geometry_offset_m,geometry_method,sensor_to_perception_ms,sensor_to_prediction_ms,sensor_to_planning_stop_ms,sensor_to_planning_output_ms,sensor_to_control_ms,perception_to_prediction_ms,prediction_to_planning_stop_ms,planning_stop_to_control_ms,control_to_effective_brake_ms,actual_e2e_latency_ms,raw_brake_onset_latency_ms,brake_onset_attribution,D_delay_m,D_delay_path_m,D_delay_constant_speed_m,D_delay_approx_error_m,clearance_at_brake_start_m,empirical_braking_distance_m,empirical_braking_path_length_m,empirical_braking_distance_method,braking_duration_s,mean_deceleration_mps2,peak_deceleration_mps2,deceleration_p10_mps2,deceleration_p50_mps2,deceleration_p90_mps2,max_abs_braking_jerk_mps3,effective_deceleration_mps2,k_distance_per_speed_squared,final_clearance_m,collision,collision_with_target,impact_speed_mps,collision_impulse_norm,distance_braked_before_collision_m,time_braked_before_collision_s,scb_log_present,scb_lifecycle_complete,scb_requested_delay_ms,scb_actual_wall_delay_ms,scb_actual_sim_delay_ms,scb_actual_frame_delay,scb_trigger_relative_t1_s,scb_activation_speed_mps,scb_brake_threshold_percentage,scb_first_brake_percentage,scb_queue_depth_at_trigger,map_name,map_source,fixed_delta_seconds,pointcloud_count_configured,pointcloud_count_source,localization_median_interval_ms,localization_frequency_hz,perception_detection_count,perception_gap_count,max_perception_gap_ms,target_id_switch_count,target_missing_duration_ms,target_static_classification_status,fusion_lifecycle_mean_ms,fusion_lifecycle_p90_ms,fusion_lifecycle_p99_ms,fusion_lifecycle_max_ms,fusion_lifecycle_over_500ms_count,planning_primal_infeasible_count,planning_speed_fallback_count,planning_constant_deceleration_fallback_count,planning_first_speed_fallback_s,planning_first_speed_fallback_source_line,clock_alignment_status,clock_alignment_p95_residual_ms,speed_condition_in_window,source_perception_file,source_planning_file,source_localization_file,source_scb_file,source_collision_file,data_quality_notes,D_brake_required_m,D_brake_required_at_D1_speed_m,D_margin_m,D_margin_source,M_space_m,M_safety_6m_m,M_collision_0m_m,M_at_brake_start_m,M_space_consistency_error_m,T_deadline_s,T_collision_deadline_s,M_time_s,M_time_from_space_s,measured_added_delay_ms,phase_matched_added_delay_ms,matched_baseline_run_id,D_saved_counterfactual_m,M_space_counterfactual_m,M_safety_6m_counterfactual_m,M_collision_0m_counterfactual_m,counterfactual_safe,counterfactual_collision_avoided,counterfactual_confidence,counterfactual_distance_method
baseline,0.0,202607171703,D:\data\baseline\202607171703,ANALYZED,250,"[""250""]",Planning STOP目标与静态连续Fusion目标一致,MEDIUM_HIGH,1784279046.475361,1784279046.702601,1784279046.7100933,1784279046.71886,1784279046.721992,1784279046.7348816,1784279046.803499,1784279049.220944,1784279049.220944,1784279051.068441,AVAILABLE,MINIMUM_SPEED_PROXY,,1784279056.0,15.584623343000933,15.805458260007956,44.76751560603502,44.791426697555096,39.46011560603502,-1.440243665964337,5.3074,longitudinal projection with calibrated combined center-to-contact offset,227.23984718322754,234.73216000000002,243.4988021850586,249.315712,259.520544,7.492312816772483,8.766642185058572,16.02174181494138,68.61733060327151,328.1378746032715,328.1378746032715,DIRECT_AFTER_CONTROL,5.172561902368942,4.733189614149379,5.113905180264858,-0.058656722104084125,34.28755370366608,22.72244264377112,25.14674227481708,3-D Localization displacement from effective brake onset to post-t2 minimum-speed sample,4.264941930770874,6.40622037796717,22.057708836453635,2.7217272155397656,4.416100905543287,15.257411146441719,156.78569555532044,5.497043489673734,0.09095798513132675,12.018671765700372,False,False,,,,,True,True,0.0,12.381738,0.0,0.0,-37.16485834121704,10.0,10.0,19.145859982569107,1.0,Town04,user_fixed_experiment_condition,0.1,1300000,user_fixed_experiment_condition; raw count not archived in run directory,106.55808448791504,9.384553080188036,53,0,151.41797065734863,0,0.0,STATIC,1358.0379988424588,2967.0769214630127,3101.8774890899663,3171.3833808898926,346,223,19,19,1784279046.720651,385272,LIMITED_NO_DUAL_CLOCK_HISTORY,,True,D:\data\baseline\202607171703\log\perception.log.INFO.20260717-170128.398545,D:\data\baseline\202607171703\log\planning.log.INFO.20260717-170122.398540,D:\data\baseline\202607171703\log\localization.log.INFO.20260717-170121.398524,D:\data\baseline\202607171703\log\scb_control_delay_20260717170059_182057.csv,,[],25.473001057768474,24.766152923017756,6.0,analysis fallback required by the current experiment plan; runtime planning stop distance was not archived,2.814552645897603,2.814552645897603,8.814552645897603,2.814552645897603,0.0,0.5578551686282317,0.9428500361939341,0.22971729402496022,0.1805980538606742,-14.007091522216797,-14.007091522216797,,-0.21829524550469037,2.5962574003929126,2.5962574003929126,8.596257400392913,True,True,MEDIUM,
baseline,0.0,202607171706,D:\data\baseline\202607171706,ANALYZED,17,"[""17""]",Planning STOP目标与静态连续Fusion目标一致,MEDIUM_HIGH,1784279265.798708,1784279266.034558,1784279266.0423553,1784279266.053215,1784279266.056934,1784279266.0609686,1784279266.150907,,1784279271.487874,1784279271.487874,MISSING,MINIMUM_SPEED_PROXY,,1784279275.0,16.362334078749104,16.276229115163034,44.667605219045214,44.67456822219734,39.36020521904521,0.4325835351027172,5.3074,longitudinal projection with calibrated combined center-to-contact offset,235.85009574890137,243.64744000000002,254.50706481933594,260.9412,262.260624,7.79734425109865,10.85962481933592,7.75355918066407,89.93845360620116,352.1990776062012,352.1990776062012,DIRECT_AFTER_CONTROL,5.769261313990739,4.9173143203770335,5.762798970019946,-0.00646234397079315,33.59094390505447,27.395764053258638,31.21135996774251,3-D Localization displacement from effective brake onset to post-t2 minimum-speed sample,5.3369669914245605,4.9614179774695035,21.580717952287152,0.7311497658770659,4.018434252451117,9.42806380637374,167.54754149336816,4.834974372210837,0.10341316447792676,7.047515613773142,False,False,,,,,True,True,0.0,7.2418,0.0,0.0,-40.17157864570618,10.0,10.0,14.5,1.0,Town04,user_fixed_experiment_condition,0.1,1300000,user_fixed_experiment_condition; raw count not archived in run directory,110.29112339019775,9.06691281457086,52,0,141.61396026611328,0,0.0,STATIC,741.8331519748559,2386.26446723938,2915.2796602249146,2945.882558822632,198,187,35,35,1784279240.197873,157600,LIMITED_NO_DUAL_CLOCK_HISTORY,,False,D:\data\baseline\202607171706\log\perception.log.INFO.20260717-170531.449410,D:\data\baseline\202607171706\log\planning.log.INFO.20260717-170527.449376,D:\data\baseline\202607171706\log\localization.log.INFO.20260717-170526.449355,D:\data\baseline\202607171706\log\scb_control_delay_20260717170504_090856.csv,,"[""STRICT_STOP_HOLD_NOT_MET_MINIMUM_SPEED_PROXY_USED_FOR_BRAKING_DISTANCE""]",27.01304353646187,27.29960985785794,6.0,analysis fallback required by the current experiment plan; runtime planning stop distance was not archived,0.577900368592605,0.577900368592605,6.577900368592605,0.577900368592605,0.0,0.3703991943948013,0.7370950442120114,0.018200116788600118,0.0353189444617907,10.05411148071289,10.05411148071289,,0.16370262185105938,0.7416029904436643,0.7416029904436643,6.741602990443664,True,True,MEDIUM,trapezoidal integration over pre-brake speed history
baseline,0.0,202607171721,D:\data\baseline\202607171721,ANALYZED,13,"[""13""]",Planning STOP目标与静态连续Fusion目标一致,MEDIUM_HIGH,1784280146.853629,1784280147.082135,1784280147.0903406,1784280147.104425,1784280147.107455,1784280147.1209853,1784280147.183501,,1784280152.494276,1784280152.494276,MISSING,MINIMUM_SPEED_PROXY,,1784280154.0,15.697547483340998,15.580507035902432,45.31703187066853,45.56237841834037,40.00963187066853,-4.718381094461468,5.3074,longitudinal projection with calibrated combined center-to-contact offset,228.50584983825684,236.711544,250.79584121704102,256.6358,267.356152,8.205694161743168,14.084297217041012,16.560310782958993,62.51574092907714,329.87189292907715,329.87189292907715,DIRECT_AFTER_CONTROL,5.179271349533202,4.712723257763308,5.1781797026737655,-0.0010916468594368567,34.830360521135326,24.402370609809033,27.744229532593607,3-D Localization displacement from effective brake onset to post-t2 minimum-speed sample,5.3107750415802,3.4782367158358882,22.08198429893115,0.048117701575721795,1.6513350629166546,9.372537755260229,143.34925164940483,4.973947068040717,0.10052378788119162,10.995613454331728,False,False,,,,,True,True,0.0,7.08344,0.0,0.0,-33.717885971069336,10.0,10.0,14.5,1.0,Town04,user_fixed_experiment_condition,0.1,1300000,user_fixed_experiment_condition; raw count not archived in run directory,110.2060079574585,9.073915465534492,63,0,166.52297973632812,0,0.0,STATIC,497.84129329563416,1411.8539333343506,1787.7387142181396,1796.7627048492432,121,211,18,18,1784280147.106153,295514,LIMITED_NO_DUAL_CLOCK_HISTORY,,True,D:\data\baseline\202607171721\log\perception.log.INFO.20260717-172029.633871,D:\data\baseline\202607171721\log\planning.log.INFO.20260717-172026.633866,D:\data\baseline\202607171721\log\localization.log.INFO.20260717-172025.633858,D:\data\baseline\202607171721\log\scb_control_delay_20260717172005_930750.csv,,"[""STRICT_STOP_HOLD_NOT_MET_MINIMUM_SPEED_PROXY_USED_FOR_BRAKING_DISTANCE""]",24.753071871823614,25.126357814086568,6.0,analysis fallback required by the current experiment plan; runtime planning stop distance was not archived,4.077288649311711,4.077288649311711,10.077288649311711,4.077288649311711,0.0,0.5659020344425983,0.9481273474328914,0.2360301415135212,0.25974048835582303,-12.273073196411133,-12.273073196411133,,-0.19265714926718341,3.8846315000445277,3.8846315000445277,9.884631500044527,True,True,MEDIUM,
baseline,0.0,202607171726,D:\data\baseline\202607171726,ANALYZED,12,"[""12""]",Planning STOP目标与静态连续Fusion目标一致,MEDIUM_HIGH,1784280441.275289,1784280441.517201,1784280441.5209594,1784280441.52986,1784280441.533104,1784280441.5479574,1784280441.608542,,1784280444.228317,1784280446.01091,MISSING,MINIMUM_SPEED_PROXY,,1784280451.0,15.493531909930631,15.407070573314398,45.43128187528055,45.630451752728035,40.123881875280546,-4.254758576118464,5.3074,longitudinal projection with calibrated combined center-to-contact offset,241.9118881225586,245.67040000000003,254.57096099853516,260.6616,272.668384,3.7585118774414354,8.900560998535127,18.097423001464847,60.5845227993164,333.2529067993164,333.2529067993164,DIRECT_AFTER_CONTROL,5.1702312584786245,4.657068388077828,5.163264545572348,-0.006966712906276484,34.95365061680192,22.394971748384613,25.49485540478993,3-D Localization displacement from effective brake onset to post-t2 minimum-speed sample,4.402368068695068,5.839796960703725,20.362097590035255,2.5211684274320163,4.197001043807756,9.558569400054655,150.466893114195,5.299801810828649,0.09434315052657084,13.143413516777443,False,False,,,,,True,True,0.0,0.141043,0.0,0.0,-34.62356400489807,10.0,10.0,15.544573114335364,1.0,Town04,user_fixed_experiment_condition,0.1,1300000,user_fixed_experiment_condition; raw count not archived in run directory,110.79907417297363,9.025346172467588,51,0,156.92377090454102,0,0.0,STATIC,624.4002060223651,1691.2045478820803,1996.9727897644043,2017.9316997528076,174,225,19,19,1784280426.106594,180439,LIMITED_NO_DUAL_CLOCK_HISTORY,,True,D:\data\baseline\202607171726\log\perception.log.INFO.20260717-172527.690616,D:\data\baseline\202607171726\log\planning.log.INFO.20260717-172521.690611,D:\data\baseline\202607171726\log\localization.log.INFO.20260717-172519.690603,D:\data\baseline\202607171726\log\scb_control_delay_20260717172500_598692.csv,,"[""STRICT_STOP_HOLD_NOT_MET_MINIMUM_SPEED_PROXY_USED_FOR_BRAKING_DISTANCE""]",24.205054956521817,24.477484888178413,6.0,analysis fallback required by the current experiment plan; runtime planning stop distance was not archived,4.748595660280106,4.748595660280106,10.748595660280106,4.748595660280106,0.0,0.6226080046292893,1.009866380245651,0.28935509782997293,0.3064889069764963,-8.892059326171875,-8.892059326171875,,-0.13776940491504022,4.610826255365065,4.610826255365065,10.610826255365065,True,True,MEDIUM,
baseline,0.0,202607171735,D:\data\baseline\202607171735,ANALYZED,15,"[""15""]",Planning STOP目标与静态连续Fusion目标一致,MEDIUM_HIGH,1784280947.595634,1784280947.83283,1784280947.8361688,1784280947.84769,1784280947.850768,1784280947.8631296,1784280947.946671,,1784280954.250248,1784280954.250248,MISSING,MINIMUM_SPEED_PROXY,,1784280955.0,15.607818442513645,15.525764210029958,45.545669309653874,45.73393023234247,40.23826930965387,-4.141078540596689,5.3074,longitudinal projection with calibrated combined center-to-contact offset,237.1959686279297,240.534792,252.05612182617188,257.86212,267.495688,3.3388233720703226,11.521329826171865,15.439566173828098,83.54133745166018,351.03702545166016,351.03702545166016,DIRECT_AFTER_CONTROL,5.485995612916829,4.69092230434909,5.478922159849553,-0.0070734530672762475,34.75227369673704,25.399782397432656,29.62985228086969,3-D Localization displacement from effective brake onset to post-t2 minimum-speed sample,6.303576946258545,3.2348200015000264,21.15823261443561,0.055477331550929494,0.10840961005129705,8.606032813547577,171.8232594366529,4.7451066811070755,0.10537170892085097,10.250798290084258,False,False,,,,,True,True,0.0,12.38394,0.0,0.0,-35.960721015930176,10.0,10.0,14.875921665216246,1.0,Town04,user_fixed_experiment_condition,0.1,1300000,user_fixed_experiment_condition; raw count not archived in run directory,113.97290229797363,8.774015400481552,67,1,219.28906440734863,0,219.28906440734863,STATIC,480.7949733734131,1217.443704605103,1679.549617767334,1744.6951866149902,115,207,15,15,1784280947.849422,272592,LIMITED_NO_DUAL_CLOCK_HISTORY,,True,D:\data\baseline\202607171735\log\perception.log.INFO.20260717-173350.811046,D:\data\baseline\202607171735\log\planning.log.INFO.20260717-173343.811042,D:\data\baseline\202607171735\log\localization.log.INFO.20260717-173341.811034,D:\data\baseline\202607171735\log\scb_control_delay_20260717173319_704830.csv,,"[""STRICT_STOP_HOLD_NOT_MET_MINIMUM_SPEED_PROXY_USED_FOR_BRAKING_DISTANCE""]",24.57943534259311,24.83992831787043,6.0,analysis fallback required by the current experiment plan; runtime planning stop distance was not archived,4.172838354143931,4.172838354143931,10.17283835414393,4.172838354143931,0.0,0.6021559660242841,0.9865786848109653,0.25111894057262396,0.26735564419289165,8.892059326171875,8.892059326171875,,0.13810694361775458,4.310945297761685,4.310945297761685,10.310945297761686,True,True,MEDIUM,trapezoidal integration over pre-brake speed history
baseline,0.0,202607171738,D:\data\baseline\202607171738,ANALYZED,15,"[""15""]",Planning STOP目标与静态连续Fusion目标一致,MEDIUM_HIGH,1784281122.816522,1784281123.064935,1784281123.0690968,1784281123.078025,1784281123.080928,1784281123.0870051,1784281123.183965,,1784281129.871896,1784281129.871896,MISSING,MINIMUM_SPEED_PROXY,,1784281130.0,15.383641659949928,15.378049304036937,45.9117907058258,46.06013432699411,40.6043907058258,-3.68959566750966,5.3074,longitudinal projection with calibrated combined center-to-contact offset,248.4130859375,252.575016,261.5032196044922,267.041192,270.483144,4.161930062500005,8.928203604492182,8.979924395507794,96.9599407167969,367.4430847167969,367.4430847167969,DIRECT_AFTER_CONTROL,5.673569200279811,4.635114791560472,5.652612745709828,-0.020956454569983407,34.93082150554599,26.937785002425418,31.052874746874426,3-D Localization displacement from effective brake onset to post-t2 minimum-speed sample,6.687931060791016,4.231111146415467,21.116624060164423,0.061800172273919665,3.333298724092072,10.481052530334035,218.94065502647004,4.389455190471272,0.11390935282479045,9.151699725437002,False,False,,,,,True,True,0.0,7.225818,0.0,0.0,-34.802605867385864,10.0,10.0,14.5,1.0,Town04,user_fixed_experiment_condition,0.1,1300000,user_fixed_experiment_condition; raw count not archived in run directory,110.67342758178711,9.035592570411763,65,0,162.05286979675293,0,0.0,STATIC,682.9298162674155,1852.5111675262451,2206.6481471061707,2231.7333221435547,175,196,23,23,1784281104.10031,159469,LIMITED_NO_DUAL_CLOCK_HISTORY,,True,D:\data\baseline\202607171738\log\perception.log.INFO.20260717-173638.839282,D:\data\baseline\202607171738\log\planning.log.INFO.20260717-173633.839222,D:\data\baseline\202607171738\log\localization.log.INFO.20260717-173631.839191,D:\data\baseline\202607171738\log\scb_control_delay_20260717173609_387550.csv,,"[""STRICT_STOP_HOLD_NOT_MET_MINIMUM_SPEED_PROXY_USED_FOR_BRAKING_DISTANCE""]",24.11395394875869,24.13149561878996,6.0,analysis fallback required by the current experiment plan; runtime planning stop distance was not archived,4.816867556787301,4.816867556787301,10.816867556787301,4.816867556787301,0.0,0.6807812687356843,1.0708059542183497,0.31333818401888747,0.3131162089746037,25.298118591308594,25.298118591308594,,0.3893882970974231,5.206255853884724,5.206255853884724,11.206255853884723,True,True,MEDIUM,trapezoidal integration over pre-brake speed history
delay_100ms,100.0,202607181815,D:\data\100ms\202607181815,ANALYZED,18,"[""18""]",Planning STOP目标与静态连续Fusion目标一致,MEDIUM_HIGH,1784369761.488446,1784369761.782611,1784369761.786802,1784369761.802977,1784369761.807996,1784369761.815354,1784369761.968432,,1784369764.247501,1784369765.474833,MISSING,MINIMUM_SPEED_PROXY,,1784369770.0,15.221941554997487,15.226471965574504,46.88664836168929,47.0750152106582,41.57924836168929,-4.205869836702794,5.3074,longitudinal projection with calibrated combined center-to-contact offset,294.16489601135254,298.356024,314.5310878753662,322.869816,326.908184,4.191127988647452,16.17506387536622,12.377096124633795,153.07776837731933,479.98595237731934,479.98595237731934,DIRECT_AFTER_CONTROL,7.334863379340801,6.1169224045955035,7.306318114307363,-0.028545265033438127,34.244384982348485,20.940225455800178,23.877209483121106,3-D Localization displacement from effective brake onset to post-t2 minimum-speed sample,3.5064010620117188,6.739055059273087,20.76172112199422,3.238845894253887,4.138094158238159,17.79327772672225,220.42436552411795,5.535887113722743,0.09031976081314323,14.589318142286025,False,False,,,,,True,True,100.0,105.507752,100.00000149011612,1.0,-34.56745505332947,10.0,10.0,14.5,1.0,Town04,user_fixed_experiment_condition,0.1,1300000,user_fixed_experiment_condition; raw count not archived in run directory,110.49199104309082,9.050429723997006,70,0,139.64509963989258,0,0.0,STATIC,764.1138808293776,2056.1726331710815,2412.9730081558228,2426.17130279541,189,229,19,19,1784369761.80611,274413,LIMITED_NO_DUAL_CLOCK_HISTORY,,False,D:\data\100ms\202607181815\log\perception.log.INFO.20260718-181305.61806,D:\data\100ms\202607181815\log\planning.log.INFO.20260718-181259.61732,D:\data\100ms\202607181815\log\localization.log.INFO.20260718-181257.61710,D:\data\100ms\202607181815\log\scb_control_delay_20260718181238_626853.csv,,"[""STRICT_STOP_HOLD_NOT_MET_MINIMUM_SPEED_PROXY_USED_FOR_BRAKING_DISTANCE""]",23.64092709459037,23.626861174010383,6.0,analysis fallback required by the current experiment plan; runtime planning stop distance was not archived,4.603457887758115,4.603457887758115,10.603457887758115,4.603457887758115,0.0,0.7852077965543652,1.1793756481600068,0.3052218441770459,0.3024225175957769,137.84098625183105,112.54286766052246,202607171738,2.1091888405208037,6.712646728278918,6.712646728278918,12.71264672827892,True,True,MEDIUM,trapezoidal integration over pre-brake speed history
delay_100ms,100.0,202607181818,D:\data\100ms\202607181818,ANALYZED,12,"[""12""]",Planning STOP目标与静态连续Fusion目标一致,MEDIUM_HIGH,1784369939.143924,1784369939.399197,1784369939.4036887,1784369939.428944,1784369939.435781,1784369939.4417589,1784369939.601659,,1784369942.005835,1784369943.783178,MISSING,MINIMUM_SPEED_PROXY,,1784369949.0,15.546095289848829,15.408749465898575,45.82985488220513,45.89836925267862,40.52245488220513,-2.5009516558437115,5.3074,longitudinal projection with calibrated combined center-to-contact offset,255.27310371398926,259.76464,285.020112991333,295.501344,297.834944,4.491536286010728,25.255472991333022,12.814831008667,159.9001176455078,457.7350616455078,457.7350616455078,DIRECT_AFTER_CONTROL,7.120603884852146,6.2245683418616355,7.115992885845892,-0.004610999006254168,33.40185099735299,21.752301141365816,24.958111465905453,3-D Localization displacement from effective brake onset to post-t2 minimum-speed sample,4.181519031524658,6.269927768054504,20.43592395591268,2.5198906754035995,4.226468177944228,16.260344879347976,140.05418263861165,5.457573397862621,0.09161580862949414,12.580214197943018,False,False,,,,,True,True,100.0,107.348537,100.00000149011612,1.0,-39.51743769645691,10.0,10.0,14.5,1.0,Town04,user_fixed_experiment_condition,0.1,1300000,user_fixed_experiment_condition; raw count not archived in run directory,110.53550243377686,9.04686709683264,52,0,143.3258056640625,0,0.0,STATIC,451.90881415614933,1206.447696685791,1570.3785967826843,1656.8443775177002,118,167,34,34,1784369913.182276,137990,LIMITED_NO_DUAL_CLOCK_HISTORY,,True,D:\data\100ms\202607181818\log\perception.log.INFO.20260718-181651.98652,D:\data\100ms\202607181818\log\planning.log.INFO.20260718-181643.98619,D:\data\100ms\202607181818\log\localization.log.INFO.20260718-181642.98592,D:\data\100ms\202607181818\log\scb_control_delay_20260718181620_407815.csv,,"[""STRICT_STOP_HOLD_NOT_MET_MINIMUM_SPEED_PROXY_USED_FOR_BRAKING_DISTANCE""]",24.2103304436686,24.64385132269731,6.0,analysis fallback required by the current experiment plan; runtime planning stop distance was not archived,3.191520553684388,3.191520553684388,9.191520553684388,3.191520553684388,0.0,0.635439534836653,1.0213885392736601,0.17770447319114524,0.20529403005578917,115.59009552001953,106.69803619384766,202607171735,1.7918206063839188,4.983341160068306,4.983341160068306,10.983341160068306,True,True,MEDIUM,trapezoidal integration over pre-brake speed history
delay_100ms,100.0,202607181844,D:\data\100ms\202607181844,ANALYZED,14,"[""14""]",Planning STOP目标与静态连续Fusion目标一致,MEDIUM_HIGH,1784371518.867334,1784371519.107397,1784371519.1125658,1784371519.122186,1784371519.125821,1784371519.132988,1784371519.307311,,1784371521.681334,1784371523.963749,MISSING,MINIMUM_SPEED_PROXY,,1784371528.0,15.548264630397634,15.464887491870547,45.452342208768684,45.63073709233517,40.14494220876868,-4.027401988430159,5.3074,longitudinal projection with calibrated combined center-to-contact offset,240.06319046020508,245.23177600000002,254.8520565032959,261.51766399999997,265.654144,5.168585539794947,9.620280503295874,10.802087496704075,174.32302503686526,439.97716903686523,439.97716903686523,DIRECT_AFTER_CONTROL,6.853864084103051,6.234072166885872,6.840881455518373,-0.01298262858467858,33.29107812466563,21.8849315970626,24.8859697266305,3-D Localization displacement from effective brake onset to post-t2 minimum-speed sample,4.656437873840332,6.363603044530031,22.000698302532918,3.017384934975657,4.209668340313824,13.303131262310533,118.675210159328,5.464096245297713,0.09150644087396695,12.101626982721264,False,False,,,,,True,True,100.0,100.078097,100.00000149011612,1.0,-34.084375858306885,15.0,20.0,20.14977731931738,1.0,Town04,user_fixed_experiment_condition,0.1,1300000,user_fixed_experiment_condition; raw count not archived in run directory,110.65495014190674,9.037101356221068,54,0,146.6379165649414,0,0.0,STATIC,691.6510445891686,1884.6486568450925,2171.7283248901367,2193.648099899292,174,224,19,19,1784371519.124375,258106,LIMITED_NO_DUAL_CLOCK_HISTORY,,True,D:\data\100ms\202607181844\log\perception.log.INFO.20260718-184341.6113,D:\data\100ms\202607181844\log\planning.log.INFO.20260718-184337.6089,D:\data\100ms\202607181844\log\localization.log.INFO.20260718-184336.6078,D:\data\100ms\202607181844\log\scb_control_delay_20260718184314_084417.csv,,"[""STRICT_STOP_HOLD_NOT_MET_MINIMUM_SPEED_PROXY_USED_FOR_BRAKING_DISTANCE""]",24.38706068046003,24.650729530374505,6.0,analysis fallback required by the current experiment plan; runtime planning stop distance was not archived,2.9040174442056,2.9040174442056,8.9040174442056,2.9040174442056,0.0,0.6106284465876994,0.996523602261195,0.1706512775508342,0.18677437728504445,97.83220291137695,106.72426223754883,202607171726,1.5194238301192333,4.4234412743248335,4.4234412743248335,10.423441274324833,True,True,MEDIUM,trapezoidal integration over pre-brake speed history
delay_100ms,100.0,202607181854,D:\data\100ms\202607181854,ANALYZED,11,"[""11""]",Planning STOP目标与静态连续Fusion目标一致,MEDIUM_HIGH,1784372086.891295,1784372087.16148,1784372087.1658788,1784372087.17822,1784372087.181732,1784372087.1860068,1784372087.377981,,1784372089.953308,1784372091.69226,MISSING,MINIMUM_SPEED_PROXY,,1784372096.0,15.759506113397176,15.692512069119381,45.30878575201302,45.53955810844932,40.00138575201302,-4.5483696089277945,5.3074,longitudinal projection with calibrated combined center-to-contact offset,270.1849937438965,274.58390399999996,286.9250774383545,293.218432,294.711904,4.398910256103477,12.34117343835453,7.786826561645512,191.97408728723144,486.68599128723145,486.68599128723145,DIRECT_AFTER_CONTROL,7.678781440166285,6.313554699783151,7.669930854995889,-0.008850585170395497,32.32260431184674,22.27494793066471,27.46716845604498,3-D Localization displacement from effective brake onset to post-t2 minimum-speed sample,4.314279079437256,5.8970863745990485,19.445877565335042,2.533391222672326,3.9509399875179803,15.682570352644381,147.76440358273453,5.5276208906520425,0.09045482855844328,11.49892227387106,False,False,,,,,True,True,100.0,100.902508,100.00000149011612,1.0,-27.98173427581787,15.0,20.0,20.227000907366897,1.0,Town04,user_fixed_experiment_condition,0.1,1300000,user_fixed_experiment_condition; raw count not archived in run directory,119.96853351593018,8.33551907898594,43,0,164.38603401184082,0,0.0,STATIC,621.2040286077071,1807.0719718933103,2321.0236263275146,2350.961446762085,106,233,23,23,1784372087.180298,221544,LIMITED_NO_DUAL_CLOCK_HISTORY,,True,D:\data\100ms\202607181854\log\perception.log.INFO.20260718-185132.100650,D:\data\100ms\202607181854\log\planning.log.INFO.20260718-185126.100644,D:\data\100ms\202607181854\log\localization.log.INFO.20260718-185124.100632,D:\data\100ms\202607181854\log\scb_control_delay_20260718185102_211620.csv,,"[""STRICT_STOP_HOLD_NOT_MET_MINIMUM_SPEED_PROXY_USED_FOR_BRAKING_DISTANCE""]",25.110240477669812,25.325098039566043,6.0,analysis fallback required by the current experiment plan; runtime planning stop distance was not archived,1.2123638341769265,1.2123638341769265,7.2123638341769265,1.2123638341769265,0.0,0.5505431229898287,0.931265713966166,0.06385713170259721,0.076929050025641,144.54102516174316,156.8140983581543,202607171721,2.27939852593648,3.4917623601134067,3.4917623601134067,9.491762360113407,True,True,MEDIUM,trapezoidal integration over pre-brake speed history
delay_100ms,100.0,202607181955,D:\data\100ms\202607181955,ANALYZED,13,"[""13""]",Planning STOP目标与静态连续Fusion目标一致,MEDIUM_HIGH,1784375746.638499,1784375746.880373,1784375746.8845117,1784375746.902175,1784375746.907928,1784375746.920231,1784375747.104991,1784375751.386313,1784375749.687979,1784375750.362512,AVAILABLE,MINIMUM_SPEED_PROXY,,1784375755.0,16.588696214411325,16.510247212669324,44.229094951604814,44.23013439206475,38.92169495160481,-0.034817825996295536,5.3074,longitudinal projection with calibrated combined center-to-contact offset,241.87397956848145,246.012608,263.6759281158447,273.452608,281.732128,4.138628431518555,17.663320115844726,18.056199884155262,184.7598096373291,466.4919376373291,466.4919376373291,DIRECT_AFTER_CONTROL,7.757000116700481,6.65385857435566,7.738493039937765,-0.01850707676271579,31.16469483490433,24.170340713011957,27.393883809899318,3-D Localization displacement from effective brake onset to post-t2 minimum-speed sample,3.257521152496338,6.415128071338381,21.440052006695336,3.373456839231639,4.321501547332573,14.183336314080927,137.38352152145816,5.638899886849939,0.08866977779939186,8.097788727724005,False,False,,,,,True,True,100.0,109.27973,100.00000149011612,1.0,-33.57645392417908,15.0,20.0,20.357521073836118,1.0,Town04,user_fixed_experiment_condition,0.1,1300000,user_fixed_experiment_condition; raw count not archived in run directory,110.6114387512207,9.040656294591088,69,0,153.3219814300537,0,0.0,STATIC,706.4324659343586,2045.4047679901125,2456.077275276184,2501.852035522461,175,169,33,33,1784375722.862666,136416,LIMITED_NO_DUAL_CLOCK_HISTORY,,False,D:\data\100ms\202607181955\log\perception.log.INFO.20260718-195404.189962,D:\data\100ms\202607181955\log\planning.log.INFO.20260718-195357.189938,D:\data\100ms\202607181955\log\localization.log.INFO.20260718-195356.189930,D:\data\100ms\202607181955\log\scb_control_delay_20260718195337_451247.csv,,[],27.795409804934604,28.06017901604031,6.0,analysis fallback required by the current experiment plan; runtime planning stop distance was not archived,-2.6307149700302723,-2.6307149700302723,3.3692850299697277,-2.6307149700302723,0.0,0.293061966578247,0.6547540442707385,-0.1734299710590821,-0.15858479388783162,124.34697151184082,114.29286003112793,202607171706,2.0642743325013724,-0.5664406375289,-0.5664406375289,5.4335593624711,False,True,MEDIUM,trapezoidal integration over pre-brake speed history
delay_100ms,100.0,202607181958,D:\data\100ms\202607181958,ANALYZED,14,"[""14""]",Planning STOP目标与静态连续Fusion目标一致,MEDIUM_HIGH,1784375911.13381,1784375911.393235,1784375911.397407,1784375911.409337,1784375911.412781,1784375911.4260335,1784375911.584497,,1784375913.971671,1784375914.195893,MISSING,MINIMUM_SPEED_PROXY,,1784375920.0,15.390509411505654,15.350650633351425,45.340943285473244,45.59565459584854,40.03354328547324,-4.808849434101244,5.3074,longitudinal projection with calibrated combined center-to-contact offset,259.42492485046387,263.596952,275.5270004272461,281.648536,292.223384,4.17202714953612,11.930048427246106,16.696383572753916,158.4635476101074,450.6869316101074,450.6869316101074,DIRECT_AFTER_CONTROL,6.957042567356019,6.177459364825384,6.936301462587963,-0.020741104768055685,33.076500718117224,20.366961777793044,23.209182248313592,3-D Localization displacement from effective brake onset to post-t2 minimum-speed sample,2.611396074295044,5.848097421732412,20.793393268422243,2.440084220926834,4.03305316421466,16.60125977864976,147.97129043528494,5.784919651691579,0.08643162396452543,13.566165305223368,False,False,,,,,False,False,,,,,,,,,,Town04,user_fixed_experiment_condition,0.1,1300000,user_fixed_experiment_condition; raw count not archived in run directory,111.57345771789551,8.962705113329188,45,0,167.58108139038086,0,0.0,STATIC,374.6737302359888,835.4876041412354,1475.1656889915469,1536.5469455718994,38,209,17,16,1784375911.41136,147131,LIMITED_NO_DUAL_CLOCK_HISTORY,,True,D:\data\100ms\202607181958\log\perception.log.INFO.20260718-195640.214015,D:\data\100ms\202607181958\log\planning.log.INFO.20260718-195636.213961,D:\data\100ms\202607181958\log\localization.log.INFO.20260718-195634.213940,,,"[""SCB_EVIDENCE_MISSING"",""STRICT_STOP_HOLD_NOT_MET_MINIMUM_SPEED_PROXY_USED_FOR_BRAKING_DISTANCE""]",24.02810408538973,24.15304657709248,6.0,analysis fallback required by the current experiment plan; runtime planning stop distance was not archived,3.048396632727492,3.048396632727492,9.048396632727492,3.048396632727492,0.0,0.6419863335384007,1.0318369771769091,0.1912994019282933,0.19806989822237905,108.54196548461914,117.43402481079102,202607171726,1.674101600180423,4.722498232907915,4.722498232907915,10.722498232907915,True,True,LOW,trapezoidal integration over pre-brake speed history
delay_300ms,300.0,202607182007,D:\data\300ms\202607182007,ANALYZED,40,"[""40""]",Planning STOP目标与静态连续Fusion目标一致,MEDIUM_HIGH,1784376582.412301,1784376582.704956,1784376582.7094858,1784376582.722726,1784376582.728192,1784376582.7427135,1784376583.062558,1784376586.158792,1784376586.158792,1784376589.302939,AVAILABLE,MINIMUM_SPEED_PROXY,,1784376597.0,16.697465277356272,17.14702503165707,44.5135922744009,44.52425494509185,39.2061922744009,-0.035466558780431645,5.3074,longitudinal projection with calibrated combined center-to-contact offset,292.65499114990234,297.184624,310.4250431060791,319.54001600000004,330.412336,4.5296328500976415,13.240419106079116,19.98729289392088,319.84453617712404,650.256872177124,650.256872177124,DIRECT_AFTER_CONTROL,11.08486293521656,8.537441014189634,10.857641544539826,-0.22722139067673375,28.12132933918434,27.73580475316973,34.487896484448804,3-D Localization displacement from effective brake onset to post-t2 minimum-speed sample,6.2403810024261475,3.3803552781305317,19.13104143550812,1.714829474128694e-05,2.823897866996021,9.079348778316078,78.36413537499048,5.300377437266762,0.09433290476344536,2.936534040171579,False,False,,,,,False,False,,,,,,,,,,Town04,user_fixed_experiment_condition,0.1,1300000,user_fixed_experiment_condition; raw count not archived in run directory,123.12698364257812,8.121696564116863,54,4,265.14220237731934,0,1032.3569774627686,STATIC,264.86967434227245,281.1523914337158,301.7994785308838,318.1579113006592,0,78,30,29,1784376582.725816,944281,LIMITED_NO_DUAL_CLOCK_HISTORY,,False,D:\data\300ms\202607182007\log\perception.log.INFO.20260718-200600.288898,D:\data\300ms\202607182007\log\planning.log.INFO.20260718-200555.288886,D:\data\300ms\202607182007\log\localization.log.INFO.20260718-200553.288878,,,"[""SCB_EVIDENCE_MISSING""]",29.98081903007857,28.42935635254193,6.0,analysis fallback required by the current experiment plan; runtime planning stop distance was not archived,-7.859489690894232,-7.859489690894232,-1.8594896908942324,-7.859489690894232,0.0,0.28608150054588943,0.64541747761402,-0.3641753716312346,-0.4706995678890631,308.11190605163574,298.05779457092285,202607171706,5.294126432156382,-2.5653632587378503,-2.5653632587378503,3.4346367412621497,False,True,LOW,trapezoidal integration over pre-brake speed history
delay_300ms,300.0,202607182012,D:\data\300ms\202607182012,ATTRIBUTION_INVALID,14,"[""14""]",Planning STOP目标与静态连续Fusion目标一致,MEDIUM_HIGH,1784376808.314435,1784376808.575125,1784376808.5811238,1784376808.589387,1784376808.592341,1784376808.601099,,,,,MISSING,,,1784376818.0,15.634231248477413,,45.92854267976368,45.93094176475433,40.62114267976368,0.401411323921065,5.3074,longitudinal projection with calibrated combined center-to-contact offset,260.68997383117676,266.688736,274.9519348144531,280.784544,286.663904,5.998762168823248,8.26319881445312,11.711969185546877,,,112.2140884399414,MATERIAL_DECELERATION_ALREADY_ACTIVE_BEFORE_TARGET_CONTROL,,,,,,,,,,,,,,,,,,,False,False,,,,,True,True,300.0,309.970021,300.00000447034836,3.0,-37.29004955291748,15.0,20.0,20.062276437906636,1.0,Town04,user_fixed_experiment_condition,0.1,1300000,user_fixed_experiment_condition; raw count not archived in run directory,112.43247985839844,8.894227017490287,46,0,163.4809970855713,0,0.0,STATIC,402.9669436039748,1042.9634809494028,1760.6784558296204,1785.654067993164,63,54,15,15,1784376808.591091,262653,LIMITED_NO_DUAL_CLOCK_HISTORY,,True,D:\data\300ms\202607182012\log\perception.log.INFO.20260718-201143.338692,D:\data\300ms\202607182012\log\planning.log.INFO.20260718-201138.338688,D:\data\300ms\202607182012\log\localization.log.INFO.20260718-201136.338680,D:\data\300ms\202607182012\log\scb_control_delay_20260718201117_622423.csv,,[],,24.924071704755498,6.0,analysis fallback required by the current experiment plan; runtime planning stop distance was not archived,,,,,,0.620246101064455,1.0040193678558316,,,,,202607171735,,,,,,,MEDIUM,
delay_300ms,300.0,202607182017,D:\data\300ms\202607182017,ANALYZED,19,"[""19""]",Planning STOP目标与静态连续Fusion目标一致,MEDIUM_HIGH,1784377066.961132,1784377067.203233,1784377067.2077823,1784377067.217527,1784377067.221057,1784377067.2303927,1784377067.602981,1784377070.081181,1784377070.081181,1784377070.914038,AVAILABLE,MINIMUM_SPEED_PROXY,,1784377077.0,16.4874383911507,15.99516723914454,45.50505426280505,45.516352446223024,40.197654262805045,0.832806783261851,5.3074,longitudinal projection with calibrated combined center-to-contact offset,242.10095405578613,246.6502,256.3948631286621,262.769656,269.260696,4.5492459442138795,9.744663128662097,12.865832871337886,372.5883449851074,641.8490409851074,641.8490409851074,DIRECT_AFTER_CONTROL,10.404928115330803,9.727537885569351,10.58244651966112,0.17751840433031774,29.79272614747424,23.55413642993812,24.89184265436923,3-D Localization displacement from effective brake onset to post-t2 minimum-speed sample,3.3110568523406982,5.6544424205428125,22.108773778375852,0.7760549050582097,4.179531922056355,12.960564721637255,167.63563304931012,5.431007325809119,0.09206395241337836,6.919674195924732,False,False,,,,,False,False,,,,,,,,,,Town04,user_fixed_experiment_condition,0.1,1300000,user_fixed_experiment_condition; raw count not archived in run directory,108.28399658203125,9.234974987669979,63,0,160.51101684570312,0,0.0,STATIC,243.66466986372114,258.2709789276123,268.97871494293213,288.45882415771484,0,89,29,29,1784377067.219547,211577,LIMITED_NO_DUAL_CLOCK_HISTORY,,False,D:\data\300ms\202607182017\log\perception.log.INFO.20260718-201451.379806,D:\data\300ms\202607182017\log\planning.log.INFO.20260718-201445.379762,D:\data\300ms\202607182017\log\localization.log.INFO.20260718-201443.379740,,,"[""SCB_EVIDENCE_MISSING""]",26.08816302717431,27.71866442218046,6.0,analysis fallback required by the current experiment plan; runtime planning stop distance was not archived,-2.2954368797000697,-2.2954368797000697,3.7045631202999303,-2.2954368797000697,0.0,0.3929652191514512,0.7568786335736928,-0.2488838218336562,-0.13922337874706475,299.70407485961914,289.64996337890625,202607171706,4.830770329608244,2.5353334499081743,2.5353334499081743,8.535333449908174,True,True,LOW,trapezoidal integration over pre-brake speed history
delay_300ms,300.0,202607182021,D:\data\300ms\202607182021,ANALYZED,34,"[""34""]",Planning STOP目标与静态连续Fusion目标一致,MEDIUM_HIGH,1784377326.788893,1784377327.026896,1784377327.0307243,1784377327.055418,1784377327.061111,1784377327.0731509,1784377327.452653,1784377330.009556,1784377330.009556,1784377336.614839,AVAILABLE,MINIMUM_SPEED_PROXY,,1784377337.0,16.53761193501559,16.413705532482712,45.62109433034056,45.63007117258343,40.31369433034056,0.6846515763925206,5.3074,longitudinal projection with calibrated combined center-to-contact offset,238.00301551818848,241.831288,266.5250301361084,275.742296,284.257976,3.828272481811524,24.693742136108398,17.732945863891587,379.50197082312013,663.7599468231201,663.7599468231201,DIRECT_AFTER_CONTROL,10.981713388056498,9.928506729186836,10.977004418567345,-0.004708969489152892,29.331980942284062,25.602413889749815,27.436746425143713,3-D Localization displacement from effective brake onset to post-t2 minimum-speed sample,9.16218614578247,4.109649859588466,21.945291695586395,0.0004225103206080919,3.286750292006449,6.4217632702439085,179.22330389379815,5.261412663415197,0.09503151187450266,4.784159065264224,False,False,,,,,False,False,,,,,,,,,,Town04,user_fixed_experiment_condition,0.1,1300000,user_fixed_experiment_condition; raw count not archived in run directory,112.62547969818115,8.878985489605418,92,0,154.44302558898926,0,0.0,STATIC,248.12236750660597,264.2740726470947,282.4915552139281,305.39846420288086,0,47,27,27,1784377327.058797,214935,LIMITED_NO_DUAL_CLOCK_HISTORY,,False,D:\data\300ms\202607182021\log\perception.log.INFO.20260718-201910.429820,D:\data\300ms\202607182021\log\planning.log.INFO.20260718-201905.429764,D:\data\300ms\202607182021\log\localization.log.INFO.20260718-201904.429743,,,"[""SCB_EVIDENCE_MISSING""]",27.47129956538779,27.887624536460695,6.0,analysis fallback required by the current experiment plan; runtime planning stop distance was not archived,-4.139318623103726,-4.139318623103726,1.8606813768962738,-4.139318623103726,0.0,0.38857301883313344,0.7513823545205924,-0.2751869279899867,-0.25029723997449843,321.61498069763184,311.56086921691895,202607171706,5.318941385327913,1.179622762224187,1.179622762224187,7.179622762224187,True,True,LOW,trapezoidal integration over pre-brake speed history
delay_300ms,300.0,202607182026,D:\data\300ms\202607182026,ANALYZED,19,"[""19""]",Planning STOP目标与静态连续Fusion目标一致,MEDIUM_HIGH,1784377589.368748,1784377589.6418,1784377589.6492162,1784377589.660594,1784377589.664625,1784377589.6699378,1784377590.051013,1784377592.765196,1784377592.765196,1784377596.661044,AVAILABLE,MINIMUM_SPEED_PROXY,,1784377599.0,14.768547172157003,16.377975395071985,45.79184858910491,45.797410610489635,40.48444858910491,0.3324129827511151,5.3074,longitudinal projection with calibrated combined center-to-contact offset,273.0519771575928,280.46824000000004,291.84603691101074,298.88363200000003,301.189936,7.416262842407264,11.377796911010705,9.343899088989247,381.075107258667,682.265043258667,682.265043258667,DIRECT_AFTER_CONTROL,10.860222371672322,9.564038799539272,10.076063475279362,-0.7841588963929595,29.624226217432586,25.66205957120119,29.144148844704763,3-D Localization displacement from effective brake onset to post-t2 minimum-speed sample,6.610030889511108,3.162246526755324,23.297296288895122,2.1963672260469656e-06,2.316041842939748,7.157979842895083,158.61140957979117,5.226355220970045,0.09566896601168964,5.259073534950734,False,False,,,,,False,False,,,,,,,,,,Town04,user_fixed_experiment_condition,0.1,1300000,user_fixed_experiment_condition; raw count not archived in run directory,111.7100715637207,8.951744332466824,60,1,204.08010482788086,0,204.08010482788086,STATIC,250.83481304107173,267.3318862915039,274.594943523407,279.8428535461426,0,41,29,29,1784377589.662874,24672,LIMITED_NO_DUAL_CLOCK_HISTORY,,False,D:\data\300ms\202607182026\log\perception.log.INFO.20260718-202435.493217,D:\data\300ms\202607182026\log\planning.log.INFO.20260718-202429.493212,D:\data\300ms\202607182026\log\localization.log.INFO.20260718-202428.493204,,,"[""SCB_EVIDENCE_MISSING""]",27.35182807123393,22.240342868753462,6.0,analysis fallback required by the current experiment plan; runtime planning stop distance was not archived,-3.7276018538013425,-3.7276018538013425,2.2723981461986575,-3.7276018538013425,0.0,0.8290663650000142,1.2353351692404029,0.1468013217413472,-0.25240139130468797,340.1200771331787,314.8219585418701,202607171738,5.56331975074225,1.8357178969409071,1.8357178969409071,7.835717896940907,True,True,LOW,trapezoidal integration over pre-brake speed history
delay_300ms,300.0,202607182029,D:\data\300ms\202607182029,ANALYZED,21,"[""21""]",Planning STOP目标与静态连续Fusion目标一致,MEDIUM_HIGH,1784377800.016195,1784377800.252927,1784377800.2562835,1784377800.26628,1784377800.269158,1784377800.2823064,1784377800.67265,1784377804.584655,1784377803.223984,1784377807.702731,AVAILABLE,MINIMUM_SPEED_PROXY,,1784377808.0,15.249347291250235,16.2816546929833,46.274748221716095,46.275713497807686,40.967348221716094,0.12196739466904871,5.3074,longitudinal projection with calibrated combined center-to-contact offset,236.73200607299805,240.088552,250.08487701416016,256.0226,266.11136799999997,3.356545927001946,9.996325014160163,16.026490985839814,390.3436719780274,656.4550399780273,656.4550399780273,DIRECT_AFTER_CONTROL,10.532431313183926,9.638711039261212,10.010510885716496,-0.5219204274674301,30.434916908532166,25.516600422034628,27.26499108455762,3-D Localization displacement from effective brake onset to post-t2 minimum-speed sample,7.030080795288086,4.439514518294806,21.711469088969643,0.00045498481428115966,3.6562089593157703,7.923443603156829,192.24141981513168,5.19450622647653,0.09625553964137867,5.812398426751618,False,False,,,,,False,False,,,,,,,,,,Town04,user_fixed_experiment_condition,0.1,1300000,user_fixed_experiment_condition; raw count not archived in run directory,111.48619651794434,8.969720299311174,75,0,148.4699249267578,0,0.0,STATIC,247.06747397840263,263.1681203842163,279.46827411651606,302.39343643188477,0,72,27,27,1784377800.267905,320798,LIMITED_NO_DUAL_CLOCK_HISTORY,,False,D:\data\300ms\202607182029\log\perception.log.INFO.20260718-202731.521704,D:\data\300ms\202607182029\log\planning.log.INFO.20260718-202724.521645,D:\data\300ms\202607182029\log\localization.log.INFO.20260718-202723.521625,,,"[""SCB_EVIDENCE_MISSING""]",27.03105579181708,23.712013835593854,6.0,analysis fallback required by the current experiment plan; runtime planning stop distance was not archived,-2.5961388832849153,-2.5961388832849153,3.4038611167150847,-2.5961388832849153,0.0,0.7380863043613887,1.1315457676029845,0.08163126438336132,-0.1702459019196531,314.31007385253906,289.01195526123047,202607171738,5.12842447565663,2.532285592371715,2.532285592371715,8.532285592371714,True,True,LOW,trapezoidal integration over pre-brake speed history
delay_400ms,400.0,202607191727,D:\data\400ms\202607191727,ANALYZED,55,"[""55""]",CARLA碰撞目标history经y轴转换后与Apollo Fusion目标多帧匹配,HIGH,1784453385.099384,1784453385.382656,1784453385.3864532,1784453385.397549,1784453385.401696,1784453385.4092076,1784453385.908652,,,,NOT_APPLICABLE_COLLISION,COLLISION,1784453391.1800988,1784453398.0,15.665205869054772,17.02074043913645,44.74187465712616,44.74687068741241,39.43447465712616,0.08189787963195427,5.3074,longitudinal projection with calibrated combined center-to-contact offset,283.27202796936035,287.069112,298.16484451293945,305.463992,309.82360800000004,3.7970840306396667,11.095732512939435,11.658763487060583,499.4443897416992,809.2679977416992,809.2679977416992,DIRECT_AFTER_CONTROL,13.520071559319716,11.695762789345567,12.677349787861472,-0.842721771458244,25.914403097806442,,,speed-time trapezoidal path length to collision,5.271446704864502,5.06856230039155,21.96064534933276,0.07873937578302756,3.7222536993589284,9.622732404244518,140.05063566610417,,,,True,True,4.02646213319393,8650.919764707654,34.99043906035577,5.271446704864502,True,True,400.0,420.41484,300.00000447034836,3.0,-173.65970611572266,15.0,20.0,20.43449430709782,1.0,Town04,CARLA_collision_event,0.1,1300000,user_fixed_experiment_condition; raw count not archived in run directory,113.3430004119873,8.822776848725796,25,0,179.89420890808105,0,0.0,STATIC,252.8070042763589,269.4106101989746,289.0031623840333,328.29761505126953,0,59,33,32,1784453385.399814,868062,TIME_ALIGNMENT_UNCERTAIN,78.84705066680908,True,D:\data\400ms\202607191727\log\perception.log.INFO.20260719-172527.2297811,D:\data\400ms\202607191727\log\planning.log.INFO.20260719-172520.2297807,D:\data\400ms\202607191727\log\localization.log.INFO.20260719-172519.2297799,D:\data\400ms\202607191727\log\scb_control_delay_20260719172457_208755.csv,D:\data\400ms\202607191727\log\carla_collision_events_20260719172951.csv,[],29.54083909236264,25.022928938061956,6.0,analysis fallback required by the current experiment plan; runtime planning stop distance was not archived,-9.626435994556196,-9.626435994556196,-3.6264359945561964,-9.626435994556196,0.0,0.5369572407395212,0.9199716773293697,-0.272310757002178,-0.6145106598038631,467.12303161621094,481.13012313842773,202607171703,7.958672264085386,-1.66776373047081,-1.66776373047081,4.33223626952919,False,True,MEDIUM,trapezoidal integration over pre-brake speed history
delay_400ms,400.0,202607191734,D:\data\400ms\202607191734,ATTRIBUTION_INVALID,39,"[""39""]",Planning STOP目标与静态连续Fusion目标一致,MEDIUM_HIGH,1784453761.129286,1784453761.393008,1784453761.3969107,1784453761.403985,1784453761.406852,1784453761.418446,,,,,MISSING,,,1784453772.0,15.164059720826309,,45.41333359580508,45.51624979872947,40.10593359580508,3.055218311642544,5.3074,longitudinal projection with calibrated combined center-to-contact offset,263.7219429016113,267.624696,274.69897270202637,280.329336,289.15995999999996,3.9027530983886436,7.0742767020263955,14.460987297973588,,,0.0,MATERIAL_DECELERATION_ALREADY_ACTIVE_BEFORE_TARGET_CONTROL,,,,,,,,,,,,,,,,,,,False,False,,,,,True,True,400.0,401.336415,400.0000059604645,4.0,-128.69372963905334,15.0,20.0,20.018223664378418,1.0,Town04,user_fixed_experiment_condition,0.1,1300000,user_fixed_experiment_condition; raw count not archived in run directory,109.26103591918945,9.152393546219074,70,1,213.5629653930664,0,213.5629653930664,STATIC,250.76556306489758,267.5877809524536,281.5166759490966,306.5779209136963,0,30,13,13,1784453761.405651,463050,LIMITED_NO_DUAL_CLOCK_HISTORY,,False,D:\data\400ms\202607191734\log\perception.log.INFO.20260719-173232.2353098,D:\data\400ms\202607191734\log\planning.log.INFO.20260719-173227.2353074,D:\data\400ms\202607191734\log\localization.log.INFO.20260719-173225.2353066,D:\data\400ms\202607191734\log\scb_control_delay_20260719173206_633321.csv,,[],,23.44751927435536,6.0,analysis fallback required by the current experiment plan; runtime planning stop distance was not archived,,,,,,0.7028734071003069,1.0985458134651804,,,,,202607171726,,,,,,,MEDIUM,
delay_400ms,400.0,202607191739,D:\data\400ms\202607191739,ANALYZED,3,"[""3""]",CARLA碰撞目标history经y轴转换后与Apollo Fusion目标多帧匹配,HIGH,1784454000.707728,1784454001.521813,1784454001.5252228,1784454001.531819,1784454001.535084,1784454001.5439372,1784454002.040529,,,,NOT_APPLICABLE_COLLISION,COLLISION,1784454003.4392097,1784454011.0,17.33576230373031,17.767725461876704,44.16140441001601,44.162944382202426,38.85400441001601,0.14189635981447424,5.3074,longitudinal projection with calibrated combined center-to-contact offset,814.0850067138672,817.494888,824.0911960601807,829.6981840000001,836.209192,3.4098812861327588,6.596308060180718,12.117995939819366,496.5919115919189,1332.801103591919,1332.801103591919,DIRECT_AFTER_CONTROL,23.597934755050844,21.255394212189497,23.105123130018942,-0.49281162503190146,15.256069654965167,,,speed-time trapezoidal path length to collision,1.3986806869506836,3.8301979008469615,6.3871105568759345,2.882110654962378,3.581026358102637,5.089817503993304,32.85273225389507,,,,True,True,12.836811399533543,26205.42936220183,20.901130186283176,1.3986806869506836,True,True,400.0,413.313528,400.0000059604645,4.0,0.8386321067810059,15.0,20.0,29.271092762757082,1.0,Town04,CARLA_collision_event,0.1,1300000,user_fixed_experiment_condition; raw count not archived in run directory,109.50303077697754,9.132167328196408,21,0,230.87811470031738,0,0.0,STATIC,976.4103281956452,2015.842604637146,2077.3453283309937,2090.604782104492,122,33,18,18,1784454001.53356,68808,TIME_ALIGNMENT_UNCERTAIN,38.1389856338501,False,D:\data\400ms\202607191739\log\perception.log.INFO.20260719-173849.2407216,D:\data\400ms\202607191739\log\planning.log.INFO.20260719-173843.2407192,D:\data\400ms\202607191739\log\localization.log.INFO.20260719-173842.2407184,D:\data\400ms\202607191739\log\scb_control_delay_20260719173822_900002.csv,D:\data\400ms\202607191739\log\carla_collision_events_20260719174003.csv,[],32.1906391249704,30.644448963100004,6.0,analysis fallback required by the current experiment plan; runtime planning stop distance was not archived,-22.934569470005236,-22.934569470005236,-16.934569470005236,-22.934569470005236,0.0,0.1274564918579066,0.4735618372633936,-1.2053446117340123,-1.3229628480237166,990.6561374664307,980.6020259857178,202607171706,17.607550852971556,-5.32701861703368,-5.32701861703368,0.67298138296632,False,True,MEDIUM,trapezoidal integration over pre-brake speed history
delay_400ms,400.0,202607201555,D:\data\400ms\202607201555,ANALYZED,29,"[""29""]",Planning STOP目标与静态连续Fusion目标一致,MEDIUM_HIGH,1784534200.091477,1784534200.438794,1784534200.4435477,1784534200.450832,1784534200.453778,1784534200.467076,1784534200.983835,1784534205.046248,1784534205.046248,1784534208.273604,AVAILABLE,MINIMUM_SPEED_PROXY,,1784534211.0,16.138151239747437,15.914818320200972,44.87905414845961,44.88497238821693,39.57165414845961,0.6567839805634093,5.3074,longitudinal projection with calibrated combined center-to-contact offset,347.3169803619385,352.070744,359.35497283935547,365.201912,375.599192,4.753763638061514,7.284228839355478,16.244219160644548,516.7588726514892,892.3580646514893,892.3580646514893,DIRECT_AFTER_CONTROL,14.385017750817712,8.06186430289047,14.401009407354055,0.015991656536343157,25.186636397641898,22.98010657009302,42.68135602417432,3-D Localization displacement from effective brake onset to post-t2 minimum-speed sample,7.289768934249878,3.5491580408455565,12.422153376185966,0.5680322475651054,2.5678300185817027,8.544634906176348,54.37866947046351,5.510884847127565,0.09072953144005806,8.532413782238592,False,False,,,,,True,True,400.0,402.224121,200.00000298023224,2.0,-106.610506772995,15.0,20.0,20.21513645919222,1.0,Town04,user_fixed_experiment_condition,0.1,1300000,user_fixed_experiment_condition; raw count not archived in run directory,185.07122993469238,5.403324981159299,43,0,228.08003425598145,0,0.0,STATIC,368.407230199494,395.7261323928833,437.8575658798219,502.12812423706055,1,141,45,45,1784534160.685961,39290,LIMITED_NO_DUAL_CLOCK_HISTORY,,False,D:\data\400ms\202607201555\log\perception.log.INFO.20260720-155211.107034,D:\data\400ms\202607201555\log\planning.log.INFO.20260720-155206.107008,D:\data\400ms\202607201555\log\localization.log.INFO.20260720-155205.107000,D:\data\400ms\202607201555\log\scb_control_delay_20260720155142_879465.csv,,[],25.82672270212666,26.556662333125004,6.0,analysis fallback required by the current experiment plan; runtime planning stop distance was not archived,-6.640086304484761,-6.640086304484761,-0.6400863044847611,-6.640086304484761,0.0,0.4346837324251268,0.8064735310745724,-0.45767433222636245,-0.4114527250265551,550.213098526001,540.1589870452881,202607171706,8.859403670221068,2.2193173657363072,2.2193173657363072,8.219317365736307,True,True,MEDIUM,trapezoidal integration over pre-brake speed history
delay_400ms,400.0,202607201611,D:\data\400ms\202607201611,ANALYZED,44,"[""44""]",CARLA碰撞目标history经y轴转换后与Apollo Fusion目标多帧匹配,HIGH,1784535189.159472,1784535189.431401,1784535189.4353461,1784535189.452118,1784535189.456796,1784535189.462061,1784535190.070097,,,,NOT_APPLICABLE_COLLISION,COLLISION,1784535192.6289203,1784535199.0,15.993071036592054,17.976151245026646,45.04050836615297,45.052230528221195,39.73310836615297,0.3816671019182156,5.3074,longitudinal projection with calibrated combined center-to-contact offset,271.9290256500244,275.874096,292.6459312438965,300.435664,302.58904,3.9450703499755946,16.771835243896476,9.943108756103527,608.0359409265136,910.6249809265137,910.6249809265137,DIRECT_AFTER_CONTROL,15.563856945526556,13.676916409061818,14.563690007653019,-1.0001669378735372,24.169251420626413,,,speed-time trapezoidal path length to collision,2.558823347091675,4.10072264900343,9.806586584625698,2.9376975483368626,3.680535068811058,5.60980088370945,74.10307125676069,,,,True,True,7.95057164633153,16586.991958872542,33.28502403843619,2.558823347091675,True,True,400.0,402.911557,300.00000447034836,3.0,-187.43510937690735,15.0,20.0,20.17046773589672,1.0,Town04,CARLA_collision_event,0.1,1300000,user_fixed_experiment_condition; raw count not archived in run directory,108.90042781829834,9.182700380833323,23,0,148.51903915405273,0,0.0,STATIC,245.06736570788968,262.63675689697266,285.6967782974244,304.46553230285645,0,56,28,27,1784535189.454644,506336,TIME_ALIGNMENT_UNCERTAIN,88.89412879943848,False,D:\data\400ms\202607201611\log\perception.log.INFO.20260720-160849.232203,D:\data\400ms\202607201611\log\planning.log.INFO.20260720-160843.232181,D:\data\400ms\202607201611\log\localization.log.INFO.20260720-160842.232173,D:\data\400ms\202607201611\log\scb_control_delay_20260720160820_089097.csv,D:\data\400ms\202607201611\log\carla_collision_events_20260720161312.csv,[],32.95029871476234,26.081325650641347,6.0,analysis fallback required by the current experiment plan; runtime planning stop distance was not archived,-14.781047294135927,-14.781047294135927,-8.781047294135927,-14.781047294135927,0.0,0.4784436146131276,0.8536060825514012,-0.43218136631338605,-0.9242156969300628,568.4800148010254,580.7530879974365,202607171721,9.99560272725779,-4.785444566878137,-4.785444566878137,1.2145554331218626,False,True,MEDIUM,trapezoidal integration over pre-brake speed history
