frame_index,trace_id,parent_trace_id,data_ts_ns,data_time_sec,target_present,frame_status,perception_ms,prediction_ms,planning_ms,e2e_ms,perception_threshold_ms,prediction_threshold_ms,planning_threshold_ms,e2e_threshold_ms,e2e_deadline_miss,perception_deadline_miss,prediction_deadline_miss,planning_deadline_miss,cause_modules,e2e_overrun_ms,perception_overrun_ms,prediction_overrun_ms,planning_overrun_ms,perception_to_prediction_handoff_ms,prediction_to_planning_handoff_ms,perception_start_mono_ns,perception_output_mono_ns,prediction_start_mono_ns,prediction_output_mono_ns,planning_start_mono_ns,planning_output_mono_ns,input_seq,output_seq,object_count
1,17294084154085868691,72319179021091994,1783690721792439552,1783690721.7924395,1,COMPLETE,83.095008,18.027264,49.900352,151.481728,90.0,6.403471,41.557888,140.0,1,0,1,1,prediction;planning,11.481728000000004,0.0,11.623793,8.342464,0.141824,0.31728,1339504309280,1339587404288,1339587546112,1339605573376,1339605890656,1339655791008,0,1178,1
2,17294084154085868692,72319179021091995,1783690721898170338,1783690721.8981705,1,COMPLETE,82.954368,4.830816,55.937824,144.050144,90.0,6.403471,41.557888,140.0,1,0,0,1,planning,4.050143999999989,0.0,0.0,14.379936,0.140384,0.186752,1339609269792,1339692224160,1339692364544,1339697195360,1339697382112,1339753319936,0,1179,1
3,17294084154085868693,72319179021091996,1783690722004003636,1783690722.0040035,1,COMPLETE,83.374208,4.254944,44.81072,134.698496,90.0,6.403471,41.557888,140.0,0,0,0,1,,0.0,0.0,0.0,3.252832000000005,0.193856,2.064768,1339715167424,1339798541632,1339798735488,1339802990432,1339805055200,1339849865920,0,1180,1
4,17294084154085868694,72319179021091997,1783690722093004164,1783690722.0930042,1,COMPLETE,86.034272,2.875808,66.302208,155.635808,90.0,6.403471,41.557888,140.0,1,0,0,1,planning,15.635807999999997,0.0,0.0,24.744319999999995,0.127552,0.295968,1339806005184,1339892039456,1339892167008,1339895042816,1339895338784,1339961640992,0,1181,1
5,17294084154085868695,72319179021091998,1783690722192593431,1783690722.1925933,1,COMPLETE,85.193728,4.513792,46.523872,136.541408,90.0,6.403471,41.557888,140.0,0,0,0,1,,0.0,0.0,0.0,4.965983999999999,0.096768,0.213248,1339903654464,1339988848192,1339988944960,1339993458752,1339993672000,1340040195872,0,1182,1
6,17294084154085868696,72319179021091999,1783690722291924310,1783690722.2919242,1,COMPLETE,78.752448,5.970752,34.902016,119.922848,90.0,6.403471,41.557888,140.0,0,0,0,0,,0.0,0.0,0.0,0.0,0.113664,0.183968,1340003796704,1340082549152,1340082662816,1340088633568,1340088817536,1340123719552,0,1183,1
7,17294084154085868697,72319179021092000,1783690722392558241,1783690722.3925583,1,COMPLETE,81.316608,4.412256,32.332544,118.393824,90.0,6.403471,41.557888,140.0,0,0,0,0,,0.0,0.0,0.0,0.0,0.216384,0.116032,1340121566048,1340202882656,1340203099040,1340207511296,1340207627328,1340239959872,0,1184,1
8,17294084154085868698,72319179021092001,1783690722493099810,1783690722.4930997,1,COMPLETE,82.243424,4.962272,52.381568,139.978048,90.0,6.403471,41.557888,140.0,0,0,0,1,,0.0,0.0,0.0,10.823680000000003,0.130304,0.26048,1340209984896,1340292228320,1340292358624,1340297320896,1340297581376,1340349962944,0,1185,1
9,17294084154085868699,72319179021092002,1783690722593590355,1783690722.5935903,1,COMPLETE,83.096192,7.129088,52.984192,143.550304,90.0,6.403471,41.557888,140.0,1,0,1,1,prediction;planning,3.5503040000000112,0.0,0.7256170000000006,11.426304000000002,0.137312,0.20352,1340305368896,1340388465088,1340388602400,1340395731488,1340395935008,1340448919200,0,1186,1
10,17294084154085868700,72319179021092003,1783690722694043889,1783690722.6940439,1,COMPLETE,85.293728,3.236,41.642656,130.540736,90.0,6.403471,41.557888,140.0,0,0,0,1,,0.0,0.0,0.0,0.08476800000000395,0.118272,0.25008,1340408879008,1340494172736,1340494291008,1340497527008,1340497777088,1340539419744,0,1187,2
11,17294084154085868701,72319179021092004,1783690722791984157,1783690722.791984,1,COMPLETE,84.305184,3.70064,44.797664,138.335264,90.0,6.403471,41.557888,140.0,0,0,0,1,,0.0,0.0,0.0,3.239775999999999,5.345024,0.186752,1340507194976,1340591500160,1340596845184,1340600545824,1340600732576,1340645530240,0,1188,1
12,17294084154085868702,72319179021092005,1783690722892891629,1783690722.8928916,1,COMPLETE,82.688672,3.697408,39.969056,126.675552,90.0,6.403471,41.557888,140.0,0,0,0,0,,0.0,0.0,0.0,0.0,0.0736,0.246816,1340604064896,1340686753568,1340686827168,1340690524576,1340690771392,1340730740448,0,1189,2
13,17294084154085868703,72319179021092006,1783690722992359427,1783690722.9923594,1,COMPLETE,85.201248,3.757568,43.173344,132.592704,90.0,6.403471,41.557888,140.0,0,0,0,1,,0.0,0.0,0.0,1.6154560000000018,0.144864,0.31568,1340704319680,1340789520928,1340789665792,1340793423360,1340793739040,1340836912384,0,1190,2
14,17294084154085868704,72319179021092007,1783690723092607699,1783690723.0926077,1,COMPLETE,87.05168,3.214336,41.05392,131.805472,90.0,6.403471,41.557888,140.0,0,0,0,0,,0.0,0.0,0.0,0.0,0.0992,0.386336,1340805075392,1340892127072,1340892226272,1340895440608,1340895826944,1340936880864,0,1191,2
15,17294084154085868705,72319179021092008,1783690723192525831,1783690723.1925259,0,COMPLETE,86.582688,4.421728,36.566656,128.091104,90.0,6.403471,41.557888,140.0,0,0,0,0,,0.0,0.0,0.0,0.0,0.19504,0.324992,1340914903200,1341001485888,1341001680928,1341006102656,1341006427648,1341042994304,0,1192,1
16,17294084154085868706,72319179021092009,1783690723292203291,1783690723.2922032,0,COMPLETE,84.832832,2.71824,27.718368,115.527744,90.0,6.403471,41.557888,140.0,0,0,0,0,,0.0,0.0,0.0,0.0,0.127328,0.130976,1341004539296,1341089372128,1341089499456,1341092217696,1341092348672,1341120067040,0,1193,0
17,17294084154085868707,72319179021092010,1783690723392046490,1783690723.3920467,0,COMPLETE,80.433888,3.185184,35.050528,118.9688,90.0,6.403471,41.557888,140.0,0,0,0,0,,0.0,0.0,0.0,0.0,0.167808,0.131392,1341103570816,1341184004704,1341184172512,1341187357696,1341187489088,1341222539616,0,1194,0
18,17294084154085868708,72319179021092011,1783690723491953779,1783690723.4919536,0,COMPLETE,81.497344,3.80208,23.16976,108.842368,90.0,6.403471,41.557888,140.0,0,0,0,0,,0.0,0.0,0.0,0.0,0.134752,0.238432,1341203513024,1341285010368,1341285145120,1341288947200,1341289185632,1341312355392,0,1195,1
19,17294084154085868709,72319179021092012,1783690723591890461,1783690723.5918903,0,COMPLETE,79.073184,3.846432,63.236128,146.6024,90.0,6.403471,41.557888,140.0,1,0,0,1,planning,6.602399999999989,0.0,0.0,21.678240000000002,0.131008,0.315648,1341310265600,1341389338784,1341389469792,1341393316224,1341393631872,1341456868000,0,1196,1
20,17294084154085868710,72319179021092013,1783690723691832402,1783690723.6918323,0,COMPLETE,86.751072,3.477856,39.817824,131.941664,90.0,6.403471,41.557888,140.0,0,0,0,0,,0.0,0.0,0.0,0.0,0.083456,1.811456,1341402889696,1341489640768,1341489724224,1341493202080,1341495013536,1341534831360,0,1197,0
21,17294084154085868711,72319179021092014,1783690723792313625,1783690723.7923136,0,COMPLETE,88.0144,4.368672,24.785728,117.565536,90.0,6.403471,41.557888,140.0,0,0,0,0,,0.0,0.0,0.0,0.0,0.182944,0.213792,1341504909440,1341592923840,1341593106784,1341597475456,1341597689248,1341622474976,0,1198,1
22,17294084154085868712,72319179021092015,1783690723893207297,1783690723.8932073,0,COMPLETE,83.517664,3.730976,34.704704,123.27712,90.0,6.403471,41.557888,140.0,0,0,0,0,,0.0,0.0,0.0,0.0,0.09008,1.233696,1341604298368,1341687816032,1341687906112,1341691637088,1341692870784,1341727575488,0,1199,0
23,17294084154085868713,72319179021092016,1783690723992978374,1783690723.9929783,1,COMPLETE,86.645504,4.34384,50.475168,143.743296,90.0,6.403471,41.557888,140.0,1,0,0,1,planning,3.7432959999999866,0.0,0.0,8.917279999999998,0.1952,2.083584,1341703633824,1341790279328,1341790474528,1341794818368,1341796901952,1341847377120,0,1200,1
24,17294084154085868714,72319179021092017,1783690724092059846,1783690724.0920599,0,COMPLETE,88.155392,4.988448,17.590368,111.128224,90.0,6.403471,41.557888,140.0,0,0,0,0,,0.0,0.0,0.0,0.0,0.183936,0.21008,1341808041984,1341896197376,1341896381312,1341901369760,1341901579840,1341919170208,0,1201,1
25,17294084154085868715,72319179021092018,1783690724191434517,1783690724.1914344,0,COMPLETE,81.72176,4.236096,60.719872,147.049472,90.0,6.403471,41.557888,140.0,1,0,0,1,planning,7.049472000000009,0.0,0.0,19.161984000000004,0.148704,0.22304,1341901957312,1341983679072,1341983827776,1341988063872,1341988286912,1342049006784,0,1202,1
26,17294084154085868716,72319179021092019,1783690724290866411,1783690724.2908664,0,COMPLETE,82.529504,4.16032,24.852064,111.903744,90.0,6.403471,41.557888,140.0,0,0,0,0,,0.0,0.0,0.0,0.0,0.167648,0.194208,1342002338112,1342084867616,1342085035264,1342089195584,1342089389792,1342114241856,0,1203,0
27,17294084154085868717,72319179021092020,1783690724394481586,1783690724.3944817,0,COMPLETE,78.911136,3.268192,13.867424,96.42336,90.0,6.403471,41.557888,140.0,0,0,0,0,,0.0,0.0,0.0,0.0,0.157792,0.218816,1342105192640,1342184103776,1342184261568,1342187529760,1342187748576,1342201616000,0,1204,1
28,17294084154085868718,72319179021092021,1783690724493289922,1783690724.49329,0,COMPLETE,80.411104,4.684928,17.453088,102.950656,90.0,6.403471,41.557888,140.0,0,0,0,0,,0.0,0.0,0.0,0.0,0.192096,0.20944,1342222224768,1342302635872,1342302827968,1342307512896,1342307722336,1342325175424,0,1205,1
29,17294084154085868719,72319179021092022,1783690724592215757,1783690724.5922158,0,COMPLETE,82.227904,4.90112,39.4112,126.960576,90.0,6.403471,41.557888,140.0,0,0,0,0,,0.0,0.0,0.0,0.0,0.221344,0.199008,1342302137056,1342384364960,1342384586304,1342389487424,1342389686432,1342429097632,0,1206,1
30,17294084154085868720,72319179021092023,1783690724695306281,1783690724.6953063,0,COMPLETE,81.062816,6.959072,33.225696,121.580128,90.0,6.403471,41.557888,140.0,0,0,1,0,,0.0,0.0,0.5556010000000002,0.0,0.12192,0.210624,1342409206976,1342490269792,1342490391712,1342497350784,1342497561408,1342530787104,0,1207,2
31,17294084154085868721,72319179021092024,1783690724792815339,1783690724.7928154,0,COMPLETE,83.709696,7.286976,34.23248,125.647616,90.0,6.403471,41.557888,140.0,0,0,1,0,,0.0,0.0,0.8835050000000004,0.0,0.15184,0.266624,1342505358432,1342589068128,1342589219968,1342596506944,1342596773568,1342631006048,0,1208,2
32,17294084154085868722,72319179021092025,1783690724891762297,1783690724.8917623,0,COMPLETE,84.222784,6.16064,30.029792,120.769152,90.0,6.403471,41.557888,140.0,0,0,0,0,,0.0,0.0,0.0,0.0,0.146144,0.209792,1342603066464,1342687289248,1342687435392,1342693596032,1342693805824,1342723835616,0,1209,1
33,17294084154085868723,72319179021092026,1783690724992999012,1783690724.9929988,0,COMPLETE,82.92624,4.21728,42.698208,130.22864,90.0,6.403471,41.557888,140.0,0,0,0,1,,0.0,0.0,0.0,1.1403200000000027,0.163456,0.223456,1342703757120,1342786683360,1342786846816,1342791064096,1342791287552,1342833985760,0,1210,1
34,17294084154085868724,72319179021092027,1783690725092994133,1783690725.092994,0,COMPLETE,83.14064,4.614048,16.282944,104.399584,90.0,6.403471,41.557888,140.0,0,0,0,0,,0.0,0.0,0.0,0.0,0.233472,0.12848,1342809343040,1342892483680,1342892717152,1342897331200,1342897459680,1342913742624,0,1211,1
35,17294084154085868725,72319179021092028,1783690725193141973,1783690725.193142,0,COMPLETE,81.23904,4.225088,50.910368,136.805792,90.0,6.403471,41.557888,140.0,0,0,0,1,,0.0,0.0,0.0,9.35248,0.244416,0.18688,1342903045120,1342984284160,1342984528576,1342988753664,1342988940544,1343039850912,0,1212,1
36,17294084154085868726,72319179021092029,1783690725292277193,1783690725.2922773,0,COMPLETE,82.641792,3.049472,34.86992,120.82224,90.0,6.403471,41.557888,140.0,0,0,0,0,,0.0,0.0,0.0,0.0,0.123904,0.137152,1343004096960,1343086738752,1343086862656,1343089912128,1343090049280,1343124919200,0,1213,1
37,17294084154085868727,72319179021092030,1783690725391676863,1783690725.391677,0,COMPLETE,83.180416,3.816352,41.284928,128.972896,90.0,6.403471,41.557888,140.0,0,0,0,0,,0.0,0.0,0.0,0.0,0.150208,0.540992,1343101781984,1343184962400,1343185112608,1343188928960,1343189469952,1343230754880,0,1214,1
38,17294084154085868728,72319179021092031,1783690725491101038,1783690725.491101,0,COMPLETE,81.101856,4.208384,43.995648,129.815616,90.0,6.403471,41.557888,140.0,0,0,0,1,,0.0,0.0,0.0,2.4377600000000044,0.2896,0.220128,1343201541888,1343282643744,1343282933344,1343287141728,1343287361856,1343331357504,0,1215,1
39,17294084154085868729,72319179021092032,1783690725592299284,1783690725.5922992,0,COMPLETE,84.379712,4.238048,31.498176,120.768288,90.0,6.403471,41.557888,140.0,0,0,0,0,,0.0,0.0,0.0,0.0,0.271904,0.380448,1343333676928,1343418056640,1343418328544,1343422566592,1343422947040,1343454445216,0,1216,1
40,17294084154085868730,72319179021092033,1783690725693092303,1783690725.6930923,0,COMPLETE,85.89552,4.921664,32.608992,123.783328,90.0,6.403471,41.557888,140.0,0,0,0,0,,0.0,0.0,0.0,0.0,0.163008,0.194144,1343404802752,1343490698272,1343490861280,1343495782944,1343495977088,1343528586080,0,1217,1
41,17294084154085868731,72319179021092034,1783690725791585840,1783690725.7915857,0,COMPLETE,84.784448,3.815392,44.787328,133.7888,90.0,6.403471,41.557888,140.0,0,0,0,1,,0.0,0.0,0.0,3.229440000000004,0.205312,0.19632,1343501694592,1343586479040,1343586684352,1343590499744,1343590696064,1343635483392,0,1218,0
42,17294084154085868732,72319179021092035,1783690725892247508,1783690725.8922474,0,COMPLETE,85.775968,6.31216,20.952768,113.452448,90.0,6.403471,41.557888,140.0,0,0,0,0,,0.0,0.0,0.0,0.0,0.159648,0.251904,1343602987296,1343688763264,1343688922912,1343695235072,1343695486976,1343716439744,0,1219,2
43,17294084154085868733,72319179021092036,1783690725991956951,1783690725.991957,0,COMPLETE,79.786656,4.419072,23.411456,108.050752,90.0,6.403471,41.557888,140.0,0,0,0,0,,0.0,0.0,0.0,0.0,0.169472,0.264096,1343702846304,1343782632960,1343782802432,1343787221504,1343787485600,1343810897056,0,1220,2
44,17294084154085868734,72319179021092037,1783690726092637667,1783690726.0926378,0,COMPLETE,87.272832,5.026848,23.896096,116.522784,90.0,6.403471,41.557888,140.0,0,0,0,0,,0.0,0.0,0.0,0.0,0.118432,0.208576,1343803449440,1343890722272,1343890840704,1343895867552,1343896076128,1343919972224,0,1221,2
45,17294084154085868735,72319179021092038,1783690726192572796,1783690726.1925726,0,COMPLETE,83.414592,3.717056,23.929504,111.361728,90.0,6.403471,41.557888,140.0,0,0,0,0,,0.0,0.0,0.0,0.0,0.154624,0.145952,1343902423168,1343985837760,1343985992384,1343989709440,1343989855392,1344013784896,0,1222,2
46,17294084154085868736,72319179021092039,1783690726292367719,1783690726.2923677,0,COMPLETE,82.685024,7.502272,25.954464,116.48192,90.0,6.403471,41.557888,140.0,0,0,1,0,,0.0,0.0,1.098801,0.0,0.152672,0.187488,1344002951264,1344085636288,1344085788960,1344093291232,1344093478720,1344119433184,0,1223,1
47,17294084154085868737,72319179021092040,1783690726391893208,1783690726.3918931,0,COMPLETE,80.164,4.45376,33.332608,118.409664,90.0,6.403471,41.557888,140.0,0,0,0,0,,0.0,0.0,0.0,0.0,0.2712,0.188096,1344103068416,1344183232416,1344183503616,1344187957376,1344188145472,1344221478080,0,1224,2
48,17294084154085868738,72319179021092041,1783690726492885610,1783690726.4928856,0,COMPLETE,82.307808,3.054912,15.72464,101.611872,90.0,6.403471,41.557888,140.0,0,0,0,0,,0.0,0.0,0.0,0.0,0.350272,0.17424,1344204739840,1344287047648,1344287397920,1344290452832,1344290627072,1344306351712,0,1225,1
49,17294084154085868739,72319179021092042,1783690726593329696,1783690726.5933297,0,COMPLETE,79.920832,3.809088,22.89216,106.880768,90.0,6.403471,41.557888,140.0,0,0,0,0,,0.0,0.0,0.0,0.0,0.126208,0.13248,1344302897728,1344382818560,1344382944768,1344386753856,1344386886336,1344409778496,0,1226,1
50,17294084154085868740,72319179021092043,1783690726692102262,1783690726.6921022,0,COMPLETE,84.930304,4.68336,22.25168,112.177184,90.0,6.403471,41.557888,140.0,0,0,0,0,,0.0,0.0,0.0,0.0,0.068704,0.243136,1344402773184,1344487703488,1344487772192,1344492455552,1344492698688,1344514950368,0,1227,2
51,17294084154085868741,72319179021092044,1783690726791516265,1783690726.791516,0,COMPLETE,83.631744,4.526016,36.506944,124.96288,90.0,6.403471,41.557888,140.0,0,0,0,0,,0.0,0.0,0.0,0.0,0.036672,0.261504,1344501091168,1344584722912,1344584759584,1344589285600,1344589547104,1344626054048,0,1228,2
52,17294084154085868742,72319179021092045,1783690726892874054,1783690726.892874,0,COMPLETE,86.693312,5.843104,21.037504,113.832768,90.0,6.403471,41.557888,140.0,0,0,0,0,,0.0,0.0,0.0,0.0,0.045504,0.213344,1344603732864,1344690426176,1344690471680,1344696314784,1344696528128,1344717565632,0,1229,3
53,17294084154085868743,72319179021092046,1783690726991939237,1783690726.9919393,0,COMPLETE,91.279328,4.231136,34.59744,130.314688,90.0,6.403471,41.557888,140.0,0,1,0,0,,0.0,1.2793280000000067,0.0,0.0,0.027872,0.178912,1344703088448,1344794367776,1344794395648,1344798626784,1344798805696,1344833403136,0,1230,2
54,17294084154085868744,72319179021092047,1783690727091760993,1783690727.0917609,0,COMPLETE,87.393184,7.966848,33.96416,129.664192,90.0,6.403471,41.557888,140.0,0,0,1,0,,0.0,0.0,1.563377,0.0,0.122624,0.217376,1344802229376,1344889622560,1344889745184,1344897712032,1344897929408,1344931893568,0,1231,1
55,17294084154085868745,72319179021092048,1783690727192035423,1783690727.1920354,0,COMPLETE,82.856736,6.118912,31.54224,120.88464,90.0,6.403471,41.557888,140.0,0,0,0,0,,0.0,0.0,0.0,0.0,0.17344,0.193312,1344901623936,1344984480672,1344984654112,1344990773024,1344990966336,1345022508576,0,1232,0
56,17294084154085868746,72319179021092049,1783690727291286446,1783690727.2912865,0,COMPLETE,83.592224,7.318464,35.402752,126.716096,90.0,6.403471,41.557888,140.0,0,0,1,0,,0.0,0.0,0.914993,0.0,0.2264,0.176256,1345002492032,1345086084256,1345086310656,1345093629120,1345093805376,1345129208128,0,1233,1
57,17294084154085868747,72319179021092050,1783690727392036981,1783690727.392037,0,COMPLETE,80.585888,4.187968,19.083616,104.115776,90.0,6.403471,41.557888,140.0,0,0,0,0,,0.0,0.0,0.0,0.0,0.118176,0.140128,1345102485472,1345183071360,1345183189536,1345187377504,1345187517632,1345206601248,0,1234,1
58,17294084154085868748,72319179021092051,1783690727492160649,1783690727.4921608,0,COMPLETE,80.195584,2.909664,26.431328,110.841952,90.0,6.403471,41.557888,140.0,0,0,0,0,,0.0,0.0,0.0,0.0,0.110176,1.1952,1345204461984,1345284657568,1345284767744,1345287677408,1345288872608,1345315303936,0,1235,1
59,17294084154085868749,72319179021092052,1783690727592293412,1783690727.5922933,0,COMPLETE,82.908608,3.806752,36.184608,123.221984,90.0,6.403471,41.557888,140.0,0,0,0,0,,0.0,0.0,0.0,0.0,0.192832,0.129184,1345315970848,1345398879456,1345399072288,1345402879040,1345403008224,1345439192832,0,1236,0
60,17294084154085868750,72319179021092053,1783690727692412449,1783690727.6924124,0,COMPLETE,83.969312,8.015776,40.759808,133.172864,90.0,6.403471,41.557888,140.0,0,0,1,0,,0.0,0.0,1.612305000000001,0.0,0.148512,0.279456,1345405139456,1345489108768,1345489257280,1345497273056,1345497552512,1345538312320,0,1237,1
61,17294084154085868751,72319179021092054,1783690727793447425,1783690727.7934475,0,COMPLETE,87.231072,7.037664,39.174528,133.782176,90.0,6.403471,41.557888,140.0,0,0,1,0,,0.0,0.0,0.6341930000000007,0.0,0.121632,0.21728,1345503000192,1345590231264,1345590352896,1345597390560,1345597607840,1345636782368,0,1238,1
62,17294084154085868752,72319179021092055,1783690727892781194,1783690727.8927813,0,COMPLETE,83.583168,4.016928,34.387072,122.267776,90.0,6.403471,41.557888,140.0,0,0,0,0,,0.0,0.0,0.0,0.0,0.037664,0.242944,1345603356512,1345686939680,1345686977344,1345690994272,1345691237216,1345725624288,0,1239,2
63,17294084154085868753,72319179021092056,1783690727992624591,1783690727.9926245,0,COMPLETE,86.85152,4.783296,36.990912,130.560032,90.0,6.403471,41.557888,140.0,0,0,0,0,,0.0,0.0,0.0,0.0,0.184608,1.749696,1345703191360,1345790042880,1345790227488,1345795010784,1345796760480,1345833751392,0,1240,1
64,17294084154085868754,72319179021092057,1783690728091875761,1783690728.0918758,0,COMPLETE,86.72448,4.959328,42.788,134.957408,90.0,6.403471,41.557888,140.0,0,0,0,1,,0.0,0.0,0.0,1.2301119999999983,0.197696,0.287904,1345803675168,1345890399648,1345890597344,1345895556672,1345895844576,1345938632576,0,1241,2
65,17294084154085868755,72319179021092058,1783690728193643126,1783690728.193643,0,COMPLETE,84.763392,4.415712,33.984448,125.57008,90.0,6.403471,41.557888,140.0,0,0,0,0,,0.0,0.0,0.0,0.0,0.312992,2.093536,1345904046848,1345988810240,1345989123232,1345993538944,1345995632480,1346029616928,0,1242,1
66,17294084154085868756,72319179021092059,1783690728291429956,1783690728.29143,0,COMPLETE,84.105632,4.704288,47.337504,136.415104,90.0,6.403471,41.557888,140.0,0,0,0,1,,0.0,0.0,0.0,5.779616000000004,0.055136,0.212544,1346006852032,1346090957664,1346091012800,1346095717088,1346095929632,1346143267136,0,1243,2
67,17294084154085868757,72319179021092060,1783690728392291611,1783690728.3922915,0,COMPLETE,83.255104,3.20352,28.25232,115.080032,90.0,6.403471,41.557888,140.0,0,0,0,0,,0.0,0.0,0.0,0.0,0.129824,0.239264,1346101993408,1346185248512,1346185378336,1346188581856,1346188821120,1346217073440,0,1244,1
68,17294084154085868758,72319179021092061,1783690728492275261,1783690728.4922752,0,COMPLETE,84.062176,3.453728,43.2824,131.124288,90.0,6.403471,41.557888,140.0,0,0,0,1,,0.0,0.0,0.0,1.7245120000000043,0.095168,0.230816,1346203060000,1346287122176,1346287217344,1346290671072,1346290901888,1346334184288,0,1245,2
69,17294084154085868759,72319179021092062,1783690728591676466,1783690728.5916765,0,COMPLETE,83.219008,7.531168,47.605408,138.689408,90.0,6.403471,41.557888,140.0,0,0,1,1,,0.0,0.0,1.1276970000000004,6.047519999999999,0.152736,0.181088,1346302721088,1346385940096,1346386092832,1346393624000,1346393805088,1346441410496,0,1246,2
70,17294084154085868760,72319179021092063,1783690728693080182,1783690728.69308,0,COMPLETE,81.190304,4.770688,60.590592,147.301248,90.0,6.403471,41.557888,140.0,1,0,0,1,planning,7.301247999999987,0.0,0.0,19.032704000000003,0.371904,0.37776,1346433655136,1346514845440,1346515217344,1346519988032,1346520365792,1346580956384,0,1247,1
71,17294084154085868761,72319179021092064,1783690728791634363,1783690728.7916343,0,COMPLETE,83.121952,4.261312,44.064224,131.71776,90.0,6.403471,41.557888,140.0,0,0,0,1,,0.0,0.0,0.0,2.5063360000000046,0.071904,0.198368,1346502319040,1346585440992,1346585512896,1346589774208,1346589972576,1346634036800,0,1248,2
72,17294084154085868762,72319179021092065,1783690728892211145,1783690728.8922112,0,COMPLETE,83.887328,8.120256,60.742016,153.069408,90.0,6.403471,41.557888,140.0,1,0,1,1,prediction;planning,13.06940800000001,0.0,1.7167849999999998,19.184128,0.183936,0.135872,1346603793920,1346687681248,1346687865184,1346695985440,1346696121312,1346756863328,0,1249,2
73,17294084154085868763,72319179021092066,1783690728991057930,1783690728.9910579,0,COMPLETE,83.653824,7.141024,28.012736,119.146016,90.0,6.403471,41.557888,140.0,0,0,1,0,,0.0,0.0,0.7375530000000001,0.0,0.164608,0.173824,1346703106912,1346786760736,1346786925344,1346794066368,1346794240192,1346822252928,0,1250,2
74,17294084154085868764,72319179021092067,1783690729092600354,1783690729.0926003,0,COMPLETE,83.145952,4.770688,52.548992,140.86624,90.0,6.403471,41.557888,140.0,1,0,0,1,planning,0.8662400000000048,0.0,0.0,10.991104,0.164288,0.23632,1346805234432,1346888380384,1346888544672,1346893315360,1346893551680,1346946100672,0,1251,2
75,17294084154085868765,72319179021092068,1783690729191229009,1783690729.1912289,0,COMPLETE,82.717344,6.588384,35.530272,125.398848,90.0,6.403471,41.557888,140.0,0,0,1,0,,0.0,0.0,0.18491299999999988,0.0,0.275872,0.286976,1346903851712,1346986569056,1346986844928,1346993433312,1346993720288,1347029250560,0,1252,1
76,17294084154085868766,72319179021092069,1783690729292037268,1783690729.2920375,0,COMPLETE,82.99152,4.277984,50.144896,138.033344,90.0,6.403471,41.557888,140.0,0,0,0,1,,0.0,0.0,0.0,8.587008000000004,0.404544,0.2144,1347001901216,1347084892736,1347085297280,1347089575264,1347089789664,1347139934560,0,1253,1
77,17294084154085868767,72319179021092070,1783690729392304133,1783690729.3923042,0,COMPLETE,81.836608,3.045472,33.506816,118.795488,90.0,6.403471,41.557888,140.0,0,0,0,0,,0.0,0.0,0.0,0.0,0.147328,0.259264,1347110400960,1347192237568,1347192384896,1347195430368,1347195689632,1347229196448,0,1254,1
78,17294084154085868768,72319179021092071,1783690729492345322,1783690729.4923453,0,COMPLETE,80.489408,4.873632,35.8112,121.5816,90.0,6.403471,41.557888,140.0,0,0,0,0,,0.0,0.0,0.0,0.0,0.126208,0.281152,1347202685376,1347283174784,1347283300992,1347288174624,1347288455776,1347324266976,0,1255,1
79,17294084154085868769,72319179021092072,1783690729591443643,1783690729.5914438,0,COMPLETE,81.335456,4.273536,40.867328,126.83152,90.0,6.403471,41.557888,140.0,0,0,0,0,,0.0,0.0,0.0,0.0,0.181824,0.173376,1347302271360,1347383606816,1347383788640,1347388062176,1347388235552,1347429102880,0,1256,1
80,17294084154085868770,72319179021092073,1783690729692102553,1783690729.6921027,0,COMPLETE,83.042688,5.902304,54.466912,143.911552,90.0,6.403471,41.557888,140.0,1,0,0,1,planning,3.9115520000000004,0.0,0.0,12.909024000000002,0.267168,0.23248,1347401437568,1347484480256,1347484747424,1347490649728,1347490882208,1347545349120,0,1257,1
81,17294084154085868771,72319179021092074,1783690729792364455,1783690729.7923646,0,COMPLETE,86.540864,4.721568,41.722144,133.319296,90.0,6.403471,41.557888,140.0,0,0,0,1,,0.0,0.0,0.0,0.16425600000000173,0.16448,0.17024,1347502356768,1347588897632,1347589062112,1347593783680,1347593953920,1347635676064,0,1258,2
82,17294084154085868772,72319179021092075,1783690729891197734,1783690729.8911977,0,COMPLETE,84.54384,6.44784,45.963584,137.268032,90.0,6.403471,41.557888,140.0,0,0,1,1,,0.0,0.0,0.04436900000000055,4.405695999999999,0.080896,0.231872,1347602578912,1347687122752,1347687203648,1347693651488,1347693883360,1347739846944,0,1259,2
83,17294084154085868773,72319179021092076,1783690729991082871,1783690729.9910827,0,COMPLETE,82.544448,4.508896,49.531712,136.891904,90.0,6.403471,41.557888,140.0,0,0,0,1,,0.0,0.0,0.0,7.9738240000000005,0.12832,0.178528,1347699997728,1347782542176,1347782670496,1347787179392,1347787357920,1347836889632,0,1260,1
84,17294084154085868774,72319179021092077,1783690730091672647,1783690730.0916727,0,COMPLETE,79.190752,4.535808,73.502016,157.79984,90.0,6.403471,41.557888,140.0,1,0,0,1,planning,17.79983999999999,0.0,0.0,31.944128,0.265184,0.30608,1347803113600,1347882304352,1347882569536,1347887105344,1347887411424,1347960913440,0,1261,2
85,17294084154085868775,72319179021092078,1783690730195784718,1783690730.1957848,0,COMPLETE,87.78528,4.501152,52.376352,148.352416,90.0,6.403471,41.557888,140.0,1,0,0,1,planning,8.352416000000005,0.0,0.0,10.818463999999999,1.091488,2.598144,1347906368000,1347994153280,1347995244768,1347999745920,1348002344064,1348054720416,0,1262,2
86,17294084154085868776,72319179021092079,1783690730294199133,1783690730.294199,0,COMPLETE,88.623744,5.31328,57.677088,151.986016,90.0,6.403471,41.557888,140.0,1,0,0,1,planning,11.986016000000006,0.0,0.0,16.1192,0.132,0.239904,1348003756256,1348092380000,1348092512000,1348097825280,1348098065184,1348155742272,0,1263,2
87,17294084154085868777,72319179021092080,1783690730391612737,1783690730.3916128,0,COMPLETE,82.768384,8.345344,60.524384,152.11712,90.0,6.403471,41.557888,140.0,1,0,1,1,prediction;planning,12.11712,0.0,1.941873000000001,18.966496,0.20496,0.274048,1348101645600,1348184413984,1348184618944,1348192964288,1348193238336,1348253762720,0,1264,3
88,17294084154085868778,72319179021092081,1783690730490972213,1783690730.490972,0,COMPLETE,81.467168,3.475296,61.638848,146.848608,90.0,6.403471,41.557888,140.0,1,0,0,1,planning,6.848608000000013,0.0,0.0,20.080960000000005,0.115808,0.151488,1348202095808,1348283562976,1348283678784,1348287154080,1348287305568,1348348944416,0,1265,1
89,17294084154085868779,72319179021092082,1783690730592033527,1783690730.5920336,0,COMPLETE,82.457216,3.425472,61.813984,148.1536,90.0,6.403471,41.557888,140.0,1,0,0,1,planning,8.153600000000012,0.0,0.0,20.256096,0.246816,0.210112,1348302628416,1348385085632,1348385332448,1348388757920,1348388968032,1348450782016,0,1266,1
90,17294084154085868780,72319179021092083,1783690730692010931,1783690730.692011,0,COMPLETE,79.246272,5.742304,47.599232,132.945696,90.0,6.403471,41.557888,140.0,0,0,0,1,,0.0,0.0,0.0,6.041344000000002,0.169888,0.188,1348401538976,1348480785248,1348480955136,1348486697440,1348486885440,1348534484672,0,1267,1
91,17294084154085868781,72319179021092084,1783690730791120453,1783690730.7911203,0,COMPLETE,76.834368,4.561568,56.59648,138.814624,90.0,6.403471,41.557888,140.0,0,0,0,1,,0.0,0.0,0.0,15.038592000000001,0.146624,0.675584,1348502864384,1348579698752,1348579845376,1348584406944,1348585082528,1348641679008,0,1268,1
92,17294084154085868782,72319179021092085,1783690730891883612,1783690730.8918836,0,COMPLETE,78.73232,4.649184,49.880224,133.64432,90.0,6.403471,41.557888,140.0,0,0,0,1,,0.0,0.0,0.0,8.322336,0.179808,0.202784,1348601700096,1348680432416,1348680612224,1348685261408,1348685464192,1348735344416,0,1269,1
93,17294084154085868783,72319179021092086,1783690730990963946,1783690730.990964,0,COMPLETE,87.266976,5.460768,47.878848,140.970624,90.0,6.403471,41.557888,140.0,1,0,0,1,planning,0.9706239999999866,0.0,0.0,6.3209599999999995,0.133472,0.23056,1348700701664,1348787968640,1348788102112,1348793562880,1348793793440,1348841672288,0,1270,1
94,17294084154085868784,72319179021092087,1783690731091001414,1783690731.0910013,0,COMPLETE,89.430048,3.78464,61.451328,156.79632,90.0,6.403471,41.557888,140.0,1,0,0,1,planning,16.79632000000001,0.0,0.0,19.89344,0.08496,2.045344,1348800849696,1348890279744,1348890364704,1348894149344,1348896194688,1348957646016,0,1271,2
95,17294084154085868785,72319179021092088,1783690731190387613,1783690731.1903877,0,COMPLETE,83.855072,4.494752,55.195424,146.180928,90.0,6.403471,41.557888,140.0,1,0,0,1,planning,6.180927999999994,0.0,0.0,13.637536000000004,0.081568,2.554112,1348901659648,1348985514720,1348985596288,1348990091040,1348992645152,1349047840576,0,1272,1
96,17294084154085868786,72319179021092089,1783690731291566659,1783690731.2915666,0,COMPLETE,81.251072,4.377408,48.75728,135.930912,90.0,6.403471,41.557888,140.0,0,0,0,1,,0.0,0.0,0.0,7.199392000000003,0.173984,1.371168,1349001589792,1349082840864,1349083014848,1349087392256,1349088763424,1349137520704,0,1273,1
97,17294084154085868787,72319179021092090,1783690731389998450,1783690731.3899984,0,COMPLETE,81.836192,4.669184,51.200992,138.087456,90.0,6.403471,41.557888,140.0,0,0,0,1,,0.0,0.0,0.0,9.643104000000001,0.157472,0.223616,1349102901472,1349184737664,1349184895136,1349189564320,1349189787936,1349240988928,0,1274,1
98,17294084154085868788,72319179021092091,1783690731490068190,1783690731.4900682,0,COMPLETE,81.103552,3.630976,62.260832,148.623264,90.0,6.403471,41.557888,140.0,1,0,0,1,planning,8.623264000000006,0.0,0.0,20.702944000000002,0.112096,1.515808,1349200367552,1349281471104,1349281583200,1349285214176,1349286729984,1349348990816,0,1275,1
99,17294084154085868789,72319179021092092,1783690731590270244,1783690731.5902703,0,COMPLETE,83.516352,6.769568,46.639008,137.216448,90.0,6.403471,41.557888,140.0,0,0,1,1,,0.0,0.0,0.3660969999999999,5.0811199999999985,0.101792,0.189728,1349300275840,1349383792192,1349383893984,1349390663552,1349390853280,1349437492288,0,1276,1
100,17294084154085868790,72319179021092093,1783690731691722188,1783690731.6917222,0,COMPLETE,77.211808,4.222016,59.36272,141.099392,90.0,6.403471,41.557888,140.0,1,0,0,1,planning,1.0993919999999946,0.0,0.0,17.804832000000005,0.150368,0.15248,1349401348672,1349478560480,1349478710848,1349482932864,1349483085344,1349542448064,0,1277,1
101,17294084154085868791,72319179021092094,1783690731790291608,1783690731.7902918,0,COMPLETE,80.657824,4.27984,47.331136,132.615904,90.0,6.403471,41.557888,140.0,0,0,0,1,,0.0,0.0,0.0,5.773248000000002,0.140128,0.206976,1349500981216,1349581639040,1349581779168,1349586059008,1349586265984,1349633597120,0,1278,1
102,17294084154085868792,72319179021092095,1783690731891118048,1783690731.891118,0,COMPLETE,81.467744,3.526592,46.159424,131.46512,90.0,6.403471,41.557888,140.0,0,0,0,1,,0.0,0.0,0.0,4.601536000000003,0.116704,0.194656,1349601093792,1349682561536,1349682678240,1349686204832,1349686399488,1349732558912,0,1279,1
103,17294084154085868793,72319179021092096,1783690731991055915,1783690731.991056,0,COMPLETE,81.237888,4.438496,56.090208,141.94832,90.0,6.403471,41.557888,140.0,1,0,0,1,planning,1.9483199999999954,0.0,0.0,14.532319999999999,,0.193472,1349702106656,1349783344544,1349783332800,1349787771296,1349787964768,1349844054976,0,1280,1
104,17294084154085868794,72319179021092097,1783690732089820175,1783690732.0898201,0,COMPLETE,83.818208,4.141056,70.705056,158.939776,90.0,6.403471,41.557888,140.0,1,0,0,1,planning,18.939775999999995,0.0,0.0,29.147168,0.080288,0.195168,1349799506144,1349883324352,1349883404640,1349887545696,1349887740864,1349958445920,0,1281,1
105,17294084154085868795,72319179021092098,1783690732190323712,1783690732.1903238,0,COMPLETE,78.28736,4.528128,56.445888,139.705312,90.0,6.403471,41.557888,140.0,0,0,0,1,,0.0,0.0,0.0,14.887999999999998,0.183584,0.260352,1349899215552,1349977502912,1349977686496,1349982214624,1349982474976,1350038920864,0,1282,1
106,17294084154085868796,72319179021092099,1783690732290024316,1783690732.2900243,0,COMPLETE,77.533856,4.573344,67.17648,149.79424,90.0,6.403471,41.557888,140.0,1,0,0,1,planning,9.794240000000002,0.0,0.0,25.618592,0.162048,0.348512,1349999995392,1350077529248,1350077691296,1350082264640,1350082613152,1350149789632,0,1283,1
107,17294084154085868797,72319179021092100,1783690732390520013,1783690732.39052,0,COMPLETE,76.8568,4.322816,45.865792,127.347712,90.0,6.403471,41.557888,140.0,0,0,0,1,,0.0,0.0,0.0,4.307904000000001,0.050368,0.251936,1350099439008,1350176295808,1350176346176,1350180668992,1350180920928,1350226786720,0,1284,1
108,17294084154085868798,72319179021092101,1783690732490358649,1783690732.4903586,0,COMPLETE,72.699936,4.801312,46.775104,124.582816,90.0,6.403471,41.557888,140.0,0,0,0,1,,0.0,0.0,0.0,5.2172160000000005,0.13952,0.166944,1350199559456,1350272259392,1350272398912,1350277200224,1350277367168,1350324142272,0,1285,1
109,17294084154085868799,72319179021092102,1783690732589956258,1783690732.5899563,0,COMPLETE,71.206144,4.031648,63.959328,139.63984,90.0,6.403471,41.557888,140.0,0,0,0,1,,0.0,0.0,0.0,22.40144,0.177088,0.265632,1350307603104,1350378809248,1350378986336,1350383017984,1350383283616,1350447242944,0,1286,1
110,17294084154085868800,72319179021092103,1783690732690886251,1783690732.6908863,0,COMPLETE,77.824544,6.974912,63.989184,149.158368,90.0,6.403471,41.557888,140.0,1,0,1,1,prediction;planning,9.158367999999996,0.0,0.5714410000000001,22.431296000000003,0.071968,0.29776,1350399957152,1350477781696,1350477853664,1350484828576,1350485126336,1350549115520,0,1287,2
111,17294084154085868801,72319179021092104,1783690732790947101,1783690732.790947,0,COMPLETE,79.723008,4.823264,51.77536,136.614816,90.0,6.403471,41.557888,140.0,0,0,0,1,,0.0,0.0,0.0,10.217472,0.068896,0.224288,1350502145984,1350581868992,1350581937888,1350586761152,1350586985440,1350638760800,0,1288,2
