frame,host_tid,symbol,dso,sample_count,sample_ratio
601,1016510,[unknown],/usr/lib/aarch64-linux-gnu/tegra/libcuda.so.1.1,1,0.250000000
601,1016510,paddle::experimental::detail::HasAllocation@plt,/opt/apollo/neo/packages/3rd-paddleinference/9.0.0-rc1-r1/lib/libpaddle_inference.so,1,0.250000000
601,1016510,"std::_Function_base::_Base_manager<std::_Bind<cudnn::backend::analyze_result_t (*(std::_Placeholder<1>, cudnnConvolutionFwdAlgo_t, bool))(cudnn::backend::ExecutionPlan const&, cudnnConvolutionFwdAlgo_t, bool)> >::_M_manager",/usr/lib/aarch64-linux-gnu/libcudnn_cnn_infer.so.8.6.0,1,0.250000000
601,1016510,"std::_Hashtable<std::__cxx11::basic_string<char, std::char_traits<char>, std::allocator<char> >, std::pair<std::__cxx11::basic_string<char, std::char_traits<char>, std::allocator<char> > const, std::unique_ptr<paddle::framework::Variable, std::default_delete<paddle::framework::Variable> > >, std::allocator<std::pair<std::__cxx11::basic_string<char, std::char_traits<char>, std::allocator<char> > const, std::unique_ptr<paddle::framework::Variable, std::default_delete<paddle::framework::Variable> > > >, std::__detail::_Select1st, std::equal_to<std::__cxx11::basic_string<char, std::char_traits<char>, std::allocator<char> > >, paddle::framework::Scope::KeyHasher, std::__detail::_Mod_range_hashing, std::__detail::_Default_ranged_hash, std::__detail::_Prime_rehash_policy, std::__detail::_Hashtable_traits<true, false, true> >::find",/opt/apollo/neo/packages/3rd-paddleinference/9.0.0-rc1-r1/lib/libpaddle_inference.so,1,0.250000000
602,1016511,operator new,inlined,1,0.500000000
602,1016511,"std::_Rb_tree<std::pair<unsigned long, void*>, std::pair<std::pair<unsigned long, void*> const, std::_List_iterator<paddle::memory::allocation::AutoGrowthBestFitAllocator::Block> >, std::_Select1st<std::pair<std::pair<unsigned long, void*> const, std::_List_iterator<paddle::memory::allocation::AutoGrowthBestFitAllocator::Block> > >, std::less<std::pair<unsigned long, void*> >, std::allocator<std::pair<std::pair<unsigned long, void*> const, std::_List_iterator<paddle::memory::allocation::AutoGrowthBestFitAllocator::Block> > > >::equal_range",/opt/apollo/neo/packages/3rd-paddleinference/9.0.0-rc1-r1/lib/libpaddle_inference.so,1,0.500000000
603,1016505,[unknown],/usr/lib/aarch64-linux-gnu/tegra/libnvrm_gpu.so,1,0.250000000
603,1016505,paddle::AnalysisPredictor::CollectShapeRangeInfo,/opt/apollo/neo/packages/3rd-paddleinference/9.0.0-rc1-r1/lib/libpaddle_inference.so,1,0.250000000
603,1016505,paddle::platform::RecordEvent::End,/opt/apollo/neo/packages/3rd-paddleinference/9.0.0-rc1-r1/lib/libpaddle_inference.so,1,0.250000000
603,1016505,phi::RWLock::RDLock,/opt/apollo/neo/packages/3rd-paddleinference/9.0.0-rc1-r1/lib/libpaddle_inference.so,1,0.250000000
604,1016508,[unknown],/usr/lib/aarch64-linux-gnu/tegra/libcuda.so.1.1,2,0.666666667
604,1016508,"std::_Rb_tree<std::__cxx11::basic_string<char, std::char_traits<char>, std::allocator<char> >, std::pair<std::__cxx11::basic_string<char, std::char_traits<char>, std::allocator<char> > const, std::vector<paddle::framework::Variable*, std::allocator<paddle::framework::Variable*> > >, std::_Select1st<std::pair<std::__cxx11::basic_string<char, std::char_traits<char>, std::allocator<char> > const, std::vector<paddle::framework::Variable*, std::allocator<paddle::framework::Variable*> > > >, std::less<std::__cxx11::basic_string<char, std::char_traits<char>, std::allocator<char> > >, std::allocator<std::pair<std::__cxx11::basic_string<char, std::char_traits<char>, std::allocator<char> > const, std::vector<paddle::framework::Variable*, std::allocator<paddle::framework::Variable*> > > > >::_M_emplace_hint_unique<std::piecewise_construct_t const&, std::tuple<std::__cxx11::basic_string<char, std::char_traits<char>, std::allocator<char> > const&>, std::tuple<> >",/opt/apollo/neo/packages/3rd-paddleinference/9.0.0-rc1-r1/lib/libpaddle_inference.so,1,0.333333333
605,1016508,cudnn::cnn::GeneralizedConvolutionEngine<cudnn::cnn::EngineContainer<(cudnnBackendEngineName_t)34> >::initSupported,/usr/lib/aarch64-linux-gnu/libcudnn_cnn_infer.so.8.6.0,1,0.333333333
605,1016508,pthread_rwlock_unlock@plt,/opt/apollo/neo/packages/3rd-paddleinference/9.0.0-rc1-r1/lib/libpaddle_inference.so,1,0.333333333
605,1016508,"std::_Hashtable<std::__cxx11::basic_string<char, std::char_traits<char>, std::allocator<char> >, std::pair<std::__cxx11::basic_string<char, std::char_traits<char>, std::allocator<char> > const, std::unique_ptr<paddle::framework::Variable, std::default_delete<paddle::framework::Variable> > >, std::allocator<std::pair<std::__cxx11::basic_string<char, std::char_traits<char>, std::allocator<char> > const, std::unique_ptr<paddle::framework::Variable, std::default_delete<paddle::framework::Variable> > > >, std::__detail::_Select1st, std::equal_to<std::__cxx11::basic_string<char, std::char_traits<char>, std::allocator<char> > >, paddle::framework::Scope::KeyHasher, std::__detail::_Mod_range_hashing, std::__detail::_Default_ranged_hash, std::__detail::_Prime_rehash_policy, std::__detail::_Hashtable_traits<true, false, true> >::find",/opt/apollo/neo/packages/3rd-paddleinference/9.0.0-rc1-r1/lib/libpaddle_inference.so,1,0.333333333
606,1016503,[unknown],/usr/lib/aarch64-linux-gnu/tegra/libcuda.so.1.1,1,0.333333333
606,1016503,"std::_Hashtable<std::__cxx11::basic_string<char, std::char_traits<char>, std::allocator<char> >, std::pair<std::__cxx11::basic_string<char, std::char_traits<char>, std::allocator<char> > const, std::unique_ptr<paddle::framework::Variable, std::default_delete<paddle::framework::Variable> > >, std::allocator<std::pair<std::__cxx11::basic_string<char, std::char_traits<char>, std::allocator<char> > const, std::unique_ptr<paddle::framework::Variable, std::default_delete<paddle::framework::Variable> > > >, std::__detail::_Select1st, std::equal_to<std::__cxx11::basic_string<char, std::char_traits<char>, std::allocator<char> > >, paddle::framework::Scope::KeyHasher, std::__detail::_Mod_range_hashing, std::__detail::_Default_ranged_hash, std::__detail::_Prime_rehash_policy, std::__detail::_Hashtable_traits<true, false, true> >::find",/opt/apollo/neo/packages/3rd-paddleinference/9.0.0-rc1-r1/lib/libpaddle_inference.so,1,0.333333333
606,1016503,tcmalloc::SLL_TryPop,inlined,1,0.333333333
607,1016500,__GI___pthread_once,inlined,1,0.250000000
607,1016500,cudnn::backend::ExecutionPlan::setEngineConfig,/usr/lib/aarch64-linux-gnu/libcudnn_cnn_infer.so.8.6.0,1,0.250000000
607,1016500,phi::DenseTensor::ShareDataWith,/opt/apollo/neo/packages/3rd-paddleinference/9.0.0-rc1-r1/lib/libpaddle_inference.so,1,0.250000000
607,1016500,"std::vector<paddle::experimental::Tensor, std::allocator<paddle::experimental::Tensor> >::operator[]",/opt/apollo/neo/packages/3rd-centerpoint-infer-op/9.0.0-rc1-r1/lib/libpd_infer_custom_op.so,1,0.250000000
608,1016500,cask_cudnn::Convolution::isConsistent,/usr/lib/aarch64-linux-gnu/libcudnn_cnn_infer.so.8.6.0,1,0.500000000
608,1016500,"paddle::framework::OperatorWithKernel::PrepareData(paddle::framework::Scope const&, paddle::framework::OpKernelType const&, std::vector<std::__cxx11::basic_string<char, std::char_traits<char>, std::allocator<char> >, std::allocator<std::__cxx11::basic_string<char, std::char_traits<char>, std::allocator<char> > > >*, paddle::framework::RuntimeContext*) const::{lambda(std::__cxx11::basic_string<char, std::char_traits<char>, std::allocator<char> > const&, std::vector<paddle::framework::Variable*, std::allocator<paddle::framework::Variable*> >*, phi::TensorArgDef const*, bool)#1}::operator()",/opt/apollo/neo/packages/3rd-paddleinference/9.0.0-rc1-r1/lib/libpaddle_inference.so,1,0.500000000
609,1016510,[unknown],/usr/lib/aarch64-linux-gnu/libc-2.31.so,1,0.333333333
609,1016510,cudaSetDevice,/usr/local/cuda-11.4/targets/aarch64-linux/lib/libcudart.so.11.4.298,1,0.333333333
609,1016510,cudnn::cnn::GenericConvolution::ConvolutionParams::isCompleteFP32,/usr/lib/aarch64-linux-gnu/libcudnn_cnn_infer.so.8.6.0,1,0.333333333
610,1016502,[unknown],/usr/lib/aarch64-linux-gnu/libcudnn_cnn_infer.so.8.6.0,1,0.333333333
610,1016502,[unknown],/usr/lib/aarch64-linux-gnu/tegra/libcuda.so.1.1,1,0.333333333
610,1016502,[unknown],/usr/local/cuda-11.4/targets/aarch64-linux/lib/libcudart.so.11.4.298,1,0.333333333
611,1016506,__pi_clear_page,[kernel.kallsyms],6,0.240000000
611,1016506,get_page_from_freelist,[kernel.kallsyms],5,0.200000000
611,1016506,skip_ftrace_call,[kernel.kallsyms],4,0.160000000
611,1016506,[unknown],/lib/modules/5.10.120-tegra/kernel/drivers/gpu/nvgpu/nvgpu.ko,2,0.080000000
611,1016506,__pi___clean_dcache_area_poc,/lib/modules/5.10.120-tegra/kernel/drivers/video/tegra/nvmap/nvmap.ko,1,0.040000000
611,1016506,_mcount,[kernel.kallsyms],1,0.040000000
611,1016506,cudnn::backend::execute,/usr/lib/aarch64-linux-gnu/libcudnn_cnn_infer.so.8.6.0,1,0.040000000
611,1016506,el0_svc_common.constprop.0,[kernel.kallsyms],1,0.040000000
611,1016506,nvgpu_gmmu_aperture_mask,/lib/modules/5.10.120-tegra/kernel/drivers/gpu/nvgpu/nvgpu.ko,1,0.040000000
611,1016506,nvgpu_sgt_get_next,/lib/modules/5.10.120-tegra/kernel/drivers/gpu/nvgpu/nvgpu.ko,1,0.040000000
611,1016506,nvgpu_strnadd_u32,/lib/modules/5.10.120-tegra/kernel/drivers/gpu/nvgpu/nvgpu.ko,1,0.040000000
611,1016506,phi::DenseTensor::ShareDataWith,/opt/apollo/neo/packages/3rd-paddleinference/9.0.0-rc1-r1/lib/libpaddle_inference.so,1,0.040000000
613,1016506,get_page_from_freelist,[kernel.kallsyms],6,0.240000000
613,1016506,__pi_clear_page,[kernel.kallsyms],4,0.160000000
613,1016506,__pi___clean_dcache_area_poc,/lib/modules/5.10.120-tegra/kernel/drivers/video/tegra/nvmap/nvmap.ko,3,0.120000000
613,1016506,skip_ftrace_call,[kernel.kallsyms],3,0.120000000
613,1016506,[unknown],/lib/modules/5.10.120-tegra/kernel/drivers/video/tegra/nvmap/nvmap.ko,1,0.040000000
613,1016506,[unknown],/usr/lib/aarch64-linux-gnu/tegra/libcuda.so.1.1,1,0.040000000
613,1016506,__pthread_mutex_lock_full,/usr/lib/aarch64-linux-gnu/libpthread-2.31.so,1,0.040000000
613,1016506,_mcount,[kernel.kallsyms],1,0.040000000
613,1016506,nvgpu_log_dbg_impl,/lib/modules/5.10.120-tegra/kernel/drivers/gpu/nvgpu/nvgpu.ko,1,0.040000000
613,1016506,nvgpu_mem_wr32,/lib/modules/5.10.120-tegra/kernel/drivers/gpu/nvgpu/nvgpu.ko,1,0.040000000
613,1016506,nvgpu_pte_dbg_print,/lib/modules/5.10.120-tegra/kernel/drivers/gpu/nvgpu/nvgpu.ko,1,0.040000000
613,1016506,prep_new_page,[kernel.kallsyms],1,0.040000000
613,1016506,"std::_Hashtable<std::__cxx11::basic_string<char, std::char_traits<char>, std::allocator<char> >, std::pair<std::__cxx11::basic_string<char, std::char_traits<char>, std::allocator<char> > const, std::unique_ptr<paddle::framework::Variable, std::default_delete<paddle::framework::Variable> > >, std::allocator<std::pair<std::__cxx11::basic_string<char, std::char_traits<char>, std::allocator<char> > const, std::unique_ptr<paddle::framework::Variable, std::default_delete<paddle::framework::Variable> > > >, std::__detail::_Select1st, std::equal_to<std::__cxx11::basic_string<char, std::char_traits<char>, std::allocator<char> > >, paddle::framework::Scope::KeyHasher, std::__detail::_Mod_range_hashing, std::__detail::_Default_ranged_hash, std::__detail::_Prime_rehash_policy, std::__detail::_Hashtable_traits<true, false, true> >::find",/opt/apollo/neo/packages/3rd-paddleinference/9.0.0-rc1-r1/lib/libpaddle_inference.so,1,0.040000000
616,1016506,__pi_clear_page,[kernel.kallsyms],7,0.250000000
616,1016506,get_page_from_freelist,[kernel.kallsyms],5,0.178571429
616,1016506,[unknown],/lib/modules/5.10.120-tegra/kernel/drivers/gpu/nvgpu/nvgpu.ko,2,0.071428571
616,1016506,"std::_Hashtable<std::__cxx11::basic_string<char, std::char_traits<char>, std::allocator<char> >, std::pair<std::__cxx11::basic_string<char, std::char_traits<char>, std::allocator<char> > const, std::unique_ptr<paddle::framework::Variable, std::default_delete<paddle::framework::Variable> > >, std::allocator<std::pair<std::__cxx11::basic_string<char, std::char_traits<char>, std::allocator<char> > const, std::unique_ptr<paddle::framework::Variable, std::default_delete<paddle::framework::Variable> > > >, std::__detail::_Select1st, std::equal_to<std::__cxx11::basic_string<char, std::char_traits<char>, std::allocator<char> > >, paddle::framework::Scope::KeyHasher, std::__detail::_Mod_range_hashing, std::__detail::_Default_ranged_hash, std::__detail::_Prime_rehash_policy, std::__detail::_Hashtable_traits<true, false, true> >::find",/opt/apollo/neo/packages/3rd-paddleinference/9.0.0-rc1-r1/lib/libpaddle_inference.so,2,0.071428571
616,1016506,[unknown],/usr/lib/aarch64-linux-gnu/tegra/libcuda.so.1.1,1,0.035714286
616,1016506,_mcount,[kernel.kallsyms],1,0.035714286
616,1016506,gv11b_gpu_phys_addr,/lib/modules/5.10.120-tegra/kernel/drivers/gpu/nvgpu/nvgpu.ko,1,0.035714286
616,1016506,nvgpu_aperture_mask_raw,/lib/modules/5.10.120-tegra/kernel/drivers/gpu/nvgpu/nvgpu.ko,1,0.035714286
616,1016506,nvgpu_mem_get_addr,/lib/modules/5.10.120-tegra/kernel/drivers/gpu/nvgpu/nvgpu.ko,1,0.035714286
616,1016506,nvgpu_mem_get_addr_sgl,/lib/modules/5.10.120-tegra/kernel/drivers/gpu/nvgpu/nvgpu.ko,1,0.035714286
616,1016506,nvgpu_pd_write,/lib/modules/5.10.120-tegra/kernel/drivers/gpu/nvgpu/nvgpu.ko,1,0.035714286
616,1016506,nvgpu_sgt_get_ipa,/lib/modules/5.10.120-tegra/kernel/drivers/gpu/nvgpu/nvgpu.ko,1,0.035714286
616,1016506,prep_new_page,[kernel.kallsyms],1,0.035714286
616,1016506,should_fail_alloc_page,[kernel.kallsyms],1,0.035714286
616,1016506,skip_ftrace_call,[kernel.kallsyms],1,0.035714286
616,1016506,"std::vector<int, std::allocator<int> >::_M_assign_aux<std::_Rb_tree_const_iterator<int> >",/opt/apollo/neo/packages/3rd-paddleinference/9.0.0-rc1-r1/lib/libpaddle_inference.so,1,0.035714286
619,1016506,__pi_clear_page,[kernel.kallsyms],7,0.250000000
619,1016506,[unknown],/lib/modules/5.10.120-tegra/kernel/drivers/gpu/nvgpu/nvgpu.ko,4,0.142857143
619,1016506,__pi___clean_dcache_area_poc,/lib/modules/5.10.120-tegra/kernel/drivers/video/tegra/nvmap/nvmap.ko,4,0.142857143
619,1016506,get_page_from_freelist,[kernel.kallsyms],2,0.071428571
619,1016506,skip_ftrace_call,[kernel.kallsyms],2,0.071428571
619,1016506,[unknown],/usr/lib/aarch64-linux-gnu/tegra/libcuda.so.1.1,1,0.035714286
619,1016506,nvgpu_aperture_mask_raw,/lib/modules/5.10.120-tegra/kernel/drivers/gpu/nvgpu/nvgpu.ko,1,0.035714286
619,1016506,nvgpu_is_enabled,/lib/modules/5.10.120-tegra/kernel/drivers/gpu/nvgpu/nvgpu.ko,1,0.035714286
619,1016506,nvgpu_log_dbg_impl,/lib/modules/5.10.120-tegra/kernel/drivers/gpu/nvgpu/nvgpu.ko,1,0.035714286
619,1016506,nvgpu_rbtree_search,/lib/modules/5.10.120-tegra/kernel/drivers/gpu/nvgpu/nvgpu.ko,1,0.035714286
619,1016506,nvgpu_strnadd_u32,/lib/modules/5.10.120-tegra/kernel/drivers/gpu/nvgpu/nvgpu.ko,1,0.035714286
619,1016506,paddle::framework::OperatorBase::Info,/opt/apollo/neo/packages/3rd-paddleinference/9.0.0-rc1-r1/lib/libpaddle_inference.so,1,0.035714286
619,1016506,paddle::framework::OperatorWithKernel::RunImpl,/opt/apollo/neo/packages/3rd-paddleinference/9.0.0-rc1-r1/lib/libpaddle_inference.so,1,0.035714286
619,1016506,prep_new_page,[kernel.kallsyms],1,0.035714286
623,1016506,__pi_clear_page,[kernel.kallsyms],6,0.206896552
623,1016506,__pi___clean_dcache_area_poc,/lib/modules/5.10.120-tegra/kernel/drivers/video/tegra/nvmap/nvmap.ko,5,0.172413793
623,1016506,[unknown],/lib/modules/5.10.120-tegra/kernel/drivers/gpu/nvgpu/nvgpu.ko,4,0.137931034
623,1016506,get_page_from_freelist,[kernel.kallsyms],3,0.103448276
623,1016506,nvgpu_pd_write,/lib/modules/5.10.120-tegra/kernel/drivers/gpu/nvgpu/nvgpu.ko,2,0.068965517
623,1016506,skip_ftrace_call,[kernel.kallsyms],2,0.068965517
623,1016506,[unknown],/usr/lib/aarch64-linux-gnu/libcudnn_cnn_infer.so.8.6.0,1,0.034482759
623,1016506,[unknown],/usr/lib/aarch64-linux-gnu/tegra/libcuda.so.1.1,1,0.034482759
623,1016506,"cudnn::backend::EnginesAlgoMap<cudnnConvolutionFwdAlgo_t, 8>::getMaxWorkspaceOfAlgo",/usr/lib/aarch64-linux-gnu/libcudnn_cnn_infer.so.8.6.0,1,0.034482759
623,1016506,dma_direct_map_sg,[kernel.kallsyms],1,0.034482759
623,1016506,host1x_sync_readl,[kernel.kallsyms],1,0.034482759
623,1016506,"paddle::framework::ExtractAttribute<std::vector<int, std::allocator<int> > >::operator()",/opt/apollo/neo/packages/3rd-paddleinference/9.0.0-rc1-r1/lib/libpaddle_inference.so,1,0.034482759
623,1016506,prep_new_page,[kernel.kallsyms],1,0.034482759
626,1016506,__rcu_read_unlock,[kernel.kallsyms],1,0.250000000
626,1016506,cudnn::cnn::convolutionForward,/usr/lib/aarch64-linux-gnu/libcudnn_cnn_infer.so.8.6.0,1,0.250000000
626,1016506,phi::KernelFactory::SelectKernelOrThrowError,/opt/apollo/neo/packages/3rd-paddleinference/9.0.0-rc1-r1/lib/libpaddle_inference.so,1,0.250000000
626,1016506,tcmalloc::ThreadCache::FreeList::Push,inlined,1,0.250000000
627,1016506,[unknown],/usr/lib/aarch64-linux-gnu/tegra/libcuda.so.1.1,1,0.333333333
627,1016506,paddle::CustomOpKernelContext::InputAt,/opt/apollo/neo/packages/3rd-paddleinference/9.0.0-rc1-r1/lib/libpaddle_inference.so,1,0.333333333
627,1016506,"std::_Hashtable<std::__cxx11::basic_string<char, std::char_traits<char>, std::allocator<char> >, std::pair<std::__cxx11::basic_string<char, std::char_traits<char>, std::allocator<char> > const, std::unique_ptr<paddle::framework::Variable, std::default_delete<paddle::framework::Variable> > >, std::allocator<std::pair<std::__cxx11::basic_string<char, std::char_traits<char>, std::allocator<char> > const, std::unique_ptr<paddle::framework::Variable, std::default_delete<paddle::framework::Variable> > > >, std::__detail::_Select1st, std::equal_to<std::__cxx11::basic_string<char, std::char_traits<char>, std::allocator<char> > >, paddle::framework::Scope::KeyHasher, std::__detail::_Mod_range_hashing, std::__detail::_Default_ranged_hash, std::__detail::_Prime_rehash_policy, std::__detail::_Hashtable_traits<true, false, true> >::find",/opt/apollo/neo/packages/3rd-paddleinference/9.0.0-rc1-r1/lib/libpaddle_inference.so,1,0.333333333
628,1016506,cudnn::ops::setTensorNdDescriptor,/usr/lib/aarch64-linux-gnu/libcudnn_ops_infer.so.8.6.0,1,0.250000000
628,1016506,cudnnConvolutionForward,/usr/lib/aarch64-linux-gnu/libcudnn.so.8.6.0,1,0.250000000
628,1016506,paddle::experimental::SetKernelOutput@plt,/opt/apollo/neo/packages/3rd-paddleinference/9.0.0-rc1-r1/lib/libpaddle_inference.so,1,0.250000000
628,1016506,paddle::memory::allocation::AutoGrowthBestFitAllocator::FreeImpl,/opt/apollo/neo/packages/3rd-paddleinference/9.0.0-rc1-r1/lib/libpaddle_inference.so,1,0.250000000
629,1016506,__aarch64_swp4_rel,/usr/lib/aarch64-linux-gnu/libpthread-2.31.so,1,0.333333333
629,1016506,memcmp@plt,/opt/apollo/neo/packages/3rd-paddleinference/9.0.0-rc1-r1/lib/libpaddle_inference.so,1,0.333333333
629,1016506,"paddle::framework::ExtractAttribute<std::__cxx11::basic_string<char, std::char_traits<char>, std::allocator<char> > >::operator()@plt",/opt/apollo/neo/packages/3rd-paddleinference/9.0.0-rc1-r1/lib/libpaddle_inference.so,1,0.333333333
630,1016506,[unknown],/usr/lib/aarch64-linux-gnu/tegra/libcuda.so.1.1,1,0.333333333
630,1016506,"paddle::platform::details::SafeBoostGetConst<std::vector<int, std::allocator<int> >, paddle::variant<paddle::blank, int, float, std::__cxx11::basic_string<char, std::char_traits<char>, std::allocator<char> >, std::vector<int, std::allocator<int> >, std::vector<float, std::allocator<float> >, std::vector<std::__cxx11::basic_string<char, std::char_traits<char>, std::allocator<char> >, std::allocator<std::__cxx11::basic_string<char, std::char_traits<char>, std::allocator<char> > > >, bool, std::vector<bool, std::allocator<bool> >, paddle::framework::BlockDesc*, long, std::vector<paddle::framework::BlockDesc*, std::allocator<paddle::framework::BlockDesc*> >, std::vector<long, std::allocator<long> >, std::vector<double, std::allocator<double> >, paddle::framework::VarDesc*, std::vector<paddle::framework::VarDesc*, std::allocator<paddle::framework::VarDesc*> >, double> >@plt",/opt/apollo/neo/packages/3rd-paddleinference/9.0.0-rc1-r1/lib/libpaddle_inference.so,1,0.333333333
630,1016506,tcmalloc::SLL_TryPop,inlined,1,0.333333333
631,1016506,[unknown],/usr/lib/aarch64-linux-gnu/tegra/libcuda.so.1.1,1,0.333333333
631,1016506,cutlass_cudnn::layout::TensorNHWC::TensorNHWC,/usr/lib/aarch64-linux-gnu/libcudnn_cnn_infer.so.8.6.0,1,0.333333333
631,1016506,paddle::framework::OperatorWithKernel::BuildPhiKernelContext,/opt/apollo/neo/packages/3rd-paddleinference/9.0.0-rc1-r1/lib/libpaddle_inference.so,1,0.333333333
632,1016506,[unknown],/usr/lib/aarch64-linux-gnu/libc-2.31.so,1,0.333333333
632,1016506,[unknown],/usr/local/cuda-11.4/targets/aarch64-linux/lib/libcudart.so.11.4.298,1,0.333333333
632,1016506,memcmp,/usr/lib/aarch64-linux-gnu/libc-2.31.so,1,0.333333333
633,1016506,[unknown],/usr/lib/aarch64-linux-gnu/libcudnn_ops_infer.so.8.6.0,1,0.333333333
633,1016506,[unknown],/usr/lib/aarch64-linux-gnu/tegra/libcuda.so.1.1,1,0.333333333
633,1016506,paddle::framework::OperatorBase::Info@plt,/opt/apollo/neo/packages/3rd-paddleinference/9.0.0-rc1-r1/lib/libpaddle_inference.so,1,0.333333333
634,1016506,[unknown],/usr/lib/aarch64-linux-gnu/tegra/libcuda.so.1.1,1,0.500000000
634,1016506,cudnn::backend::OperationSet::~OperationSet,/usr/lib/aarch64-linux-gnu/libcudnn_cnn_infer.so.8.6.0,1,0.500000000
635,1016506,cudnn::backend::ExecutionPlan::~ExecutionPlan,/usr/lib/aarch64-linux-gnu/libcudnn_cnn_infer.so.8.6.0,1,0.333333333
635,1016506,cudnn::cnn::AutoTransformationExecutor::isAllowedDtypeConversion,/usr/lib/aarch64-linux-gnu/libcudnn_cnn_infer.so.8.6.0,1,0.333333333
635,1016506,phi::funcs::GetDecreasedDims<long>,/opt/apollo/neo/packages/3rd-paddleinference/9.0.0-rc1-r1/lib/libpaddle_inference.so,1,0.333333333
636,1016506,cudnnSetConvolutionMathType,/usr/lib/aarch64-linux-gnu/libcudnn.so.8.6.0,1,0.250000000
636,1016506,paddle::framework::ExtractAttribute<bool>::operator(),/opt/apollo/neo/packages/3rd-paddleinference/9.0.0-rc1-r1/lib/libpaddle_inference.so,1,0.250000000
636,1016506,paddle::platform::VisitPlace<paddle::memory::legacy::AllocVisitor>,/opt/apollo/neo/packages/3rd-paddleinference/9.0.0-rc1-r1/lib/libpaddle_inference.so,1,0.250000000
636,1016506,"phi::Pad3dKernel<float, phi::GPUContext>",/opt/apollo/neo/packages/3rd-paddleinference/9.0.0-rc1-r1/lib/libpaddle_inference.so,1,0.250000000
637,1016506,[unknown],/usr/local/cuda-11.4/targets/aarch64-linux/lib/libcudart.so.11.4.298,1,0.333333333
637,1016506,paddle::framework::Scope::FindVar,/opt/apollo/neo/packages/3rd-paddleinference/9.0.0-rc1-r1/lib/libpaddle_inference.so,1,0.333333333
637,1016506,"paddle::small_vector_impl<paddle::variant<paddle::framework::VarDesc*, paddle::framework::Variable*> >::operator=@plt",/opt/apollo/neo/packages/3rd-paddleinference/9.0.0-rc1-r1/lib/libpaddle_inference.so,1,0.333333333
638,1016504,[unknown],/usr/lib/aarch64-linux-gnu/tegra/libcuda.so.1.1,1,0.333333333
638,1016504,[unknown],/usr/local/cuda-11.4/targets/aarch64-linux/lib/libcublasLt.so.11.6.6.84,1,0.333333333
638,1016504,cudnn::backend::Tensor::Tensor,/usr/lib/aarch64-linux-gnu/libcudnn_cnn_infer.so.8.6.0,1,0.333333333
639,1016504,[unknown],/usr/lib/aarch64-linux-gnu/tegra/libcuda.so.1.1,1,0.500000000
639,1016504,paddle::framework::OperatorWithKernel::BuildPhiKernelContext,/opt/apollo/neo/packages/3rd-paddleinference/9.0.0-rc1-r1/lib/libpaddle_inference.so,1,0.500000000
641,1016504,NvRmGpuChannelKickoffPbWithAttr@plt,/usr/lib/aarch64-linux-gnu/tegra/libnvcucompat.so,1,0.333333333
641,1016504,"cask_cudnn::ft::subTree<cask_cudnn::cutkr::ft_cutlass_level, cask_cudnn::Convolution, cask_cudnn::ConvShader, cask_cudnn::ShaderList<cask_cudnn::ConvShader, cask_cudnn::Convolution> >::isFullyExplored",/usr/lib/aarch64-linux-gnu/libcudnn_cnn_infer.so.8.6.0,1,0.333333333
641,1016504,std::_Rb_tree_increment,/usr/lib/aarch64-linux-gnu/libstdc++.so.6.0.28,1,0.333333333
642,1016504,[unknown],/usr/lib/aarch64-linux-gnu/tegra/libcuda.so.1.1,1,0.250000000
642,1016504,[unknown],/usr/local/cuda-11.4/targets/aarch64-linux/lib/libcudart.so.11.4.298,1,0.250000000
642,1016504,paddle::framework::OperatorWithKernel::RunImpl,/opt/apollo/neo/packages/3rd-paddleinference/9.0.0-rc1-r1/lib/libpaddle_inference.so,1,0.250000000
642,1016504,paddle::framework::RuntimeInferShapeContext::SetOutputDim,/opt/apollo/neo/packages/3rd-paddleinference/9.0.0-rc1-r1/lib/libpaddle_inference.so,1,0.250000000
643,1016507,paddle::experimental::ParseDataType@plt,/opt/apollo/neo/packages/3rd-paddleinference/9.0.0-rc1-r1/lib/libpaddle_inference.so,1,0.333333333
643,1016507,paddle::operators::BatchNormGradOp::GetKernelTypeForVar,/opt/apollo/neo/packages/3rd-paddleinference/9.0.0-rc1-r1/lib/libpaddle_inference.so,1,0.333333333
643,1016507,phi::DenseTensor::place,/opt/apollo/neo/packages/3rd-paddleinference/9.0.0-rc1-r1/lib/libpaddle_inference.so,1,0.333333333
644,1016507,host1x_readl,[kernel.kallsyms],1,0.333333333
644,1016507,"std::_Hashtable<std::__cxx11::basic_string<char, std::char_traits<char>, std::allocator<char> >, std::pair<std::__cxx11::basic_string<char, std::char_traits<char>, std::allocator<char> > const, paddle::variant<paddle::blank, int, float, std::__cxx11::basic_string<char, std::char_traits<char>, std::allocator<char> >, std::vector<int, std::allocator<int> >, std::vector<float, std::allocator<float> >, std::vector<std::__cxx11::basic_string<char, std::char_traits<char>, std::allocator<char> >, std::allocator<std::__cxx11::basic_string<char, std::char_traits<char>, std::allocator<char> > > >, bool, std::vector<bool, std::allocator<bool> >, paddle::framework::BlockDesc*, long, std::vector<paddle::framework::BlockDesc*, std::allocator<paddle::framework::BlockDesc*> >, std::vector<long, std::allocator<long> >, std::vector<double, std::allocator<double> >, paddle::framework::VarDesc*, std::vector<paddle::framework::VarDesc*, std::allocator<paddle::framework::VarDesc*> >, double> >, std::allocator<std::pair<std::__cxx11::basic_string<char, std::char_traits<char>, std::allocator<char> > const, paddle::variant<paddle::blank, int, float, std::__cxx11::basic_string<char, std::char_traits<char>, std::allocator<char> >, std::vector<int, std::allocator<int> >, std::vector<float, std::allocator<float> >, std::vector<std::__cxx11::basic_string<char, std::char_traits<char>, std::allocator<char> >, std::allocator<std::__cxx11::basic_string<char, std::char_traits<char>, std::allocator<char> > > >, bool, std::vector<bool, std::allocator<bool> >, paddle::framework::BlockDesc*, long, std::vector<paddle::framework::BlockDesc*, std::allocator<paddle::framework::BlockDesc*> >, std::vector<long, std::allocator<long> >, std::vector<double, std::allocator<double> >, paddle::framework::VarDesc*, std::vector<paddle::framework::VarDesc*, std::allocator<paddle::framework::VarDesc*> >, double> > >, std::__detail::_Select1st, std::equal_to<std::__cxx11::basic_string<char, std::char_traits<char>, std::allocator<char> > >, std::hash<std::__cxx11::basic_string<char, std::char_traits<char>, std::allocator<char> > >, std::__detail::_Mod_range_hashing, std::__detail::_Default_ranged_hash, std::__detail::_Prime_rehash_policy, std::__detail::_Hashtable_traits<true, false, true> >::count",/opt/apollo/neo/packages/3rd-paddleinference/9.0.0-rc1-r1/lib/libpaddle_inference.so,1,0.333333333
644,1016507,tc_cfree,inlined,1,0.333333333
645,1016507,[unknown],/usr/lib/aarch64-linux-gnu/tegra/libnvrm_gpu.so,1,0.333333333
645,1016507,cudnn::winograd::winograd_transform_filter,/usr/lib/aarch64-linux-gnu/libcudnn_cnn_infer.so.8.6.0,1,0.333333333
645,1016507,paddle::framework::Variable::GetMutable<phi::DenseTensor>,/opt/apollo/neo/packages/3rd-paddleinference/9.0.0-rc1-r1/lib/libpaddle_inference.so,1,0.333333333
646,1016507,[unknown],/usr/lib/aarch64-linux-gnu/libc-2.31.so,1,0.333333333
646,1016507,[unknown],/usr/lib/aarch64-linux-gnu/libcudnn_ops_infer.so.8.6.0,1,0.333333333
646,1016507,[unknown],/usr/lib/aarch64-linux-gnu/tegra/libcuda.so.1.1,1,0.333333333
647,1016510,[unknown],/usr/lib/aarch64-linux-gnu/libc-2.31.so,1,0.333333333
647,1016510,[unknown],/usr/lib/aarch64-linux-gnu/tegra/libcuda.so.1.1,1,0.333333333
647,1016510,paddle::framework::RuntimeInferShapeContext::SetOutputDim,/opt/apollo/neo/packages/3rd-paddleinference/9.0.0-rc1-r1/lib/libpaddle_inference.so,1,0.333333333
648,1016510,[unknown],/usr/lib/aarch64-linux-gnu/tegra/libcuda.so.1.1,1,0.333333333
648,1016510,paddle::experimental::SetKernelOutput,/opt/apollo/neo/packages/3rd-paddleinference/9.0.0-rc1-r1/lib/libpaddle_inference.so,1,0.333333333
648,1016510,"std::vector<long, std::allocator<long> >::_M_realloc_insert<long>",/opt/apollo/neo/packages/3rd-paddleinference/9.0.0-rc1-r1/lib/libpaddle_inference.so,1,0.333333333
649,1016510,[unknown],/usr/lib/aarch64-linux-gnu/libc-2.31.so,1,0.250000000
649,1016510,[unknown],/usr/lib/aarch64-linux-gnu/libcudnn_cnn_infer.so.8.6.0,1,0.250000000
649,1016510,phi::DDim::CopyFrom,/opt/apollo/neo/packages/3rd-paddleinference/9.0.0-rc1-r1/lib/libpaddle_inference.so,1,0.250000000
649,1016510,"std::_Hashtable<std::__cxx11::basic_string<char, std::char_traits<char>, std::allocator<char> >, std::pair<std::__cxx11::basic_string<char, std::char_traits<char>, std::allocator<char> > const, paddle::variant<paddle::blank, int, float, std::__cxx11::basic_string<char, std::char_traits<char>, std::allocator<char> >, std::vector<int, std::allocator<int> >, std::vector<float, std::allocator<float> >, std::vector<std::__cxx11::basic_string<char, std::char_traits<char>, std::allocator<char> >, std::allocator<std::__cxx11::basic_string<char, std::char_traits<char>, std::allocator<char> > > >, bool, std::vector<bool, std::allocator<bool> >, paddle::framework::BlockDesc*, long, std::vector<paddle::framework::BlockDesc*, std::allocator<paddle::framework::BlockDesc*> >, std::vector<long, std::allocator<long> >, std::vector<double, std::allocator<double> >, paddle::framework::VarDesc*, std::vector<paddle::framework::VarDesc*, std::allocator<paddle::framework::VarDesc*> >, double> >, std::allocator<std::pair<std::__cxx11::basic_string<char, std::char_traits<char>, std::allocator<char> > const, paddle::variant<paddle::blank, int, float, std::__cxx11::basic_string<char, std::char_traits<char>, std::allocator<char> >, std::vector<int, std::allocator<int> >, std::vector<float, std::allocator<float> >, std::vector<std::__cxx11::basic_string<char, std::char_traits<char>, std::allocator<char> >, std::allocator<std::__cxx11::basic_string<char, std::char_traits<char>, std::allocator<char> > > >, bool, std::vector<bool, std::allocator<bool> >, paddle::framework::BlockDesc*, long, std::vector<paddle::framework::BlockDesc*, std::allocator<paddle::framework::BlockDesc*> >, std::vector<long, std::allocator<long> >, std::vector<double, std::allocator<double> >, paddle::framework::VarDesc*, std::vector<paddle::framework::VarDesc*, std::allocator<paddle::framework::VarDesc*> >, double> > >, std::__detail::_Select1st, std::equal_to<std::__cxx11::basic_string<char, std::char_traits<char>, std::allocator<char> > >, std::hash<std::__cxx11::basic_string<char, std::char_traits<char>, std::allocator<char> > >, std::__detail::_Mod_range_hashing, std::__detail::_Default_ranged_hash, std::__detail::_Prime_rehash_policy, std::__detail::_Hashtable_traits<true, false, true> >::count",/opt/apollo/neo/packages/3rd-paddleinference/9.0.0-rc1-r1/lib/libpaddle_inference.so,1,0.250000000
650,1016510,__GI___pthread_mutex_lock,inlined,1,0.333333333
650,1016510,paddle::framework::OperatorWithKernel::BuildPhiKernelContext,/opt/apollo/neo/packages/3rd-paddleinference/9.0.0-rc1-r1/lib/libpaddle_inference.so,1,0.333333333
650,1016510,tcmalloc::SLL_TryPop,inlined,1,0.333333333
651,1016501,[unknown],/usr/lib/aarch64-linux-gnu/tegra/libcuda.so.1.1,1,0.333333333
651,1016501,phi::DenseTensor::initialized,/opt/apollo/neo/packages/3rd-paddleinference/9.0.0-rc1-r1/lib/libpaddle_inference.so,1,0.333333333
651,1016501,"phi::KernelImpl<void (*)(phi::GPUContext const&, phi::DenseTensor const&, phi::DenseTensor const&, std::vector<int, std::allocator<int> > const&, std::vector<int, std::allocator<int> > const&, std::__cxx11::basic_string<char, std::char_traits<char>, std::allocator<char> > const&, int, std::vector<int, std::allocator<int> > const&, std::__cxx11::basic_string<char, std::char_traits<char>, std::allocator<char> > const&, bool, int, bool, phi::DenseTensor*), &(void phi::ConvCudnnKernel<float, phi::GPUContext>(phi::GPUContext const&, phi::DenseTensor const&, phi::DenseTensor const&, std::vector<int, std::allocator<int> > const&, std::vector<int, std::allocator<int> > const&, std::__cxx11::basic_string<char, std::char_traits<char>, std::allocator<char> > const&, int, std::vector<int, std::allocator<int> > const&, std::__cxx11::basic_string<char, std::char_traits<char>, std::allocator<char> > const&, bool, int, bool, phi::DenseTensor*))>::Compute",/opt/apollo/neo/packages/3rd-paddleinference/9.0.0-rc1-r1/lib/libpaddle_inference.so,1,0.333333333
652,1016508,PackedCache<35>::TryGet,inlined,1,0.250000000
652,1016508,[unknown],/usr/lib/aarch64-linux-gnu/libc-2.31.so,1,0.250000000
652,1016508,paddle::platform::RecordEvent::End@plt,/opt/apollo/neo/packages/3rd-paddleinference/9.0.0-rc1-r1/lib/libpaddle_inference.so,1,0.250000000
652,1016508,"std::_Hashtable<std::__cxx11::basic_string<char, std::char_traits<char>, std::allocator<char> >, std::pair<std::__cxx11::basic_string<char, std::char_traits<char>, std::allocator<char> > const, std::unique_ptr<paddle::framework::Variable, std::default_delete<paddle::framework::Variable> > >, std::allocator<std::pair<std::__cxx11::basic_string<char, std::char_traits<char>, std::allocator<char> > const, std::unique_ptr<paddle::framework::Variable, std::default_delete<paddle::framework::Variable> > > >, std::__detail::_Select1st, std::equal_to<std::__cxx11::basic_string<char, std::char_traits<char>, std::allocator<char> > >, paddle::framework::Scope::KeyHasher, std::__detail::_Mod_range_hashing, std::__detail::_Default_ranged_hash, std::__detail::_Prime_rehash_policy, std::__detail::_Hashtable_traits<true, false, true> >::find",/opt/apollo/neo/packages/3rd-paddleinference/9.0.0-rc1-r1/lib/libpaddle_inference.so,1,0.250000000
653,1016512,[unknown],/usr/lib/aarch64-linux-gnu/tegra/libcuda.so.1.1,1,0.500000000
653,1016512,"paddle::platform::details::SafeBoostGetConst<std::vector<int, std::allocator<int> >, paddle::variant<paddle::blank, int, float, std::__cxx11::basic_string<char, std::char_traits<char>, std::allocator<char> >, std::vector<int, std::allocator<int> >, std::vector<float, std::allocator<float> >, std::vector<std::__cxx11::basic_string<char, std::char_traits<char>, std::allocator<char> >, std::allocator<std::__cxx11::basic_string<char, std::char_traits<char>, std::allocator<char> > > >, bool, std::vector<bool, std::allocator<bool> >, paddle::framework::BlockDesc*, long, std::vector<paddle::framework::BlockDesc*, std::allocator<paddle::framework::BlockDesc*> >, std::vector<long, std::allocator<long> >, std::vector<double, std::allocator<double> >, paddle::framework::VarDesc*, std::vector<paddle::framework::VarDesc*, std::allocator<paddle::framework::VarDesc*> >, double> >@plt",/opt/apollo/neo/packages/3rd-paddleinference/9.0.0-rc1-r1/lib/libpaddle_inference.so,1,0.500000000
654,1016506,"cub::DeviceRadixSortSingleTileKernel<cub::DeviceRadixSortPolicy<float, long, int>::Policy800, false, float, long, int>",/opt/apollo/neo/packages/3rd-paddleinference/9.0.0-rc1-r1/lib/libpaddle_inference.so,1,0.250000000
654,1016506,memcmp,/usr/lib/aarch64-linux-gnu/libc-2.31.so,1,0.250000000
654,1016506,paddle_infer::Tensor::CopyToCpuImpl<float>,/opt/apollo/neo/packages/3rd-paddleinference/9.0.0-rc1-r1/lib/libpaddle_inference.so,1,0.250000000
654,1016506,"phi::funcs::LaunchElementwiseCudaKernel<float, phi::funcs::CudaReluFunctor<float>, 1, 1, 4>",/opt/apollo/neo/packages/3rd-paddleinference/9.0.0-rc1-r1/lib/libpaddle_inference.so,1,0.250000000
655,1016505,[unknown],/usr/lib/aarch64-linux-gnu/tegra/libcuda.so.1.1,1,0.333333333
655,1016505,cask_cudnn::ft::initializeConvSearch,/usr/lib/aarch64-linux-gnu/libcudnn_cnn_infer.so.8.6.0,1,0.333333333
655,1016505,"std::vector<paddle::experimental::Tensor, std::allocator<paddle::experimental::Tensor> >::_M_realloc_insert<paddle::experimental::Tensor&>",/opt/apollo/neo/packages/3rd-paddleinference/9.0.0-rc1-r1/lib/libpaddle_inference.so,1,0.333333333
656,1016500,[unknown],/usr/lib/aarch64-linux-gnu/tegra/libcuda.so.1.1,2,0.666666667
656,1016500,paddle::memory::allocation::RetryAllocator::AllocateImpl,/opt/apollo/neo/packages/3rd-paddleinference/9.0.0-rc1-r1/lib/libpaddle_inference.so,1,0.333333333
657,1016506,[unknown],/usr/local/cuda-11.4/targets/aarch64-linux/lib/libcudart.so.11.4.298,1,0.250000000
657,1016506,cudnn::cnn::infer::filterBySharedMemory<cask_cudnn::Convolution>,/usr/lib/aarch64-linux-gnu/libcudnn_cnn_infer.so.8.6.0,1,0.250000000
657,1016506,goto_set_num_threads,/opt/apollo/neo/packages/3rd-paddleinference/9.0.0-rc1-r1/lib/libpaddle_inference.so,1,0.250000000
657,1016506,phi::DenseTensor::ShareDataWith,/opt/apollo/neo/packages/3rd-paddleinference/9.0.0-rc1-r1/lib/libpaddle_inference.so,1,0.250000000
658,1016506,[unknown],/usr/lib/aarch64-linux-gnu/tegra/libcuda.so.1.1,1,0.333333333
658,1016506,[unknown],/usr/lib/aarch64-linux-gnu/tegra/libnvrm_gpu.so,1,0.333333333
658,1016506,phi::dynload::EnforceCUDNNLoaded,/opt/apollo/neo/packages/3rd-paddleinference/9.0.0-rc1-r1/lib/libpaddle_inference.so,1,0.333333333
659,1016506,[unknown],/usr/local/cuda-11.4/targets/aarch64-linux/lib/libcudart.so.11.4.298,1,0.333333333
659,1016506,__GI___pthread_once,inlined,1,0.333333333
659,1016506,cask_cudnn::ft::naryNode<cask_cudnn::sasskr::ft_sass_level>::isEmpty,/usr/lib/aarch64-linux-gnu/libcudnn_cnn_infer.so.8.6.0,1,0.333333333
