frame,infer_enter_monotonic_ns,infer_exit_monotonic_ns,infer_ms,logged_tid,logged_tid_namespace,host_tid,tid_mapping_evidence
601,75652799078449,75652881441738,82.363289,1016510,container_tid=host_tid (single-level NSpid identity),1016510,validated: before/after /proc task status Pid=NSpid=1016510 and Host ps LWP=1016510
602,75652896450371,75652977697069,81.246698,1016511,container_tid=host_tid (single-level NSpid identity),1016511,validated: before/after /proc task status Pid=NSpid=1016511 and Host ps LWP=1016511
603,75652997595683,75653079688280,82.092597,1016505,container_tid=host_tid (single-level NSpid identity),1016505,validated: before/after /proc task status Pid=NSpid=1016505 and Host ps LWP=1016505
604,75653094604656,75653177592016,82.987360,1016508,container_tid=host_tid (single-level NSpid identity),1016508,validated: before/after /proc task status Pid=NSpid=1016508 and Host ps LWP=1016508
605,75653189400226,75653272089022,82.688796,1016508,container_tid=host_tid (single-level NSpid identity),1016508,validated: before/after /proc task status Pid=NSpid=1016508 and Host ps LWP=1016508
606,75653293167586,75653376411589,83.244003,1016503,container_tid=host_tid (single-level NSpid identity),1016503,validated: before/after /proc task status Pid=NSpid=1016503 and Host ps LWP=1016503
607,75653398259891,75653480825998,82.566107,1016500,container_tid=host_tid (single-level NSpid identity),1016500,validated: before/after /proc task status Pid=NSpid=1016500 and Host ps LWP=1016500
608,75653491931639,75653575337276,83.405637,1016500,container_tid=host_tid (single-level NSpid identity),1016500,validated: before/after /proc task status Pid=NSpid=1016500 and Host ps LWP=1016500
609,75653593852929,75653678479765,84.626836,1016510,container_tid=host_tid (single-level NSpid identity),1016510,validated: before/after /proc task status Pid=NSpid=1016510 and Host ps LWP=1016510
610,75653691193106,75653777824415,86.631309,1016502,container_tid=host_tid (single-level NSpid identity),1016502,validated: before/after /proc task status Pid=NSpid=1016502 and Host ps LWP=1016502
611,75653794516237,75654070782206,276.265969,1016506,container_tid=host_tid (single-level NSpid identity),1016506,validated: before/after /proc task status Pid=NSpid=1016506 and Host ps LWP=1016506
612,,,,,unavailable,,unavailable: no unique CP_INFER ENTER/EXIT pair mapped to this source frame
613,75654080631159,75654356591045,275.959886,1016506,container_tid=host_tid (single-level NSpid identity),1016506,validated: before/after /proc task status Pid=NSpid=1016506 and Host ps LWP=1016506
614,,,,,unavailable,,unavailable: no unique CP_INFER ENTER/EXIT pair mapped to this source frame
615,,,,,unavailable,,unavailable: no unique CP_INFER ENTER/EXIT pair mapped to this source frame
616,75654365951416,75654670786986,304.835570,1016506,container_tid=host_tid (single-level NSpid identity),1016506,validated: before/after /proc task status Pid=NSpid=1016506 and Host ps LWP=1016506
617,,,,,unavailable,,unavailable: no unique CP_INFER ENTER/EXIT pair mapped to this source frame
618,,,,,unavailable,,unavailable: no unique CP_INFER ENTER/EXIT pair mapped to this source frame
619,75654683014209,75655009527614,326.513405,1016506,container_tid=host_tid (single-level NSpid identity),1016506,validated: before/after /proc task status Pid=NSpid=1016506 and Host ps LWP=1016506
620,,,,,unavailable,,unavailable: no unique CP_INFER ENTER/EXIT pair mapped to this source frame
621,,,,,unavailable,,unavailable: no unique CP_INFER ENTER/EXIT pair mapped to this source frame
622,,,,,unavailable,,unavailable: no unique CP_INFER ENTER/EXIT pair mapped to this source frame
623,75655018562573,75655336493536,317.930963,1016506,container_tid=host_tid (single-level NSpid identity),1016506,validated: before/after /proc task status Pid=NSpid=1016506 and Host ps LWP=1016506
624,,,,,unavailable,,unavailable: no unique CP_INFER ENTER/EXIT pair mapped to this source frame
625,,,,,unavailable,,unavailable: no unique CP_INFER ENTER/EXIT pair mapped to this source frame
626,75655346466779,75655441164716,94.697937,1016506,container_tid=host_tid (single-level NSpid identity),1016506,validated: before/after /proc task status Pid=NSpid=1016506 and Host ps LWP=1016506
627,75655450650561,75655550781653,100.131092,1016506,container_tid=host_tid (single-level NSpid identity),1016506,validated: before/after /proc task status Pid=NSpid=1016506 and Host ps LWP=1016506
628,75655560287754,75655658800841,98.513087,1016506,container_tid=host_tid (single-level NSpid identity),1016506,validated: before/after /proc task status Pid=NSpid=1016506 and Host ps LWP=1016506
629,75655668829477,75655769164571,100.335094,1016506,container_tid=host_tid (single-level NSpid identity),1016506,validated: before/after /proc task status Pid=NSpid=1016506 and Host ps LWP=1016506
630,75655779436410,75655870421917,90.985507,1016506,container_tid=host_tid (single-level NSpid identity),1016506,validated: before/after /proc task status Pid=NSpid=1016506 and Host ps LWP=1016506
631,75655881437861,75655975520014,94.082153,1016506,container_tid=host_tid (single-level NSpid identity),1016506,validated: before/after /proc task status Pid=NSpid=1016506 and Host ps LWP=1016506
632,75655985292166,75656076408875,91.116709,1016506,container_tid=host_tid (single-level NSpid identity),1016506,validated: before/after /proc task status Pid=NSpid=1016506 and Host ps LWP=1016506
633,75656085534107,75656174577126,89.043019,1016506,container_tid=host_tid (single-level NSpid identity),1016506,validated: before/after /proc task status Pid=NSpid=1016506 and Host ps LWP=1016506
634,75656183602709,75656275636549,92.033840,1016506,container_tid=host_tid (single-level NSpid identity),1016506,validated: before/after /proc task status Pid=NSpid=1016506 and Host ps LWP=1016506
635,75656284960280,75656377510126,92.549846,1016506,container_tid=host_tid (single-level NSpid identity),1016506,validated: before/after /proc task status Pid=NSpid=1016506 and Host ps LWP=1016506
636,75656387752781,75656476996570,89.243789,1016506,container_tid=host_tid (single-level NSpid identity),1016506,validated: before/after /proc task status Pid=NSpid=1016506 and Host ps LWP=1016506
637,75656486162699,75656576530758,90.368059,1016506,container_tid=host_tid (single-level NSpid identity),1016506,validated: before/after /proc task status Pid=NSpid=1016506 and Host ps LWP=1016506
638,75656599227934,75656694198738,94.970804,1016504,container_tid=host_tid (single-level NSpid identity),1016504,validated: before/after /proc task status Pid=NSpid=1016504 and Host ps LWP=1016504
639,75656707833018,75656798268662,90.435644,1016504,container_tid=host_tid (single-level NSpid identity),1016504,validated: before/after /proc task status Pid=NSpid=1016504 and Host ps LWP=1016504
640,,,,,unavailable,,unavailable: no unique CP_INFER ENTER/EXIT pair mapped to this source frame
641,75656813300112,75656899978109,86.677997,1016504,container_tid=host_tid (single-level NSpid identity),1016504,validated: before/after /proc task status Pid=NSpid=1016504 and Host ps LWP=1016504
642,75656912244405,75656999900878,87.656473,1016504,container_tid=host_tid (single-level NSpid identity),1016504,validated: before/after /proc task status Pid=NSpid=1016504 and Host ps LWP=1016504
643,75657015055273,75657101758231,86.702958,1016507,container_tid=host_tid (single-level NSpid identity),1016507,validated: before/after /proc task status Pid=NSpid=1016507 and Host ps LWP=1016507
644,75657113734891,75657199640527,85.905636,1016507,container_tid=host_tid (single-level NSpid identity),1016507,validated: before/after /proc task status Pid=NSpid=1016507 and Host ps LWP=1016507
645,75657212058984,75657298331889,86.272905,1016507,container_tid=host_tid (single-level NSpid identity),1016507,validated: before/after /proc task status Pid=NSpid=1016507 and Host ps LWP=1016507
646,75657308071753,75657393578184,85.506431,1016507,container_tid=host_tid (single-level NSpid identity),1016507,validated: before/after /proc task status Pid=NSpid=1016507 and Host ps LWP=1016507
647,75657405492251,75657491803588,86.311337,1016510,container_tid=host_tid (single-level NSpid identity),1016510,validated: before/after /proc task status Pid=NSpid=1016510 and Host ps LWP=1016510
648,75657501641822,75657587536930,85.895108,1016510,container_tid=host_tid (single-level NSpid identity),1016510,validated: before/after /proc task status Pid=NSpid=1016510 and Host ps LWP=1016510
649,75657598400232,75657686397574,87.997342,1016510,container_tid=host_tid (single-level NSpid identity),1016510,validated: before/after /proc task status Pid=NSpid=1016510 and Host ps LWP=1016510
650,75657696602627,75657782189124,85.586497,1016510,container_tid=host_tid (single-level NSpid identity),1016510,validated: before/after /proc task status Pid=NSpid=1016510 and Host ps LWP=1016510
651,75657794031894,75657880284542,86.252648,1016501,container_tid=host_tid (single-level NSpid identity),1016501,validated: before/after /proc task status Pid=NSpid=1016501 and Host ps LWP=1016501
652,75657897051405,75657981996389,84.944984,1016508,container_tid=host_tid (single-level NSpid identity),1016508,validated: before/after /proc task status Pid=NSpid=1016508 and Host ps LWP=1016508
653,75657997647174,75658082233850,84.586676,1016512,container_tid=host_tid (single-level NSpid identity),1016512,validated: before/after /proc task status Pid=NSpid=1016512 and Host ps LWP=1016512
654,75658097417909,75658184273989,86.856080,1016506,container_tid=host_tid (single-level NSpid identity),1016506,validated: before/after /proc task status Pid=NSpid=1016506 and Host ps LWP=1016506
655,75658199185693,75658284141238,84.955545,1016505,container_tid=host_tid (single-level NSpid identity),1016505,validated: before/after /proc task status Pid=NSpid=1016505 and Host ps LWP=1016505
656,75658298965004,75658390848122,91.883118,1016500,container_tid=host_tid (single-level NSpid identity),1016500,validated: before/after /proc task status Pid=NSpid=1016500 and Host ps LWP=1016500
657,75658410362411,75658495250627,84.888216,1016506,container_tid=host_tid (single-level NSpid identity),1016506,validated: before/after /proc task status Pid=NSpid=1016506 and Host ps LWP=1016506
658,75658505213438,75658590606811,85.393373,1016506,container_tid=host_tid (single-level NSpid identity),1016506,validated: before/after /proc task status Pid=NSpid=1016506 and Host ps LWP=1016506
659,75658600784953,75658685861811,85.076858,1016506,container_tid=host_tid (single-level NSpid identity),1016506,validated: before/after /proc task status Pid=NSpid=1016506 and Host ps LWP=1016506
